Jogador,Ano,Mes,Dia,Evento,C. Amarelo,C. Vermelho,Adversário,Competição,Time,PLACAR,Resultado
Neymar,2014,12,20,Apenas Participação,0,0,Córdoba,La Liga (Espanha),Barcelona,5-0,Vitória
Neymar,2014,12,10,Gol,0,0,PSG,Champions League,Barcelona,3-1,Vitória
Neymar,2014,12,7,Apenas Participação,0,0,Espanyol,La Liga (Espanha),Barcelona,5-1,Vitória
Neymar,2014,11,30,Apenas Participação,0,0,Valencia,La Liga (Espanha),Barcelona,0-1,Vitória
Neymar,2014,11,25,Apenas Participação,0,0,APOEL,Champions League,Barcelona,0-4,Vitória
Neymar,2014,11,22,Gol,0,0,Sevilla,La Liga (Espanha),Barcelona,5-1,Vitória
Neymar,2014,11,22,Assistência,0,0,Sevilla,La Liga (Espanha),Barcelona,5-1,Vitória
Neymar,2014,11,22,Assistência,0,0,Sevilla,La Liga (Espanha),Barcelona,5-1,Vitória
Neymar,2014,11,18,Apenas Participação,0,0,Áustria,Amistosos da Seleção,Brasil,1-2,Vitória
Neymar,2014,11,12,Gol,0,0,Turquia,Amistosos da Seleção,Brasil,0-4,Vitória
Neymar,2014,11,12,Gol,0,0,Turquia,Amistosos da Seleção,Brasil,0-4,Vitória
Neymar,2014,11,12,Assistência,0,0,Turquia,Amistosos da Seleção,Brasil,0-4,Vitória
Neymar,2014,11,8,Gol,0,0,Almería,La Liga (Espanha),Barcelona,1-2,Vitória
Neymar,2014,11,5,Apenas Participação,0,0,Ajax,Champions League,Barcelona,0-2,Vitória
Neymar,2014,11,1,Apenas Participação,0,0,Celta de Vigo,La Liga (Espanha),Barcelona,0-1,Derrota
Neymar,2014,10,25,Gol,1,0,Real Madrid,La Liga (Espanha),Barcelona,3-1,Derrota
Neymar,2014,10,25,Cartão Amarelo,1,0,Real Madrid,La Liga (Espanha),Barcelona,3-1,Derrota
Neymar,2014,10,21,Gol,0,0,Ajax,Champions League,Barcelona,3-1,Vitória
Neymar,2014,10,18,Gol,1,0,Eibar,La Liga (Espanha),Barcelona,3-0,Vitória
Neymar,2014,10,18,Assistência,1,0,Eibar,La Liga (Espanha),Barcelona,3-0,Vitória
Neymar,2014,10,18,Cartão Amarelo,1,0,Eibar,La Liga (Espanha),Barcelona,3-0,Vitória
Neymar,2014,10,14,Gol,0,0,Japão,Amistosos da Seleção,Brasil,0-4,Vitória
Neymar,2014,10,14,Gol,0,0,Japão,Amistosos da Seleção,Brasil,0-4,Vitória
Neymar,2014,10,14,Gol,0,0,Japão,Amistosos da Seleção,Brasil,0-4,Vitória
Neymar,2014,10,14,Gol,0,0,Japão,Amistosos da Seleção,Brasil,0-4,Vitória
Neymar,2014,10,11,Apenas Participação,0,0,Argentina,Amistosos da Seleção,Brasil,2-0,Vitória
Neymar,2014,10,4,Gol,0,0,Rayo Vallecano,La Liga (Espanha),Barcelona,0-2,Vitória
Neymar,2014,9,30,Gol,0,0,PSG,Champions League,Barcelona,3-2,Derrota
Neymar,2014,9,27,Gol,0,0,Granada,La Liga (Espanha),Barcelona,6-0,Vitória
Neymar,2014,9,27,Gol,0,0,Granada,La Liga (Espanha),Barcelona,6-0,Vitória
Neymar,2014,9,27,Gol,0,0,Granada,La Liga (Espanha),Barcelona,6-0,Vitória
Neymar,2014,9,24,Apenas Participação,0,0,Málaga,La Liga (Espanha),Barcelona,0-0,Empate
Neymar,2014,9,21,Gol,0,0,Levante,La Liga (Espanha),Barcelona,0-5,Vitória
Neymar,2014,9,17,Apenas Participação,0,0,APOEL,Champions League,Barcelona,1-0,Vitória
Neymar,2014,9,13,Gol,0,0,Athletic Bilbao,La Liga (Espanha),Barcelona,2-0,Vitória
Neymar,2014,9,13,Gol,0,0,Athletic Bilbao,La Liga (Espanha),Barcelona,2-0,Vitória
Neymar,2014,9,9,Assistência,0,0,Equador,Amistosos da Seleção,Brasil,1-0,Vitória
Neymar,2014,9,5,Gol,0,0,Colômbia,Amistosos da Seleção,Brasil,1-0,Vitória
Neymar,2014,8,31,Apenas Participação,0,0,Villarreal,La Liga (Espanha),Barcelona,0-1,Vitória
Neymar,2014,7,4,Assistência,0,0,Colômbia,Copa do Mundo,Brasil,2-1,Derrota
Neymar,2014,6,28,Apenas Participação,0,0,Chile,Copa do Mundo,Brasil,1-1(3-2)g.p.,
Neymar,2014,6,23,Gol,0,0,Camarões,Copa do Mundo,Brasil,1-4,Vitória
Neymar,2014,6,23,Gol,0,0,Camarões,Copa do Mundo,Brasil,1-4,Vitória
Neymar,2014,6,17,Apenas Participação,0,0,México,Copa do Mundo,Brasil,0-0,Empate
Neymar,2014,6,12,Gol,1,0,Croácia,Copa do Mundo,Brasil,3-1,Derrota
Neymar,2014,6,12,Gol,1,0,Croácia,Copa do Mundo,Brasil,3-1,Derrota
Neymar,2014,6,12,Cartão Amarelo,1,0,Croácia,Copa do Mundo,Brasil,3-1,Derrota
Neymar,2014,6,6,Apenas Participação,0,0,Sérvia,Amistosos da Seleção,Brasil,1-0,Vitória
Neymar,2014,6,3,Gol,1,0,Panamá,Amistosos da Seleção,Brasil,4-0,Vitória
Neymar,2014,6,3,Assistência,1,0,Panamá,Amistosos da Seleção,Brasil,4-0,Vitória
Neymar,2014,6,3,Cartão Amarelo,1,0,Panamá,Amistosos da Seleção,Brasil,4-0,Vitória
Neymar,2014,5,17,Apenas Participação,0,0,Atlético de Madrid,La Liga (Espanha),Barcelona,1-1,Empate
Neymar,2014,4,16,Cartão Amarelo,1,0,Real Madrid,Copa do Rei (Espanha),Barcelona,2-1,Derrota
Neymar,2014,4,12,Cartão Amarelo,1,0,Granada,La Liga (Espanha),Barcelona,1-0,Derrota
Neymar,2014,4,9,Apenas Participação,0,0,Atlético de Madrid,Champions League,Barcelona,1-0,Derrota
Neymar,2014,4,5,Apenas Participação,0,0,Real Betis,La Liga (Espanha),Barcelona,3-1,Vitória
Neymar,2014,4,1,Gol,0,0,Atlético de Madrid,Champions League,Barcelona,1-1,Empate
Neymar,2014,3,29,Apenas Participação,0,0,Espanyol,La Liga (Espanha),Barcelona,0-1,Vitória
Neymar,2014,3,26,Gol,0,0,Celta de Vigo,La Liga (Espanha),Barcelona,3-0,Vitória
Neymar,2014,3,26,Gol,0,0,Celta de Vigo,La Liga (Espanha),Barcelona,3-0,Vitória
Neymar,2014,3,23,Assistência,0,0,Real Madrid,La Liga (Espanha),Barcelona,3-4,Vitória
Neymar,2014,3,16,Apenas Participação,0,0,Osasuna,La Liga (Espanha),Barcelona,7-0,Vitória
Neymar,2014,3,12,Apenas Participação,0,0,Manchester City,Champions League,Barcelona,2-1,Vitória
Neymar,2014,3,8,Apenas Participação,0,0,Valladolid,La Liga (Espanha),Barcelona,1-0,Derrota
Neymar,2014,3,5,Gol,0,0,África do Sul,Amistosos da Seleção,Brasil,0-5,Vitória
Neymar,2014,3,5,Gol,0,0,África do Sul,Amistosos da Seleção,Brasil,0-5,Vitória
Neymar,2014,3,5,Gol,0,0,África do Sul,Amistosos da Seleção,Brasil,0-5,Vitória
Neymar,2014,3,2,Apenas Participação,0,0,Almería,La Liga (Espanha),Barcelona,4-1,Vitória
Neymar,2014,2,22,Apenas Participação,0,0,Real Sociedad,La Liga (Espanha),Barcelona,3-1,Derrota
Neymar,2014,2,18,Assistência,0,0,Manchester City,Champions League,Barcelona,0-2,Vitória
Neymar,2014,2,15,Gol,0,0,Rayo Vallecano,La Liga (Espanha),Barcelona,6-0,Vitória
Neymar,2014,1,16,Apenas Participação,0,0,Getafe,Copa do Rei (Espanha),Barcelona,0-2,Vitória
Neymar,2014,1,11,Apenas Participação,0,0,Atlético de Madrid,La Liga (Espanha),Barcelona,0-0,Empate
Neymar,2014,1,5,Apenas Participação,0,0,Elche,La Liga (Espanha),Barcelona,4-0,Vitória
Neymar,2015,12,30,Assistência,0,0,Real Betis,La Liga (Espanha),Barcelona,4-0,Vitória
Neymar,2015,12,30,Assistência,0,0,Real Betis,La Liga (Espanha),Barcelona,4-0,Vitória
Neymar,2015,12,20,Assistência,1,0,River Plate,Mundial de Clubes,Barcelona,0-3,Vitória
Neymar,2015,12,20,Assistência,1,0,River Plate,Mundial de Clubes,Barcelona,0-3,Vitória
Neymar,2015,12,20,Cartão Amarelo,1,0,River Plate,Mundial de Clubes,Barcelona,0-3,Vitória
Neymar,2015,12,17,Apenas Participação,0,0,Guangzhou FC,Mundial de Clubes,Barcelona,3-0,Derrota
Neymar,2015,12,5,Apenas Participação,0,0,Valencia,La Liga (Espanha),Barcelona,1-1,Empate
Neymar,2015,12,2,Apenas Participação,0,0,CF Villanovense,Copa do Rei (Espanha),Barcelona,6-1,Vitória
Neymar,2015,11,28,Gol,0,0,Real Sociedad,La Liga (Espanha),Barcelona,4-0,Vitória
Neymar,2015,11,28,Gol,0,0,Real Sociedad,La Liga (Espanha),Barcelona,4-0,Vitória
Neymar,2015,11,28,Assistência,0,0,Real Sociedad,La Liga (Espanha),Barcelona,4-0,Vitória
Neymar,2015,11,24,Apenas Participação,0,0,Roma,Champions League,Barcelona,6-1,Vitória
Neymar,2015,11,21,Gol,0,0,Real Madrid,La Liga (Espanha),Barcelona,0-4,Vitória
Neymar,2015,11,21,Assistência,0,0,Real Madrid,La Liga (Espanha),Barcelona,0-4,Vitória
Neymar,2015,11,21,Assistência,0,0,Real Madrid,La Liga (Espanha),Barcelona,0-4,Vitória
Neymar,2015,11,17,Cartão Amarelo,1,0,Peru,Eliminatórias da Copa do Mundo,Brasil,3-0,Vitória
Neymar,2015,11,13,Apenas Participação,0,0,Argentina,Eliminatórias da Copa do Mundo,Brasil,1-1,Empate
Neymar,2015,11,8,Gol,1,0,Villarreal,La Liga (Espanha),Barcelona,3-0,Vitória
Neymar,2015,11,8,Gol,1,0,Villarreal,La Liga (Espanha),Barcelona,3-0,Vitória
Neymar,2015,11,8,Cartão Amarelo,1,0,Villarreal,La Liga (Espanha),Barcelona,3-0,Vitória
Neymar,2015,11,4,Gol,0,0,BATE Borisov,Champions League,Barcelona,3-0,Vitória
Neymar,2015,11,4,Gol,0,0,BATE Borisov,Champions League,Barcelona,3-0,Vitória
Neymar,2015,11,4,Assistência,0,0,BATE Borisov,Champions League,Barcelona,3-0,Vitória
Neymar,2015,10,31,Gol,0,0,Getafe,La Liga (Espanha),Barcelona,0-2,Vitória
Neymar,2015,10,25,Assistência,1,0,Eibar,La Liga (Espanha),Barcelona,3-1,Vitória
Neymar,2015,10,25,Assistência,1,0,Eibar,La Liga (Espanha),Barcelona,3-1,Vitória
Neymar,2015,10,25,Cartão Amarelo,1,0,Eibar,La Liga (Espanha),Barcelona,3-1,Vitória
Neymar,2015,10,20,Assistência,0,0,BATE Borisov,Champions League,Barcelona,0-2,Vitória
Neymar,2015,10,20,Assistência,0,0,BATE Borisov,Champions League,Barcelona,0-2,Vitória
Neymar,2015,10,17,Gol,0,0,Rayo Vallecano,La Liga (Espanha),Barcelona,5-2,Vitória
Neymar,2015,10,17,Gol,0,0,Rayo Vallecano,La Liga (Espanha),Barcelona,5-2,Vitória
Neymar,2015,10,17,Gol,0,0,Rayo Vallecano,La Liga (Espanha),Barcelona,5-2,Vitória
Neymar,2015,10,17,Gol,0,0,Rayo Vallecano,La Liga (Espanha),Barcelona,5-2,Vitória
Neymar,2015,10,17,Assistência,0,0,Rayo Vallecano,La Liga (Espanha),Barcelona,5-2,Vitória
Neymar,2015,10,3,Gol,0,0,Sevilla,La Liga (Espanha),Barcelona,2-1,Derrota
Neymar,2015,9,29,Cartão Amarelo,1,0,Bayer Leverkusen,Champions League,Barcelona,2-1,Vitória
Neymar,2015,9,26,Apenas Participação,0,0,Las Palmas,La Liga (Espanha),Barcelona,2-1,Vitória
Neymar,2015,9,23,Gol,1,0,Celta de Vigo,La Liga (Espanha),Barcelona,4-1,Derrota
Neymar,2015,9,23,Cartão Amarelo,1,0,Celta de Vigo,La Liga (Espanha),Barcelona,4-1,Derrota
Neymar,2015,9,20,Gol,0,0,Levante,La Liga (Espanha),Barcelona,4-1,Vitória
Neymar,2015,9,16,Apenas Participação,0,0,Roma,Champions League,Barcelona,1-1,Empate
Neymar,2015,9,12,Gol,0,0,Atlético de Madrid,La Liga (Espanha),Barcelona,1-2,Vitória
Neymar,2015,9,8,Gol,0,0,Estados Unidos,Amistosos da Seleção,Brasil,1-4,Vitória
Neymar,2015,9,8,Gol,0,0,Estados Unidos,Amistosos da Seleção,Brasil,1-4,Vitória
Neymar,2015,9,5,Apenas Participação,0,0,Costa Rica,Amistosos da Seleção,Brasil,1-0,Vitória
Neymar,2015,8,29,Apenas Participação,0,0,Málaga,La Liga (Espanha),Barcelona,1-0,Vitória
Neymar,2015,6,17,Cartão Amarelo,1,1,Colômbia,Copa América,Brasil,0-1,Vitória
Neymar,2015,6,17,Cartão Vermelho,1,1,Colômbia,Copa América,Brasil,0-1,Vitória
Neymar,2015,6,14,Gol,1,0,Peru,Copa América,Brasil,2-1,Derrota
Neymar,2015,6,14,Assistência,1,0,Peru,Copa América,Brasil,2-1,Derrota
Neymar,2015,6,14,Cartão Amarelo,1,0,Peru,Copa América,Brasil,2-1,Derrota
Neymar,2015,6,10,Apenas Participação,0,0,Honduras,Amistosos da Seleção,Brasil,1-0,Vitória
Neymar,2015,6,6,Gol,0,0,Juventus,Champions League,Barcelona,1-3,Vitória
Neymar,2015,5,30,Gol,1,0,Athletic Bilbao,Copa do Rei (Espanha),Barcelona,1-3,Vitória
Neymar,2015,5,30,Cartão Amarelo,1,0,Athletic Bilbao,Copa do Rei (Espanha),Barcelona,1-3,Vitória
Neymar,2015,5,23,Assistência,0,0,Deportivo,La Liga (Espanha),Barcelona,2-2,Empate
Neymar,2015,5,17,Cartão Amarelo,1,0,Atlético de Madrid,La Liga (Espanha),Barcelona,0-1,Vitória
Neymar,2015,5,12,Gol,0,0,Bayern München,Champions League,Barcelona,3-2,Derrota
Neymar,2015,5,12,Gol,0,0,Bayern München,Champions League,Barcelona,3-2,Derrota
Neymar,2015,5,9,Gol,0,0,Real Sociedad,La Liga (Espanha),Barcelona,2-0,Vitória
Neymar,2015,5,6,Gol,1,0,Bayern München,Champions League,Barcelona,3-0,Vitória
Neymar,2015,5,6,Cartão Amarelo,1,0,Bayern München,Champions League,Barcelona,3-0,Vitória
Neymar,2015,5,2,Gol,0,0,Córdoba,La Liga (Espanha),Barcelona,0-8,Vitória
Neymar,2015,4,28,Gol,0,0,Getafe,La Liga (Espanha),Barcelona,6-0,Vitória
Neymar,2015,4,28,Assistência,0,0,Getafe,La Liga (Espanha),Barcelona,6-0,Vitória
Neymar,2015,4,25,Gol,0,0,Espanyol,La Liga (Espanha),Barcelona,0-2,Vitória
Neymar,2015,4,21,Gol,0,0,PSG,Champions League,Barcelona,2-0,Vitória
Neymar,2015,4,21,Gol,0,0,PSG,Champions League,Barcelona,2-0,Vitória
Neymar,2015,4,18,Apenas Participação,0,0,Valencia,La Liga (Espanha),Barcelona,2-0,Vitória
Neymar,2015,4,15,Gol,0,0,PSG,Champions League,Barcelona,1-3,Vitória
Neymar,2015,4,11,Gol,0,0,Sevilla,La Liga (Espanha),Barcelona,2-2,Empate
Neymar,2015,4,11,Assistência,0,0,Sevilla,La Liga (Espanha),Barcelona,2-2,Empate
Neymar,2015,4,8,Apenas Participação,0,0,Almería,La Liga (Espanha),Barcelona,4-0,Vitória
Neymar,2015,4,5,Apenas Participação,0,0,Celta de Vigo,La Liga (Espanha),Barcelona,0-1,Vitória
Neymar,2015,3,29,Cartão Amarelo,1,0,Chile,Amistosos da Seleção,Brasil,1-0,Derrota
Neymar,2015,3,26,Gol,0,0,França,Amistosos da Seleção,Brasil,1-3,Vitória
Neymar,2015,3,22,Apenas Participação,0,0,Real Madrid,La Liga (Espanha),Barcelona,2-1,Vitória
Neymar,2015,3,18,Apenas Participação,0,0,Manchester City,Champions League,Barcelona,1-0,Vitória
Neymar,2015,3,14,Apenas Participação,0,0,Eibar,La Liga (Espanha),Barcelona,0-2,Vitória
Neymar,2015,3,4,Gol,0,0,Villarreal,Copa do Rei (Espanha),Barcelona,1-3,Vitória
Neymar,2015,3,4,Gol,0,0,Villarreal,Copa do Rei (Espanha),Barcelona,1-3,Vitória
Neymar,2015,2,28,Cartão Amarelo,1,0,Granada,La Liga (Espanha),Barcelona,1-3,Vitória
Neymar,2015,2,24,Apenas Participação,0,0,Manchester City,Champions League,Barcelona,1-2,Vitória
Neymar,2015,2,21,Cartão Amarelo,1,0,Málaga,La Liga (Espanha),Barcelona,0-1,Derrota
Neymar,2015,2,15,Gol,0,0,Levante,La Liga (Espanha),Barcelona,5-0,Vitória
Neymar,2015,2,11,Apenas Participação,0,0,Villarreal,Copa do Rei (Espanha),Barcelona,3-1,Vitória
Neymar,2015,2,8,Gol,0,0,Athletic Bilbao,La Liga (Espanha),Barcelona,2-5,Vitória
Neymar,2015,2,1,Gol,0,0,Villarreal,La Liga (Espanha),Barcelona,3-2,Vitória
Neymar,2015,1,28,Gol,0,0,Atlético de Madrid,Copa do Rei (Espanha),Barcelona,2-3,Vitória
Neymar,2015,1,28,Gol,0,0,Atlético de Madrid,Copa do Rei (Espanha),Barcelona,2-3,Vitória
Neymar,2015,1,24,Gol,0,0,Elche,La Liga (Espanha),Barcelona,0-6,Vitória
Neymar,2015,1,24,Gol,0,0,Elche,La Liga (Espanha),Barcelona,0-6,Vitória
Neymar,2015,1,24,Assistência,0,0,Elche,La Liga (Espanha),Barcelona,0-6,Vitória
Neymar,2015,1,21,Apenas Participação,0,0,Atlético de Madrid,Copa do Rei (Espanha),Barcelona,1-0,Vitória
Neymar,2015,1,18,Apenas Participação,0,0,Deportivo,La Liga (Espanha),Barcelona,0-4,Vitória
Neymar,2015,1,11,Gol,0,0,Atlético de Madrid,La Liga (Espanha),Barcelona,3-1,Vitória
Neymar,2015,1,8,Gol,0,0,Elche,Copa do Rei (Espanha),Barcelona,5-0,Vitória
Neymar,2015,1,8,Gol,0,0,Elche,Copa do Rei (Espanha),Barcelona,5-0,Vitória
Neymar,2015,1,4,Cartão Amarelo,1,0,Real Sociedad,La Liga (Espanha),Barcelona,1-0,Derrota
Neymar,2016,12,18,Apenas Participação,0,0,Espanyol,La Liga (Espanha),Barcelona,4-1,Vitória
Neymar,2016,12,3,Assistência,1,0,Real Madrid,La Liga (Espanha),Barcelona,1-1,Empate
Neymar,2016,12,3,Cartão Amarelo,1,0,Real Madrid,La Liga (Espanha),Barcelona,1-1,Empate
Neymar,2016,11,27,Assistência,0,0,Real Sociedad,La Liga (Espanha),Barcelona,1-1,Empate
Neymar,2016,11,23,Assistência,1,0,Celtic,Champions League,Barcelona,0-2,Vitória
Neymar,2016,11,23,Cartão Amarelo,1,0,Celtic,Champions League,Barcelona,0-2,Vitória
Neymar,2016,11,19,Apenas Participação,0,0,Málaga,La Liga (Espanha),Barcelona,0-0,Empate
Neymar,2016,11,16,Apenas Participação,0,0,Peru,Eliminatórias da Copa do Mundo,Brasil,0-2,Vitória
Neymar,2016,11,10,Gol,0,0,Argentina,Eliminatórias da Copa do Mundo,Brasil,3-0,Vitória
Neymar,2016,11,10,Assistência,0,0,Argentina,Eliminatórias da Copa do Mundo,Brasil,3-0,Vitória
Neymar,2016,11,6,Assistência,1,0,Sevilla,La Liga (Espanha),Barcelona,1-2,Vitória
Neymar,2016,11,6,Cartão Amarelo,1,0,Sevilla,La Liga (Espanha),Barcelona,1-2,Vitória
Neymar,2016,11,1,Assistência,1,0,Manchester City,Champions League,Barcelona,3-1,Derrota
Neymar,2016,11,1,Cartão Amarelo,1,0,Manchester City,Champions League,Barcelona,3-1,Derrota
Neymar,2016,10,29,Cartão Amarelo,1,0,Granada,La Liga (Espanha),Barcelona,1-0,Vitória
Neymar,2016,10,22,Cartão Amarelo,1,0,Valencia,La Liga (Espanha),Barcelona,2-3,Vitória
Neymar,2016,10,19,Gol,0,0,Manchester City,Champions League,Barcelona,4-0,Vitória
Neymar,2016,10,15,Assistência,0,0,Deportivo,La Liga (Espanha),Barcelona,4-0,Vitória
Neymar,2016,10,15,Assistência,0,0,Deportivo,La Liga (Espanha),Barcelona,4-0,Vitória
Neymar,2016,10,6,Gol,1,0,Bolívia,Eliminatórias da Copa do Mundo,Brasil,5-0,Vitória
Neymar,2016,10,6,Assistência,1,0,Bolívia,Eliminatórias da Copa do Mundo,Brasil,5-0,Vitória
Neymar,2016,10,6,Assistência,1,0,Bolívia,Eliminatórias da Copa do Mundo,Brasil,5-0,Vitória
Neymar,2016,10,6,Cartão Amarelo,1,0,Bolívia,Eliminatórias da Copa do Mundo,Brasil,5-0,Vitória
Neymar,2016,10,2,Gol,0,0,Celta de Vigo,La Liga (Espanha),Barcelona,4-3,Derrota
Neymar,2016,9,28,Assistência,1,0,Borussia M´gladbach,Champions League,Barcelona,1-2,Vitória
Neymar,2016,9,28,Cartão Amarelo,1,0,Borussia M´gladbach,Champions League,Barcelona,1-2,Vitória
Neymar,2016,9,24,Gol,0,0,Sporting Gijón,La Liga (Espanha),Barcelona,0-5,Vitória
Neymar,2016,9,24,Gol,0,0,Sporting Gijón,La Liga (Espanha),Barcelona,0-5,Vitória
Neymar,2016,9,21,Apenas Participação,0,0,Atlético de Madrid,La Liga (Espanha),Barcelona,1-1,Empate
Neymar,2016,9,17,Gol,1,0,Leganés,La Liga (Espanha),Barcelona,1-5,Vitória
Neymar,2016,9,17,Cartão Amarelo,1,0,Leganés,La Liga (Espanha),Barcelona,1-5,Vitória
Neymar,2016,9,13,Gol,0,0,Celtic,Champions League,Barcelona,7-0,Vitória
Neymar,2016,9,13,Assistência,0,0,Celtic,Champions League,Barcelona,7-0,Vitória
Neymar,2016,9,13,Assistência,0,0,Celtic,Champions League,Barcelona,7-0,Vitória
Neymar,2016,9,13,Assistência,0,0,Celtic,Champions League,Barcelona,7-0,Vitória
Neymar,2016,9,13,Assistência,0,0,Celtic,Champions League,Barcelona,7-0,Vitória
Neymar,2016,9,10,Assistência,0,0,Alavés,La Liga (Espanha),Barcelona,1-2,Derrota
Neymar,2016,9,6,Gol,1,0,Colômbia,Eliminatórias da Copa do Mundo,Brasil,2-1,Vitória
Neymar,2016,9,6,Assistência,1,0,Colômbia,Eliminatórias da Copa do Mundo,Brasil,2-1,Vitória
Neymar,2016,9,6,Cartão Amarelo,1,0,Colômbia,Eliminatórias da Copa do Mundo,Brasil,2-1,Vitória
Neymar,2016,9,1,Gol,0,0,Equador,Eliminatórias da Copa do Mundo,Brasil,0-3,Vitória
Neymar,2016,9,1,Assistência,0,0,Equador,Eliminatórias da Copa do Mundo,Brasil,0-3,Vitória
Neymar,2016,8,20,Gol,0,0,Alemanha,Jogos Olímpicos,Brasil,1-1(5-4)g.p.,
Neymar,2016,8,17,Gol,0,0,Honduras,Jogos Olímpicos,Brasil,6-0,Derrota
Neymar,2016,8,17,Gol,0,0,Honduras,Jogos Olímpicos,Brasil,6-0,Derrota
Neymar,2016,8,17,Assistência,0,0,Honduras,Jogos Olímpicos,Brasil,6-0,Derrota
Neymar,2016,8,17,Assistência,0,0,Honduras,Jogos Olímpicos,Brasil,6-0,Derrota
Neymar,2016,8,13,Gol,1,0,Colômbia,Jogos Olímpicos,Brasil,2-0,Vitória
Neymar,2016,8,13,Assistência,1,0,Colômbia,Jogos Olímpicos,Brasil,2-0,Vitória
Neymar,2016,8,13,Cartão Amarelo,1,0,Colômbia,Jogos Olímpicos,Brasil,2-0,Vitória
Neymar,2016,8,10,Apenas Participação,0,0,Dinamarca,Jogos Olímpicos,Brasil,0-4,Vitória
Neymar,2016,8,7,Apenas Participação,0,0,Iraque,Jogos Olímpicos,Brasil,0-0,Empate
Neymar,2016,8,4,Apenas Participação,0,0,África do Sul,Jogos Olímpicos,Brasil,0-0,Empate
Neymar,2016,5,22,Gol,1,0,Sevilla,Copa do Rei (Espanha),Barcelona,2-0(a.p.),
Neymar,2016,5,22,Cartão Amarelo,1,0,Sevilla,Copa do Rei (Espanha),Barcelona,2-0(a.p.),
Neymar,2016,5,14,Assistência,0,0,Granada,La Liga (Espanha),Barcelona,0-3,Vitória
Neymar,2016,5,8,Gol,0,0,Espanyol,La Liga (Espanha),Barcelona,5-0,Vitória
Neymar,2016,5,8,Assistência,0,0,Espanyol,La Liga (Espanha),Barcelona,5-0,Vitória
Neymar,2016,4,30,Apenas Participação,0,0,Real Betis,La Liga (Espanha),Barcelona,0-2,Vitória
Neymar,2016,4,23,Gol,0,0,Sporting Gijón,La Liga (Espanha),Barcelona,6-0,Vitória
Neymar,2016,4,20,Gol,0,0,Deportivo,La Liga (Espanha),Barcelona,0-8,Vitória
Neymar,2016,4,17,Cartão Amarelo,1,0,Valencia,La Liga (Espanha),Barcelona,1-2,Derrota
Neymar,2016,4,13,Cartão Amarelo,1,0,Atlético de Madrid,Champions League,Barcelona,2-0,Derrota
Neymar,2016,4,9,Apenas Participação,0,0,Real Sociedad,La Liga (Espanha),Barcelona,1-0,Derrota
Neymar,2016,4,5,Apenas Participação,0,0,Atlético de Madrid,Champions League,Barcelona,2-1,Vitória
Neymar,2016,4,2,Apenas Participação,0,0,Real Madrid,La Liga (Espanha),Barcelona,1-2,Derrota
Neymar,2016,3,25,Cartão Amarelo,1,0,Uruguai,Eliminatórias da Copa do Mundo,Brasil,2-2,Empate
Neymar,2016,3,20,Gol,0,0,Villarreal,La Liga (Espanha),Barcelona,2-2,Empate
Neymar,2016,3,16,Gol,0,0,Arsenal,Champions League,Barcelona,3-1,Vitória
Neymar,2016,3,12,Gol,0,0,Getafe,La Liga (Espanha),Barcelona,6-0,Vitória
Neymar,2016,3,12,Gol,0,0,Getafe,La Liga (Espanha),Barcelona,6-0,Vitória
Neymar,2016,3,3,Assistência,1,0,Rayo Vallecano,La Liga (Espanha),Barcelona,1-5,Vitória
Neymar,2016,3,3,Cartão Amarelo,1,0,Rayo Vallecano,La Liga (Espanha),Barcelona,1-5,Vitória
Neymar,2016,2,28,Apenas Participação,0,0,Sevilla,La Liga (Espanha),Barcelona,2-1,Vitória
Neymar,2016,2,23,Assistência,0,0,Arsenal,Champions League,Barcelona,0-2,Vitória
Neymar,2016,2,20,Gol,0,0,Las Palmas,La Liga (Espanha),Barcelona,1-2,Vitória
Neymar,2016,2,17,Apenas Participação,0,0,Sporting Gijón,La Liga (Espanha),Barcelona,1-3,Vitória
Neymar,2016,2,14,Gol,0,0,Celta de Vigo,La Liga (Espanha),Barcelona,6-1,Vitória
Neymar,2016,2,14,Assistência,0,0,Celta de Vigo,La Liga (Espanha),Barcelona,6-1,Vitória
Neymar,2016,2,7,Apenas Participação,0,0,Levante,La Liga (Espanha),Barcelona,0-2,Vitória
Neymar,2016,2,3,Assistência,0,0,Valencia,Copa do Rei (Espanha),Barcelona,7-0,Vitória
Neymar,2016,2,3,Assistência,0,0,Valencia,Copa do Rei (Espanha),Barcelona,7-0,Vitória
Neymar,2016,1,30,Apenas Participação,0,0,Atlético de Madrid,La Liga (Espanha),Barcelona,2-1,Vitória
Neymar,2016,1,27,Gol,0,0,Athletic Bilbao,Copa do Rei (Espanha),Barcelona,3-1,Vitória
Neymar,2016,1,20,Gol,0,0,Athletic Bilbao,Copa do Rei (Espanha),Barcelona,1-2,Vitória
Neymar,2016,1,17,Gol,0,0,Athletic Bilbao,La Liga (Espanha),Barcelona,6-0,Vitória
Neymar,2016,1,17,Assistência,0,0,Athletic Bilbao,La Liga (Espanha),Barcelona,6-0,Vitória
Neymar,2016,1,17,Assistência,0,0,Athletic Bilbao,La Liga (Espanha),Barcelona,6-0,Vitória
Neymar,2016,1,13,Apenas Participação,0,0,Espanyol,Copa do Rei (Espanha),Barcelona,0-2,Vitória
Neymar,2016,1,9,Gol,0,0,Granada,La Liga (Espanha),Barcelona,4-0,Vitória
Neymar,2016,1,6,Gol,1,0,Espanyol,Copa do Rei (Espanha),Barcelona,4-1,Vitória
Neymar,2016,1,6,Cartão Amarelo,1,0,Espanyol,Copa do Rei (Espanha),Barcelona,4-1,Vitória
Neymar,2016,1,2,Cartão Amarelo,1,0,Espanyol,La Liga (Espanha),Barcelona,0-0,Empate
Neymar,2017,12,20,Assistência,0,0,Caen,Ligue 1 (França),PSG,3-1,Vitória
Neymar,2017,12,16,Gol,0,0,Rennes,Ligue 1 (França),PSG,1-4,Vitória
Neymar,2017,12,16,Gol,0,0,Rennes,Ligue 1 (França),PSG,1-4,Vitória
Neymar,2017,12,16,Assistência,0,0,Rennes,Ligue 1 (França),PSG,1-4,Vitória
Neymar,2017,12,16,Assistência,0,0,Rennes,Ligue 1 (França),PSG,1-4,Vitória
Neymar,2017,12,5,Apenas Participação,0,0,Bayern München,Champions League,PSG,3-1,Derrota
Neymar,2017,12,2,Cartão Amarelo,1,0,Strasbourg,Ligue 1 (França),PSG,2-1,Derrota
Neymar,2017,11,29,Gol,0,0,Troyes,Ligue 1 (França),PSG,2-0,Vitória
Neymar,2017,11,29,Assistência,0,0,Troyes,Ligue 1 (França),PSG,2-0,Vitória
Neymar,2017,11,26,Gol,1,0,Monaco,Ligue 1 (França),PSG,1-2,Vitória
Neymar,2017,11,26,Cartão Amarelo,1,0,Monaco,Ligue 1 (França),PSG,1-2,Vitória
Neymar,2017,11,22,Gol,0,0,Celtic,Champions League,PSG,7-1,Vitória
Neymar,2017,11,22,Gol,0,0,Celtic,Champions League,PSG,7-1,Vitória
Neymar,2017,11,22,Assistência,0,0,Celtic,Champions League,PSG,7-1,Vitória
Neymar,2017,11,18,Apenas Participação,0,0,Nantes,Ligue 1 (França),PSG,4-1,Vitória
Neymar,2017,11,14,Apenas Participação,0,0,Inglaterra,Amistosos da Seleção,Brasil,0-0,Empate
Neymar,2017,11,10,Gol,1,0,Japão,Amistosos da Seleção,Brasil,1-3,Vitória
Neymar,2017,11,10,Cartão Amarelo,1,0,Japão,Amistosos da Seleção,Brasil,1-3,Vitória
Neymar,2017,10,31,Gol,0,0,Anderlecht,Champions League,PSG,5-0,Vitória
Neymar,2017,10,22,Gol,1,1,Marseille,Ligue 1 (França),PSG,2-2,Empate
Neymar,2017,10,22,Cartão Amarelo,1,1,Marseille,Ligue 1 (França),PSG,2-2,Empate
Neymar,2017,10,22,Cartão Vermelho,1,1,Marseille,Ligue 1 (França),PSG,2-2,Empate
Neymar,2017,10,18,Gol,0,0,Anderlecht,Champions League,PSG,0-4,Vitória
Neymar,2017,10,14,Cartão Amarelo,1,0,Dijon,Ligue 1 (França),PSG,1-2,Vitória
Neymar,2017,10,10,Assistência,1,0,Chile,Eliminatórias da Copa do Mundo,Brasil,3-0,Vitória
Neymar,2017,10,10,Cartão Amarelo,1,0,Chile,Eliminatórias da Copa do Mundo,Brasil,3-0,Vitória
Neymar,2017,10,5,Apenas Participação,0,0,Bolívia,Eliminatórias da Copa do Mundo,Brasil,0-0,Empate
Neymar,2017,9,30,Gol,0,0,Bordeaux,Ligue 1 (França),PSG,6-2,Vitória
Neymar,2017,9,30,Gol,0,0,Bordeaux,Ligue 1 (França),PSG,6-2,Vitória
Neymar,2017,9,30,Assistência,0,0,Bordeaux,Ligue 1 (França),PSG,6-2,Vitória
Neymar,2017,9,27,Gol,0,0,Bayern München,Champions League,PSG,3-0,Vitória
Neymar,2017,9,27,Assistência,0,0,Bayern München,Champions League,PSG,3-0,Vitória
Neymar,2017,9,17,Cartão Amarelo,1,0,Lyon,Ligue 1 (França),PSG,2-0,Vitória
Neymar,2017,9,12,Gol,1,0,Celtic,Champions League,PSG,0-5,Vitória
Neymar,2017,9,12,Assistência,1,0,Celtic,Champions League,PSG,0-5,Vitória
Neymar,2017,9,12,Cartão Amarelo,1,0,Celtic,Champions League,PSG,0-5,Vitória
Neymar,2017,9,8,Gol,0,0,Metz,Ligue 1 (França),PSG,1-5,Vitória
Neymar,2017,9,8,Assistência,0,0,Metz,Ligue 1 (França),PSG,1-5,Vitória
Neymar,2017,9,5,Assistência,0,0,Colômbia,Eliminatórias da Copa do Mundo,Brasil,1-1,Empate
Neymar,2017,8,31,Cartão Amarelo,1,0,Equador,Eliminatórias da Copa do Mundo,Brasil,2-0,Vitória
Neymar,2017,8,25,Apenas Participação,0,0,Saint-Étienne,Ligue 1 (França),PSG,3-0,Vitória
Neymar,2017,8,20,Gol,0,0,Toulouse,Ligue 1 (França),PSG,6-2,Vitória
Neymar,2017,8,20,Gol,0,0,Toulouse,Ligue 1 (França),PSG,6-2,Vitória
Neymar,2017,8,20,Assistência,0,0,Toulouse,Ligue 1 (França),PSG,6-2,Vitória
Neymar,2017,8,20,Assistência,0,0,Toulouse,Ligue 1 (França),PSG,6-2,Vitória
Neymar,2017,8,13,Gol,0,0,Guingamp,Ligue 1 (França),PSG,0-3,Vitória
Neymar,2017,8,13,Assistência,0,0,Guingamp,Ligue 1 (França),PSG,0-3,Vitória
Neymar,2017,5,27,Gol,0,0,Alavés,Copa do Rei (Espanha),Barcelona,3-1,Vitória
Neymar,2017,5,27,Assistência,0,0,Alavés,Copa do Rei (Espanha),Barcelona,3-1,Vitória
Neymar,2017,5,21,Apenas Participação,0,0,Eibar,La Liga (Espanha),Barcelona,4-2,Vitória
Neymar,2017,5,14,Gol,0,0,Las Palmas,La Liga (Espanha),Barcelona,1-4,Vitória
Neymar,2017,5,14,Gol,0,0,Las Palmas,La Liga (Espanha),Barcelona,1-4,Vitória
Neymar,2017,5,14,Gol,0,0,Las Palmas,La Liga (Espanha),Barcelona,1-4,Vitória
Neymar,2017,5,14,Assistência,0,0,Las Palmas,La Liga (Espanha),Barcelona,1-4,Vitória
Neymar,2017,5,6,Gol,0,0,Villarreal,La Liga (Espanha),Barcelona,4-1,Vitória
Neymar,2017,4,29,Apenas Participação,0,0,Espanyol,La Liga (Espanha),Barcelona,0-3,Vitória
Neymar,2017,4,19,Cartão Amarelo,1,0,Juventus,Champions League,Barcelona,0-0,Empate
Neymar,2017,4,11,Apenas Participação,0,0,Juventus,Champions League,Barcelona,3-0,Derrota
Neymar,2017,4,8,Cartão Amarelo,1,1,Málaga,La Liga (Espanha),Barcelona,2-0,Derrota
Neymar,2017,4,8,Cartão Vermelho,1,1,Málaga,La Liga (Espanha),Barcelona,2-0,Derrota
Neymar,2017,4,5,Apenas Participação,0,0,Sevilla,La Liga (Espanha),Barcelona,3-0,Vitória
Neymar,2017,4,2,Gol,0,0,Granada,La Liga (Espanha),Barcelona,1-4,Vitória
Neymar,2017,3,28,Gol,0,0,Paraguai,Eliminatórias da Copa do Mundo,Brasil,3-0,Vitória
Neymar,2017,3,23,Gol,0,0,Uruguai,Eliminatórias da Copa do Mundo,Brasil,1-4,Vitória
Neymar,2017,3,23,Assistência,0,0,Uruguai,Eliminatórias da Copa do Mundo,Brasil,1-4,Vitória
Neymar,2017,3,19,Assistência,0,0,Valencia,La Liga (Espanha),Barcelona,4-2,Vitória
Neymar,2017,3,19,Assistência,0,0,Valencia,La Liga (Espanha),Barcelona,4-2,Vitória
Neymar,2017,3,8,Gol,1,0,PSG,Champions League,Barcelona,6-1,Vitória
Neymar,2017,3,8,Gol,1,0,PSG,Champions League,Barcelona,6-1,Vitória
Neymar,2017,3,8,Assistência,1,0,PSG,Champions League,Barcelona,6-1,Vitória
Neymar,2017,3,8,Cartão Amarelo,1,0,PSG,Champions League,Barcelona,6-1,Vitória
Neymar,2017,3,4,Gol,0,0,Celta de Vigo,La Liga (Espanha),Barcelona,5-0,Vitória
Neymar,2017,3,1,Gol,1,0,Sporting Gijón,La Liga (Espanha),Barcelona,6-1,Vitória
Neymar,2017,3,1,Assistência,1,0,Sporting Gijón,La Liga (Espanha),Barcelona,6-1,Vitória
Neymar,2017,3,1,Cartão Amarelo,1,0,Sporting Gijón,La Liga (Espanha),Barcelona,6-1,Vitória
Neymar,2017,2,26,Apenas Participação,0,0,Atlético de Madrid,La Liga (Espanha),Barcelona,1-2,Vitória
Neymar,2017,2,19,Apenas Participação,0,0,Leganés,La Liga (Espanha),Barcelona,2-1,Vitória
Neymar,2017,2,14,Apenas Participação,0,0,PSG,Champions League,Barcelona,4-0,Derrota
Neymar,2017,2,11,Gol,0,0,Alavés,La Liga (Espanha),Barcelona,0-6,Vitória
Neymar,2017,2,4,Assistência,0,0,Athletic Bilbao,La Liga (Espanha),Barcelona,3-0,Vitória
Neymar,2017,2,1,Cartão Amarelo,1,0,Atlético de Madrid,Copa do Rei (Espanha),Barcelona,1-2,Vitória
Neymar,2017,1,29,Apenas Participação,0,0,Real Betis,La Liga (Espanha),Barcelona,1-1,Empate
Neymar,2017,1,26,Cartão Amarelo,1,0,Real Sociedad,Copa do Rei (Espanha),Barcelona,5-2,Vitória
Neymar,2017,1,22,Gol,0,0,Eibar,La Liga (Espanha),Barcelona,0-4,Vitória
Neymar,2017,1,19,Gol,1,0,Real Sociedad,Copa do Rei (Espanha),Barcelona,0-1,Vitória
Neymar,2017,1,19,Cartão Amarelo,1,0,Real Sociedad,Copa do Rei (Espanha),Barcelona,0-1,Vitória
Neymar,2017,1,14,Apenas Participação,0,0,Las Palmas,La Liga (Espanha),Barcelona,5-0,Vitória
Neymar,2017,1,11,Gol,0,0,Athletic Bilbao,Copa do Rei (Espanha),Barcelona,3-1,Vitória
Neymar,2017,1,11,Assistência,0,0,Athletic Bilbao,Copa do Rei (Espanha),Barcelona,3-1,Vitória
Neymar,2017,1,8,Apenas Participação,0,0,Villarreal,La Liga (Espanha),Barcelona,1-1,Empate
Neymar,2017,1,5,Apenas Participação,0,0,Athletic Bilbao,Copa do Rei (Espanha),Barcelona,2-1,Derrota
Neymar,2018,12,11,Gol,0,0,Crvena Zvezda,Champions League,PSG,1-4,Vitória
Neymar,2018,12,11,Assistência,0,0,Crvena Zvezda,Champions League,PSG,1-4,Vitória
Neymar,2018,12,2,Gol,0,0,Bordeaux,Ligue 1 (França),PSG,2-2,Empate
Neymar,2018,11,28,Gol,1,0,Liverpool,Champions League,PSG,2-1,Vitória
Neymar,2018,11,28,Cartão Amarelo,1,0,Liverpool,Champions League,PSG,2-1,Vitória
Neymar,2018,11,20,Apenas Participação,0,0,Camarões,Amistosos da Seleção,Brasil,1-0,Vitória
Neymar,2018,11,16,Gol,0,0,Uruguai,Amistosos da Seleção,Brasil,1-0,Vitória
Neymar,2018,11,11,Gol,0,0,Monaco,Ligue 1 (França),PSG,0-4,Vitória
Neymar,2018,11,11,Assistência,0,0,Monaco,Ligue 1 (França),PSG,0-4,Vitória
Neymar,2018,11,6,Cartão Amarelo,1,0,Napoli,Champions League,PSG,1-1,Empate
Neymar,2018,11,2,Gol,0,0,Lille,Ligue 1 (França),PSG,2-1,Vitória
Neymar,2018,10,28,Assistência,0,0,Marseille,Ligue 1 (França),PSG,0-2,Vitória
Neymar,2018,10,24,Apenas Participação,0,0,Napoli,Champions League,PSG,2-2,Empate
Neymar,2018,10,16,Assistência,1,0,Argentina,Amistosos da Seleção,Brasil,0-1,Vitória
Neymar,2018,10,16,Cartão Amarelo,1,0,Argentina,Amistosos da Seleção,Brasil,0-1,Vitória
Neymar,2018,10,12,Assistência,0,0,Arábia Saudita,Amistosos da Seleção,Brasil,0-2,Vitória
Neymar,2018,10,12,Assistência,0,0,Arábia Saudita,Amistosos da Seleção,Brasil,0-2,Vitória
Neymar,2018,10,7,Gol,1,0,Lyon,Ligue 1 (França),PSG,5-0,Vitória
Neymar,2018,10,7,Assistência,1,0,Lyon,Ligue 1 (França),PSG,5-0,Vitória
Neymar,2018,10,7,Cartão Amarelo,1,0,Lyon,Ligue 1 (França),PSG,5-0,Vitória
Neymar,2018,10,3,Gol,0,0,Crvena Zvezda,Champions League,PSG,6-1,Vitória
Neymar,2018,10,3,Gol,0,0,Crvena Zvezda,Champions League,PSG,6-1,Vitória
Neymar,2018,10,3,Gol,0,0,Crvena Zvezda,Champions League,PSG,6-1,Vitória
Neymar,2018,9,29,Gol,0,0,Nice,Ligue 1 (França),PSG,0-3,Vitória
Neymar,2018,9,29,Gol,0,0,Nice,Ligue 1 (França),PSG,0-3,Vitória
Neymar,2018,9,26,Gol,0,0,Stade de Reims,Ligue 1 (França),PSG,4-1,Vitória
Neymar,2018,9,23,Assistência,0,0,Rennes,Ligue 1 (França),PSG,1-3,Vitória
Neymar,2018,9,18,Assistência,0,0,Liverpool,Champions League,PSG,3-2,Derrota
Neymar,2018,9,11,Gol,1,0,El Salvador,Amistosos da Seleção,Brasil,5-0,Vitória
Neymar,2018,9,11,Assistência,1,0,El Salvador,Amistosos da Seleção,Brasil,5-0,Vitória
Neymar,2018,9,11,Assistência,1,0,El Salvador,Amistosos da Seleção,Brasil,5-0,Vitória
Neymar,2018,9,11,Assistência,1,0,El Salvador,Amistosos da Seleção,Brasil,5-0,Vitória
Neymar,2018,9,11,Cartão Amarelo,1,0,El Salvador,Amistosos da Seleção,Brasil,5-0,Vitória
Neymar,2018,9,7,Gol,0,0,Estados Unidos,Amistosos da Seleção,Brasil,0-2,Vitória
Neymar,2018,9,1,Gol,1,0,Nimes,Ligue 1 (França),PSG,2-4,Vitória
Neymar,2018,9,1,Cartão Amarelo,1,0,Nimes,Ligue 1 (França),PSG,2-4,Vitória
Neymar,2018,8,25,Gol,0,0,Angers,Ligue 1 (França),PSG,3-1,Vitória
Neymar,2018,8,18,Gol,0,0,Guingamp,Ligue 1 (França),PSG,1-3,Vitória
Neymar,2018,8,18,Assistência,0,0,Guingamp,Ligue 1 (França),PSG,1-3,Vitória
Neymar,2018,8,12,Gol,0,0,Caen,Ligue 1 (França),PSG,3-0,Vitória
Neymar,2018,8,4,Apenas Participação,0,0,Monaco,Supercopa da França,PSG,4-0,Derrota
Neymar,2018,7,6,Apenas Participação,0,0,Bélgica,Copa do Mundo,Brasil,1-2,Vitória
Neymar,2018,7,2,Gol,0,0,México,Copa do Mundo,Brasil,2-0,Derrota
Neymar,2018,6,27,Assistência,0,0,Sérvia,Copa do Mundo,Brasil,0-2,Vitória
Neymar,2018,6,22,Gol,1,0,Costa Rica,Copa do Mundo,Brasil,2-0,Derrota
Neymar,2018,6,22,Cartão Amarelo,1,0,Costa Rica,Copa do Mundo,Brasil,2-0,Derrota
Neymar,2018,6,17,Apenas Participação,0,0,Suíça,Copa do Mundo,Brasil,1-1,Empate
Neymar,2018,6,10,Gol,1,0,Áustria,Amistosos da Seleção,Brasil,0-3,Vitória
Neymar,2018,6,10,Cartão Amarelo,1,0,Áustria,Amistosos da Seleção,Brasil,0-3,Vitória
Neymar,2018,6,3,Gol,0,0,Croácia,Amistosos da Seleção,Brasil,2-0,Vitória
Neymar,2018,2,25,Assistência,0,0,Marseille,Ligue 1 (França),PSG,3-0,Vitória
Neymar,2018,2,17,Gol,0,0,Strasbourg,Ligue 1 (França),PSG,5-2,Vitória
Neymar,2018,2,17,Assistência,0,0,Strasbourg,Ligue 1 (França),PSG,5-2,Vitória
Neymar,2018,2,14,Assistência,1,0,Real Madrid,Champions League,PSG,3-1,Derrota
Neymar,2018,2,14,Cartão Amarelo,1,0,Real Madrid,Champions League,PSG,3-1,Derrota
Neymar,2018,2,10,Apenas Participação,0,0,Toulouse,Ligue 1 (França),PSG,0-1,Vitória
Neymar,2018,2,3,Gol,0,0,Lille,Ligue 1 (França),PSG,0-3,Vitória
Neymar,2018,1,30,Cartão Amarelo,1,0,Rennes,Copa da Liga Francesa,PSG,2-3,Vitória
Neymar,2018,1,27,Gol,0,0,Montpellier,Ligue 1 (França),PSG,4-0,Vitória
Neymar,2018,1,27,Gol,0,0,Montpellier,Ligue 1 (França),PSG,4-0,Vitória
Neymar,2018,1,17,Gol,0,0,Dijon,Ligue 1 (França),PSG,8-0,Vitória
Neymar,2018,1,17,Gol,0,0,Dijon,Ligue 1 (França),PSG,8-0,Vitória
Neymar,2018,1,17,Gol,0,0,Dijon,Ligue 1 (França),PSG,8-0,Vitória
Neymar,2018,1,17,Gol,0,0,Dijon,Ligue 1 (França),PSG,8-0,Vitória
Neymar,2018,1,17,Assistência,0,0,Dijon,Ligue 1 (França),PSG,8-0,Vitória
Neymar,2018,1,17,Assistência,0,0,Dijon,Ligue 1 (França),PSG,8-0,Vitória
Neymar,2018,1,10,Gol,0,0,Amiens SC,Copa da Liga Francesa,PSG,0-2,Vitória
Neymar,2018,1,7,Gol,0,0,Rennes,CF,PSG,1-6,Vitória
Neymar,2018,1,7,Gol,0,0,Rennes,CF,PSG,1-6,Vitória
Lionel Messi,2014,12,20,Gol,0,0,Córdoba,La Liga (Espanha),Barcelona,5-0,Vitória
Lionel Messi,2014,12,20,Gol,0,0,Córdoba,La Liga (Espanha),Barcelona,5-0,Vitória
Lionel Messi,2014,12,13,Apenas Participação,0,0,Getafe,La Liga (Espanha),Barcelona,0-0,Empate
Lionel Messi,2014,12,10,Gol,0,0,PSG,Champions League,Barcelona,3-1,Vitória
Lionel Messi,2014,12,7,Gol,0,0,Espanyol,La Liga (Espanha),Barcelona,5-1,Vitória
Lionel Messi,2014,12,7,Gol,0,0,Espanyol,La Liga (Espanha),Barcelona,5-1,Vitória
Lionel Messi,2014,12,7,Gol,0,0,Espanyol,La Liga (Espanha),Barcelona,5-1,Vitória
Lionel Messi,2014,11,30,Cartão Amarelo,1,0,Valencia,La Liga (Espanha),Barcelona,0-1,Vitória
Lionel Messi,2014,11,25,Gol,0,0,APOEL,Champions League,Barcelona,0-4,Vitória
Lionel Messi,2014,11,25,Gol,0,0,APOEL,Champions League,Barcelona,0-4,Vitória
Lionel Messi,2014,11,25,Gol,0,0,APOEL,Champions League,Barcelona,0-4,Vitória
Lionel Messi,2014,11,22,Gol,0,0,Sevilla,La Liga (Espanha),Barcelona,5-1,Vitória
Lionel Messi,2014,11,22,Gol,0,0,Sevilla,La Liga (Espanha),Barcelona,5-1,Vitória
Lionel Messi,2014,11,22,Gol,0,0,Sevilla,La Liga (Espanha),Barcelona,5-1,Vitória
Lionel Messi,2014,11,18,Apenas Participação,0,0,Portugal,Amistosos da Seleção,Argentina,1-0,Derrota
Lionel Messi,2014,11,12,Gol,0,0,Croácia,Amistosos da Seleção,Argentina,2-1,Vitória
Lionel Messi,2014,11,8,Apenas Participação,0,0,Almería,La Liga (Espanha),Barcelona,1-2,Vitória
Lionel Messi,2014,11,5,Gol,0,0,Ajax,Champions League,Barcelona,0-2,Vitória
Lionel Messi,2014,11,5,Gol,0,0,Ajax,Champions League,Barcelona,0-2,Vitória
Lionel Messi,2014,11,1,Apenas Participação,0,0,Celta de Vigo,La Liga (Espanha),Barcelona,0-1,Derrota
Lionel Messi,2014,10,25,Cartão Amarelo,1,0,Real Madrid,La Liga (Espanha),Barcelona,3-1,Derrota
Lionel Messi,2014,10,21,Gol,0,0,Ajax,Champions League,Barcelona,3-1,Vitória
Lionel Messi,2014,10,21,Assistência,0,0,Ajax,Champions League,Barcelona,3-1,Vitória
Lionel Messi,2014,10,18,Gol,0,0,Eibar,La Liga (Espanha),Barcelona,3-0,Vitória
Lionel Messi,2014,10,18,Assistência,0,0,Eibar,La Liga (Espanha),Barcelona,3-0,Vitória
Lionel Messi,2014,10,14,Gol,0,0,Hong Kong,Amistosos da Seleção,Argentina,0-7,Vitória
Lionel Messi,2014,10,14,Gol,0,0,Hong Kong,Amistosos da Seleção,Argentina,0-7,Vitória
Lionel Messi,2014,10,14,Assistência,0,0,Hong Kong,Amistosos da Seleção,Argentina,0-7,Vitória
Lionel Messi,2014,10,11,Apenas Participação,0,0,Brasil,Amistosos da Seleção,Argentina,2-0,Derrota
Lionel Messi,2014,10,4,Gol,0,0,Rayo Vallecano,La Liga (Espanha),Barcelona,0-2,Vitória
Lionel Messi,2014,9,30,Gol,0,0,PSG,Champions League,Barcelona,3-2,Derrota
Lionel Messi,2014,9,27,Gol,0,0,Granada,La Liga (Espanha),Barcelona,6-0,Vitória
Lionel Messi,2014,9,27,Gol,0,0,Granada,La Liga (Espanha),Barcelona,6-0,Vitória
Lionel Messi,2014,9,27,Assistência,0,0,Granada,La Liga (Espanha),Barcelona,6-0,Vitória
Lionel Messi,2014,9,27,Assistência,0,0,Granada,La Liga (Espanha),Barcelona,6-0,Vitória
Lionel Messi,2014,9,24,Apenas Participação,0,0,Málaga,La Liga (Espanha),Barcelona,0-0,Empate
Lionel Messi,2014,9,21,Gol,0,0,Levante,La Liga (Espanha),Barcelona,0-5,Vitória
Lionel Messi,2014,9,21,Assistência,0,0,Levante,La Liga (Espanha),Barcelona,0-5,Vitória
Lionel Messi,2014,9,21,Assistência,0,0,Levante,La Liga (Espanha),Barcelona,0-5,Vitória
Lionel Messi,2014,9,17,Assistência,0,0,APOEL,Champions League,Barcelona,1-0,Vitória
Lionel Messi,2014,9,13,Assistência,0,0,Athletic Bilbao,La Liga (Espanha),Barcelona,2-0,Vitória
Lionel Messi,2014,9,13,Assistência,0,0,Athletic Bilbao,La Liga (Espanha),Barcelona,2-0,Vitória
Lionel Messi,2014,8,31,Apenas Participação,0,0,Villarreal,La Liga (Espanha),Barcelona,0-1,Vitória
Lionel Messi,2014,8,24,Gol,0,0,Elche,La Liga (Espanha),Barcelona,3-0,Vitória
Lionel Messi,2014,8,24,Gol,0,0,Elche,La Liga (Espanha),Barcelona,3-0,Vitória
Lionel Messi,2014,7,13,Apenas Participação,0,0,Alemanha,Copa do Mundo,Argentina,1-0(a.p.),
Lionel Messi,2014,7,9,Apenas Participação,0,0,Holanda,Copa do Mundo,Argentina,0-0(2-4)g.p.,
Lionel Messi,2014,7,5,Apenas Participação,0,0,Bélgica,Copa do Mundo,Argentina,1-0,Derrota
Lionel Messi,2014,7,1,Assistência,0,0,Suíça,Copa do Mundo,Argentina,1-0(a.p.),
Lionel Messi,2014,6,25,Gol,0,0,Nigéria,Copa do Mundo,Argentina,2-3,Vitória
Lionel Messi,2014,6,25,Gol,0,0,Nigéria,Copa do Mundo,Argentina,2-3,Vitória
Lionel Messi,2014,6,21,Gol,0,0,Irã,Copa do Mundo,Argentina,1-0,Derrota
Lionel Messi,2014,6,15,Gol,0,0,Bósnia-Herzgovina,Copa do Mundo,Argentina,2-1,Derrota
Lionel Messi,2014,6,7,Gol,0,0,Eslovênia,Amistosos da Seleção,Argentina,2-0,Vitória
Lionel Messi,2014,6,4,Apenas Participação,0,0,Trinidad e Tobago,Amistosos da Seleção,Argentina,3-0,Vitória
Lionel Messi,2014,5,17,Assistência,1,0,Atlético de Madrid,La Liga (Espanha),Barcelona,1-1,Empate
Lionel Messi,2014,5,17,Cartão Amarelo,1,0,Atlético de Madrid,La Liga (Espanha),Barcelona,1-1,Empate
Lionel Messi,2014,5,11,Apenas Participação,0,0,Elche,La Liga (Espanha),Barcelona,0-0,Empate
Lionel Messi,2014,5,3,Gol,0,0,Getafe,La Liga (Espanha),Barcelona,2-2,Empate
Lionel Messi,2014,4,27,Gol,0,0,Villarreal,La Liga (Espanha),Barcelona,2-3,Vitória
Lionel Messi,2014,4,20,Gol,0,0,Athletic Bilbao,La Liga (Espanha),Barcelona,2-1,Vitória
Lionel Messi,2014,4,16,Apenas Participação,0,0,Real Madrid,Copa do Rei (Espanha),Barcelona,2-1,Derrota
Lionel Messi,2014,4,12,Cartão Amarelo,1,0,Granada,La Liga (Espanha),Barcelona,1-0,Derrota
Lionel Messi,2014,4,9,Apenas Participação,0,0,Atlético de Madrid,Champions League,Barcelona,1-0,Derrota
Lionel Messi,2014,4,5,Gol,0,0,Real Betis,La Liga (Espanha),Barcelona,3-1,Vitória
Lionel Messi,2014,4,5,Gol,0,0,Real Betis,La Liga (Espanha),Barcelona,3-1,Vitória
Lionel Messi,2014,4,1,Apenas Participação,0,0,Atlético de Madrid,Champions League,Barcelona,1-1,Empate
Lionel Messi,2014,3,29,Gol,0,0,Espanyol,La Liga (Espanha),Barcelona,0-1,Vitória
Lionel Messi,2014,3,26,Gol,0,0,Celta de Vigo,La Liga (Espanha),Barcelona,3-0,Vitória
Lionel Messi,2014,3,23,Gol,0,0,Real Madrid,La Liga (Espanha),Barcelona,3-4,Vitória
Lionel Messi,2014,3,23,Gol,0,0,Real Madrid,La Liga (Espanha),Barcelona,3-4,Vitória
Lionel Messi,2014,3,23,Gol,0,0,Real Madrid,La Liga (Espanha),Barcelona,3-4,Vitória
Lionel Messi,2014,3,23,Assistência,0,0,Real Madrid,La Liga (Espanha),Barcelona,3-4,Vitória
Lionel Messi,2014,3,16,Gol,0,0,Osasuna,La Liga (Espanha),Barcelona,7-0,Vitória
Lionel Messi,2014,3,16,Gol,0,0,Osasuna,La Liga (Espanha),Barcelona,7-0,Vitória
Lionel Messi,2014,3,16,Gol,0,0,Osasuna,La Liga (Espanha),Barcelona,7-0,Vitória
Lionel Messi,2014,3,16,Assistência,0,0,Osasuna,La Liga (Espanha),Barcelona,7-0,Vitória
Lionel Messi,2014,3,12,Gol,0,0,Manchester City,Champions League,Barcelona,2-1,Vitória
Lionel Messi,2014,3,8,Apenas Participação,0,0,Valladolid,La Liga (Espanha),Barcelona,1-0,Derrota
Lionel Messi,2014,3,5,Apenas Participação,0,0,Romênia,Amistosos da Seleção,Argentina,0-0,Empate
Lionel Messi,2014,3,2,Gol,0,0,Almería,La Liga (Espanha),Barcelona,4-1,Vitória
Lionel Messi,2014,2,22,Gol,0,0,Real Sociedad,La Liga (Espanha),Barcelona,3-1,Derrota
Lionel Messi,2014,2,18,Gol,0,0,Manchester City,Champions League,Barcelona,0-2,Vitória
Lionel Messi,2014,2,15,Gol,0,0,Rayo Vallecano,La Liga (Espanha),Barcelona,6-0,Vitória
Lionel Messi,2014,2,15,Gol,0,0,Rayo Vallecano,La Liga (Espanha),Barcelona,6-0,Vitória
Lionel Messi,2014,2,15,Assistência,0,0,Rayo Vallecano,La Liga (Espanha),Barcelona,6-0,Vitória
Lionel Messi,2014,2,12,Gol,0,0,Real Sociedad,Copa do Rei (Espanha),Barcelona,1-1,Empate
Lionel Messi,2014,2,9,Gol,0,0,Sevilla,La Liga (Espanha),Barcelona,1-4,Vitória
Lionel Messi,2014,2,9,Gol,0,0,Sevilla,La Liga (Espanha),Barcelona,1-4,Vitória
Lionel Messi,2014,2,9,Assistência,0,0,Sevilla,La Liga (Espanha),Barcelona,1-4,Vitória
Lionel Messi,2014,2,5,Cartão Amarelo,1,0,Real Sociedad,Copa do Rei (Espanha),Barcelona,2-0,Vitória
Lionel Messi,2014,2,1,Gol,0,0,Valencia,La Liga (Espanha),Barcelona,2-3,Derrota
Lionel Messi,2014,2,1,Assistência,0,0,Valencia,La Liga (Espanha),Barcelona,2-3,Derrota
Lionel Messi,2014,1,29,Apenas Participação,0,0,Levante,Copa do Rei (Espanha),Barcelona,5-1,Vitória
Lionel Messi,2014,1,26,Assistência,0,0,Málaga,La Liga (Espanha),Barcelona,3-0,Vitória
Lionel Messi,2014,1,22,Assistência,0,0,Levante,Copa do Rei (Espanha),Barcelona,1-4,Vitória
Lionel Messi,2014,1,22,Assistência,0,0,Levante,Copa do Rei (Espanha),Barcelona,1-4,Vitória
Lionel Messi,2014,1,22,Assistência,0,0,Levante,Copa do Rei (Espanha),Barcelona,1-4,Vitória
Lionel Messi,2014,1,19,Apenas Participação,0,0,Levante,La Liga (Espanha),Barcelona,1-1,Empate
Lionel Messi,2014,1,16,Gol,0,0,Getafe,Copa do Rei (Espanha),Barcelona,0-2,Vitória
Lionel Messi,2014,1,16,Gol,0,0,Getafe,Copa do Rei (Espanha),Barcelona,0-2,Vitória
Lionel Messi,2014,1,11,Apenas Participação,0,0,Atlético de Madrid,La Liga (Espanha),Barcelona,0-0,Empate
Lionel Messi,2014,1,8,Gol,0,0,Getafe,Copa do Rei (Espanha),Barcelona,4-0,Vitória
Lionel Messi,2014,1,8,Gol,0,0,Getafe,Copa do Rei (Espanha),Barcelona,4-0,Vitória
Lionel Messi,2015,12,30,Gol,0,0,Real Betis,La Liga (Espanha),Barcelona,4-0,Vitória
Lionel Messi,2015,12,20,Gol,0,0,River Plate,Mundial de Clubes,Barcelona,0-3,Vitória
Lionel Messi,2015,12,12,Gol,0,0,Deportivo,La Liga (Espanha),Barcelona,2-2,Empate
Lionel Messi,2015,12,12,Assistência,0,0,Deportivo,La Liga (Espanha),Barcelona,2-2,Empate
Lionel Messi,2015,12,9,Gol,0,0,Bayer Leverkusen,Champions League,Barcelona,1-1,Empate
Lionel Messi,2015,12,5,Assistência,0,0,Valencia,La Liga (Espanha),Barcelona,1-1,Empate
Lionel Messi,2015,11,28,Gol,0,0,Real Sociedad,La Liga (Espanha),Barcelona,4-0,Vitória
Lionel Messi,2015,11,24,Gol,1,0,Roma,Champions League,Barcelona,6-1,Vitória
Lionel Messi,2015,11,24,Gol,1,0,Roma,Champions League,Barcelona,6-1,Vitória
Lionel Messi,2015,11,24,Assistência,1,0,Roma,Champions League,Barcelona,6-1,Vitória
Lionel Messi,2015,11,24,Cartão Amarelo,1,0,Roma,Champions League,Barcelona,6-1,Vitória
Lionel Messi,2015,11,21,Apenas Participação,0,0,Real Madrid,La Liga (Espanha),Barcelona,0-4,Vitória
Lionel Messi,2015,9,26,Apenas Participação,0,0,Las Palmas,La Liga (Espanha),Barcelona,2-1,Vitória
Lionel Messi,2015,9,23,Assistência,0,0,Celta de Vigo,La Liga (Espanha),Barcelona,4-1,Derrota
Lionel Messi,2015,9,20,Gol,0,0,Levante,La Liga (Espanha),Barcelona,4-1,Vitória
Lionel Messi,2015,9,20,Gol,0,0,Levante,La Liga (Espanha),Barcelona,4-1,Vitória
Lionel Messi,2015,9,20,Assistência,0,0,Levante,La Liga (Espanha),Barcelona,4-1,Vitória
Lionel Messi,2015,9,16,Apenas Participação,0,0,Roma,Champions League,Barcelona,1-1,Empate
Lionel Messi,2015,9,12,Gol,0,0,Atlético de Madrid,La Liga (Espanha),Barcelona,1-2,Vitória
Lionel Messi,2015,9,8,Gol,0,0,México,Amistosos da Seleção,Argentina,2-2,Empate
Lionel Messi,2015,9,4,Gol,0,0,Bolívia,Amistosos da Seleção,Argentina,7-0,Vitória
Lionel Messi,2015,9,4,Gol,0,0,Bolívia,Amistosos da Seleção,Argentina,7-0,Vitória
Lionel Messi,2015,8,29,Apenas Participação,0,0,Málaga,La Liga (Espanha),Barcelona,1-0,Vitória
Lionel Messi,2015,8,23,Apenas Participação,0,0,Athletic Bilbao,La Liga (Espanha),Barcelona,0-1,Vitória
Lionel Messi,2015,8,17,Gol,0,0,Athletic Bilbao,Supercopa da Espanha,Barcelona,1-1,Empate
Lionel Messi,2015,8,14,Apenas Participação,0,0,Athletic Bilbao,Supercopa da Espanha,Barcelona,4-0,Derrota
Lionel Messi,2015,8,11,Gol,0,0,Sevilla,SCE,Barcelona,5-4(a.p.),
Lionel Messi,2015,8,11,Gol,0,0,Sevilla,SCE,Barcelona,5-4(a.p.),
Lionel Messi,2015,7,4,Apenas Participação,0,0,Chile,Copa América,Argentina,0-0(4-1)g.p.,
Lionel Messi,2015,6,30,Assistência,0,0,Paraguai,Copa América,Argentina,6-1,Derrota
Lionel Messi,2015,6,30,Assistência,0,0,Paraguai,Copa América,Argentina,6-1,Derrota
Lionel Messi,2015,6,30,Assistência,0,0,Paraguai,Copa América,Argentina,6-1,Derrota
Lionel Messi,2015,6,26,Cartão Amarelo,1,0,Colômbia,Copa América,Argentina,0-0(5-4)g.p.,
Lionel Messi,2015,6,20,Apenas Participação,0,0,Jamaica,Copa América,Argentina,1-0,Derrota
Lionel Messi,2015,6,16,Apenas Participação,0,0,Uruguai,Copa América,Argentina,1-0,Derrota
Lionel Messi,2015,6,13,Gol,0,0,Paraguai,Copa América,Argentina,2-2,Empate
Lionel Messi,2015,6,6,Apenas Participação,0,0,Juventus,Champions League,Barcelona,1-3,Vitória
Lionel Messi,2015,5,30,Gol,0,0,Athletic Bilbao,Copa do Rei (Espanha),Barcelona,1-3,Vitória
Lionel Messi,2015,5,30,Gol,0,0,Athletic Bilbao,Copa do Rei (Espanha),Barcelona,1-3,Vitória
Lionel Messi,2015,5,23,Gol,0,0,Deportivo,La Liga (Espanha),Barcelona,2-2,Empate
Lionel Messi,2015,5,23,Gol,0,0,Deportivo,La Liga (Espanha),Barcelona,2-2,Empate
Lionel Messi,2015,5,17,Gol,1,0,Atlético de Madrid,La Liga (Espanha),Barcelona,0-1,Vitória
Lionel Messi,2015,5,17,Cartão Amarelo,1,0,Atlético de Madrid,La Liga (Espanha),Barcelona,0-1,Vitória
Lionel Messi,2015,5,12,Apenas Participação,0,0,Bayern München,Champions League,Barcelona,3-2,Derrota
Lionel Messi,2015,5,9,Apenas Participação,0,0,Real Sociedad,La Liga (Espanha),Barcelona,2-0,Vitória
Lionel Messi,2015,5,6,Gol,0,0,Bayern München,Champions League,Barcelona,3-0,Vitória
Lionel Messi,2015,5,6,Gol,0,0,Bayern München,Champions League,Barcelona,3-0,Vitória
Lionel Messi,2015,5,6,Assistência,0,0,Bayern München,Champions League,Barcelona,3-0,Vitória
Lionel Messi,2015,5,2,Gol,0,0,Córdoba,La Liga (Espanha),Barcelona,0-8,Vitória
Lionel Messi,2015,5,2,Gol,0,0,Córdoba,La Liga (Espanha),Barcelona,0-8,Vitória
Lionel Messi,2015,5,2,Assistência,0,0,Córdoba,La Liga (Espanha),Barcelona,0-8,Vitória
Lionel Messi,2015,4,28,Gol,0,0,Getafe,La Liga (Espanha),Barcelona,6-0,Vitória
Lionel Messi,2015,4,28,Gol,0,0,Getafe,La Liga (Espanha),Barcelona,6-0,Vitória
Lionel Messi,2015,4,28,Assistência,0,0,Getafe,La Liga (Espanha),Barcelona,6-0,Vitória
Lionel Messi,2015,4,25,Gol,0,0,Espanyol,La Liga (Espanha),Barcelona,0-2,Vitória
Lionel Messi,2015,4,21,Apenas Participação,0,0,PSG,Champions League,Barcelona,2-0,Vitória
Lionel Messi,2015,4,18,Gol,0,0,Valencia,La Liga (Espanha),Barcelona,2-0,Vitória
Lionel Messi,2015,4,18,Assistência,0,0,Valencia,La Liga (Espanha),Barcelona,2-0,Vitória
Lionel Messi,2015,4,15,Assistência,1,0,PSG,Champions League,Barcelona,1-3,Vitória
Lionel Messi,2015,4,15,Cartão Amarelo,1,0,PSG,Champions League,Barcelona,1-3,Vitória
Lionel Messi,2015,4,11,Gol,0,0,Sevilla,La Liga (Espanha),Barcelona,2-2,Empate
Lionel Messi,2015,4,8,Gol,0,0,Almería,La Liga (Espanha),Barcelona,4-0,Vitória
Lionel Messi,2015,4,5,Apenas Participação,0,0,Celta de Vigo,La Liga (Espanha),Barcelona,0-1,Vitória
Lionel Messi,2015,3,31,Apenas Participação,0,0,Equador,Amistosos da Seleção,Argentina,2-1,Vitória
Lionel Messi,2015,3,28,Apenas Participação,0,0,El Salvador,Amistosos da Seleção,Argentina,0-2,Vitória
Lionel Messi,2015,3,22,Assistência,0,0,Real Madrid,La Liga (Espanha),Barcelona,2-1,Vitória
Lionel Messi,2015,3,18,Assistência,0,0,Manchester City,Champions League,Barcelona,1-0,Vitória
Lionel Messi,2015,3,14,Gol,0,0,Eibar,La Liga (Espanha),Barcelona,0-2,Vitória
Lionel Messi,2015,3,14,Gol,0,0,Eibar,La Liga (Espanha),Barcelona,0-2,Vitória
Lionel Messi,2015,3,8,Gol,0,0,Rayo Vallecano,La Liga (Espanha),Barcelona,6-1,Vitória
Lionel Messi,2015,3,8,Gol,0,0,Rayo Vallecano,La Liga (Espanha),Barcelona,6-1,Vitória
Lionel Messi,2015,3,8,Gol,0,0,Rayo Vallecano,La Liga (Espanha),Barcelona,6-1,Vitória
Lionel Messi,2015,3,8,Assistência,0,0,Rayo Vallecano,La Liga (Espanha),Barcelona,6-1,Vitória
Lionel Messi,2015,3,4,Assistência,0,0,Villarreal,Copa do Rei (Espanha),Barcelona,1-3,Vitória
Lionel Messi,2015,2,28,Gol,0,0,Granada,La Liga (Espanha),Barcelona,1-3,Vitória
Lionel Messi,2015,2,24,Apenas Participação,0,0,Manchester City,Champions League,Barcelona,1-2,Vitória
Lionel Messi,2015,2,21,Apenas Participação,0,0,Málaga,La Liga (Espanha),Barcelona,0-1,Derrota
Lionel Messi,2015,2,15,Gol,0,0,Levante,La Liga (Espanha),Barcelona,5-0,Vitória
Lionel Messi,2015,2,15,Gol,0,0,Levante,La Liga (Espanha),Barcelona,5-0,Vitória
Lionel Messi,2015,2,15,Gol,0,0,Levante,La Liga (Espanha),Barcelona,5-0,Vitória
Lionel Messi,2015,2,15,Assistência,0,0,Levante,La Liga (Espanha),Barcelona,5-0,Vitória
Lionel Messi,2015,2,11,Gol,0,0,Villarreal,Copa do Rei (Espanha),Barcelona,3-1,Vitória
Lionel Messi,2015,2,11,Assistência,0,0,Villarreal,Copa do Rei (Espanha),Barcelona,3-1,Vitória
Lionel Messi,2015,2,8,Gol,0,0,Athletic Bilbao,La Liga (Espanha),Barcelona,2-5,Vitória
Lionel Messi,2015,2,8,Assistência,0,0,Athletic Bilbao,La Liga (Espanha),Barcelona,2-5,Vitória
Lionel Messi,2015,2,8,Assistência,0,0,Athletic Bilbao,La Liga (Espanha),Barcelona,2-5,Vitória
Lionel Messi,2015,2,1,Gol,0,0,Villarreal,La Liga (Espanha),Barcelona,3-2,Vitória
Lionel Messi,2015,1,28,Cartão Amarelo,1,0,Atlético de Madrid,Copa do Rei (Espanha),Barcelona,2-3,Vitória
Lionel Messi,2015,1,24,Gol,0,0,Elche,La Liga (Espanha),Barcelona,0-6,Vitória
Lionel Messi,2015,1,24,Gol,0,0,Elche,La Liga (Espanha),Barcelona,0-6,Vitória
Lionel Messi,2015,1,24,Assistência,0,0,Elche,La Liga (Espanha),Barcelona,0-6,Vitória
Lionel Messi,2015,1,24,Assistência,0,0,Elche,La Liga (Espanha),Barcelona,0-6,Vitória
Lionel Messi,2015,1,21,Gol,0,0,Atlético de Madrid,Copa do Rei (Espanha),Barcelona,1-0,Vitória
Lionel Messi,2015,1,18,Gol,0,0,Deportivo,La Liga (Espanha),Barcelona,0-4,Vitória
Lionel Messi,2015,1,18,Gol,0,0,Deportivo,La Liga (Espanha),Barcelona,0-4,Vitória
Lionel Messi,2015,1,18,Gol,0,0,Deportivo,La Liga (Espanha),Barcelona,0-4,Vitória
Lionel Messi,2015,1,11,Gol,1,0,Atlético de Madrid,La Liga (Espanha),Barcelona,3-1,Vitória
Lionel Messi,2015,1,11,Assistência,1,0,Atlético de Madrid,La Liga (Espanha),Barcelona,3-1,Vitória
Lionel Messi,2015,1,11,Cartão Amarelo,1,0,Atlético de Madrid,La Liga (Espanha),Barcelona,3-1,Vitória
Lionel Messi,2015,1,8,Gol,0,0,Elche,Copa do Rei (Espanha),Barcelona,5-0,Vitória
Lionel Messi,2015,1,8,Assistência,0,0,Elche,Copa do Rei (Espanha),Barcelona,5-0,Vitória
Lionel Messi,2015,1,8,Assistência,0,0,Elche,Copa do Rei (Espanha),Barcelona,5-0,Vitória
Lionel Messi,2015,1,4,Apenas Participação,0,0,Real Sociedad,La Liga (Espanha),Barcelona,1-0,Derrota
Lionel Messi,2016,12,18,Gol,0,0,Espanyol,La Liga (Espanha),Barcelona,4-1,Vitória
Lionel Messi,2016,12,10,Gol,0,0,Osasuna,La Liga (Espanha),Barcelona,0-3,Vitória
Lionel Messi,2016,12,10,Gol,0,0,Osasuna,La Liga (Espanha),Barcelona,0-3,Vitória
Lionel Messi,2016,12,6,Gol,0,0,Borussia M´gladbach,Champions League,Barcelona,4-0,Vitória
Lionel Messi,2016,12,3,Apenas Participação,0,0,Real Madrid,La Liga (Espanha),Barcelona,1-1,Empate
Lionel Messi,2016,11,27,Gol,0,0,Real Sociedad,La Liga (Espanha),Barcelona,1-1,Empate
Lionel Messi,2016,11,23,Gol,0,0,Celtic,Champions League,Barcelona,0-2,Vitória
Lionel Messi,2016,11,23,Gol,0,0,Celtic,Champions League,Barcelona,0-2,Vitória
Lionel Messi,2016,11,15,Gol,0,0,Colômbia,Eliminatórias da Copa do Mundo,Argentina,3-0,Vitória
Lionel Messi,2016,11,15,Assistência,0,0,Colômbia,Eliminatórias da Copa do Mundo,Argentina,3-0,Vitória
Lionel Messi,2016,11,15,Assistência,0,0,Colômbia,Eliminatórias da Copa do Mundo,Argentina,3-0,Vitória
Lionel Messi,2016,11,10,Apenas Participação,0,0,Brasil,Eliminatórias da Copa do Mundo,Argentina,3-0,Derrota
Lionel Messi,2016,11,6,Gol,1,0,Sevilla,La Liga (Espanha),Barcelona,1-2,Vitória
Lionel Messi,2016,11,6,Assistência,1,0,Sevilla,La Liga (Espanha),Barcelona,1-2,Vitória
Lionel Messi,2016,11,6,Cartão Amarelo,1,0,Sevilla,La Liga (Espanha),Barcelona,1-2,Vitória
Lionel Messi,2016,11,1,Gol,0,0,Manchester City,Champions League,Barcelona,3-1,Derrota
Lionel Messi,2016,10,29,Apenas Participação,0,0,Granada,La Liga (Espanha),Barcelona,1-0,Vitória
Lionel Messi,2016,10,22,Gol,1,0,Valencia,La Liga (Espanha),Barcelona,2-3,Vitória
Lionel Messi,2016,10,22,Gol,1,0,Valencia,La Liga (Espanha),Barcelona,2-3,Vitória
Lionel Messi,2016,10,22,Cartão Amarelo,1,0,Valencia,La Liga (Espanha),Barcelona,2-3,Vitória
Lionel Messi,2016,10,19,Gol,0,0,Manchester City,Champions League,Barcelona,4-0,Vitória
Lionel Messi,2016,10,19,Gol,0,0,Manchester City,Champions League,Barcelona,4-0,Vitória
Lionel Messi,2016,10,19,Gol,0,0,Manchester City,Champions League,Barcelona,4-0,Vitória
Lionel Messi,2016,10,19,Assistência,0,0,Manchester City,Champions League,Barcelona,4-0,Vitória
Lionel Messi,2016,10,15,Gol,1,0,Deportivo,La Liga (Espanha),Barcelona,4-0,Vitória
Lionel Messi,2016,10,15,Cartão Amarelo,1,0,Deportivo,La Liga (Espanha),Barcelona,4-0,Vitória
Lionel Messi,2016,9,21,Apenas Participação,0,0,Atlético de Madrid,La Liga (Espanha),Barcelona,1-1,Empate
Lionel Messi,2016,9,17,Gol,0,0,Leganés,La Liga (Espanha),Barcelona,1-5,Vitória
Lionel Messi,2016,9,17,Gol,0,0,Leganés,La Liga (Espanha),Barcelona,1-5,Vitória
Lionel Messi,2016,9,17,Assistência,0,0,Leganés,La Liga (Espanha),Barcelona,1-5,Vitória
Lionel Messi,2016,9,13,Gol,0,0,Celtic,Champions League,Barcelona,7-0,Vitória
Lionel Messi,2016,9,13,Gol,0,0,Celtic,Champions League,Barcelona,7-0,Vitória
Lionel Messi,2016,9,13,Gol,0,0,Celtic,Champions League,Barcelona,7-0,Vitória
Lionel Messi,2016,9,13,Assistência,0,0,Celtic,Champions League,Barcelona,7-0,Vitória
Lionel Messi,2016,9,10,Apenas Participação,0,0,Alavés,La Liga (Espanha),Barcelona,1-2,Derrota
Lionel Messi,2016,9,1,Gol,0,0,Uruguai,Eliminatórias da Copa do Mundo,Argentina,1-0,Vitória
Lionel Messi,2016,8,28,Apenas Participação,0,0,Athletic Bilbao,La Liga (Espanha),Barcelona,0-1,Vitória
Lionel Messi,2016,8,20,Gol,0,0,Real Betis,La Liga (Espanha),Barcelona,6-2,Vitória
Lionel Messi,2016,8,20,Gol,0,0,Real Betis,La Liga (Espanha),Barcelona,6-2,Vitória
Lionel Messi,2016,8,20,Assistência,0,0,Real Betis,La Liga (Espanha),Barcelona,6-2,Vitória
Lionel Messi,2016,8,17,Gol,0,0,Sevilla,Supercopa da Espanha,Barcelona,3-0,Vitória
Lionel Messi,2016,8,17,Assistência,0,0,Sevilla,Supercopa da Espanha,Barcelona,3-0,Vitória
Lionel Messi,2016,8,14,Assistência,0,0,Sevilla,Supercopa da Espanha,Barcelona,0-2,Vitória
Lionel Messi,2016,6,26,Cartão Amarelo,1,0,Chile,Copa América,Argentina,0-0(2-4)g.p.,
Lionel Messi,2016,6,21,Gol,0,0,Estados Unidos,Copa América,Argentina,0-4,Vitória
Lionel Messi,2016,6,21,Assistência,0,0,Estados Unidos,Copa América,Argentina,0-4,Vitória
Lionel Messi,2016,6,21,Assistência,0,0,Estados Unidos,Copa América,Argentina,0-4,Vitória
Lionel Messi,2016,6,18,Gol,0,0,Venezuela,Copa América,Argentina,4-1,Derrota
Lionel Messi,2016,6,18,Assistência,0,0,Venezuela,Copa América,Argentina,4-1,Derrota
Lionel Messi,2016,6,18,Assistência,0,0,Venezuela,Copa América,Argentina,4-1,Derrota
Lionel Messi,2016,6,14,Apenas Participação,0,0,Bolívia,Copa América,Argentina,3-0,Derrota
Lionel Messi,2016,6,10,Gol,0,0,Panamá,Copa América,Argentina,5-0,Derrota
Lionel Messi,2016,6,10,Gol,0,0,Panamá,Copa América,Argentina,5-0,Derrota
Lionel Messi,2016,6,10,Gol,0,0,Panamá,Copa América,Argentina,5-0,Derrota
Lionel Messi,2016,6,6,Apenas Participação,0,0,Chile,Copa América,Argentina,2-1,Derrota
Lionel Messi,2016,5,27,Apenas Participação,0,0,Honduras,Amistosos da Seleção,Argentina,1-0,Vitória
Lionel Messi,2016,5,22,Assistência,0,0,Sevilla,Copa do Rei (Espanha),Barcelona,2-0(a.p.),
Lionel Messi,2016,5,22,Assistência,0,0,Sevilla,Copa do Rei (Espanha),Barcelona,2-0(a.p.),
Lionel Messi,2016,5,14,Apenas Participação,0,0,Granada,La Liga (Espanha),Barcelona,0-3,Vitória
Lionel Messi,2016,5,8,Gol,1,0,Espanyol,La Liga (Espanha),Barcelona,5-0,Vitória
Lionel Messi,2016,5,8,Assistência,1,0,Espanyol,La Liga (Espanha),Barcelona,5-0,Vitória
Lionel Messi,2016,5,8,Cartão Amarelo,1,0,Espanyol,La Liga (Espanha),Barcelona,5-0,Vitória
Lionel Messi,2016,4,30,Assistência,1,0,Real Betis,La Liga (Espanha),Barcelona,0-2,Vitória
Lionel Messi,2016,4,30,Assistência,1,0,Real Betis,La Liga (Espanha),Barcelona,0-2,Vitória
Lionel Messi,2016,4,30,Cartão Amarelo,1,0,Real Betis,La Liga (Espanha),Barcelona,0-2,Vitória
Lionel Messi,2016,4,23,Gol,0,0,Sporting Gijón,La Liga (Espanha),Barcelona,6-0,Vitória
Lionel Messi,2016,4,23,Assistência,0,0,Sporting Gijón,La Liga (Espanha),Barcelona,6-0,Vitória
Lionel Messi,2016,4,20,Gol,0,0,Deportivo,La Liga (Espanha),Barcelona,0-8,Vitória
Lionel Messi,2016,4,20,Assistência,0,0,Deportivo,La Liga (Espanha),Barcelona,0-8,Vitória
Lionel Messi,2016,4,20,Assistência,0,0,Deportivo,La Liga (Espanha),Barcelona,0-8,Vitória
Lionel Messi,2016,4,17,Gol,0,0,Valencia,La Liga (Espanha),Barcelona,1-2,Derrota
Lionel Messi,2016,4,13,Apenas Participação,0,0,Atlético de Madrid,Champions League,Barcelona,2-0,Derrota
Lionel Messi,2016,4,9,Apenas Participação,0,0,Real Sociedad,La Liga (Espanha),Barcelona,1-0,Derrota
Lionel Messi,2016,4,5,Apenas Participação,0,0,Atlético de Madrid,Champions League,Barcelona,2-1,Vitória
Lionel Messi,2016,4,2,Apenas Participação,0,0,Real Madrid,La Liga (Espanha),Barcelona,1-2,Derrota
Lionel Messi,2016,3,29,Gol,0,0,Bolívia,Eliminatórias da Copa do Mundo,Argentina,2-0,Vitória
Lionel Messi,2016,3,24,Apenas Participação,0,0,Chile,Eliminatórias da Copa do Mundo,Argentina,1-2,Vitória
Lionel Messi,2016,3,20,Apenas Participação,0,0,Villarreal,La Liga (Espanha),Barcelona,2-2,Empate
Lionel Messi,2016,3,16,Gol,0,0,Arsenal,Champions League,Barcelona,3-1,Vitória
Lionel Messi,2016,3,12,Gol,0,0,Getafe,La Liga (Espanha),Barcelona,6-0,Vitória
Lionel Messi,2016,3,12,Assistência,0,0,Getafe,La Liga (Espanha),Barcelona,6-0,Vitória
Lionel Messi,2016,3,12,Assistência,0,0,Getafe,La Liga (Espanha),Barcelona,6-0,Vitória
Lionel Messi,2016,3,12,Assistência,0,0,Getafe,La Liga (Espanha),Barcelona,6-0,Vitória
Lionel Messi,2016,3,6,Gol,0,0,Eibar,La Liga (Espanha),Barcelona,0-4,Vitória
Lionel Messi,2016,3,6,Gol,0,0,Eibar,La Liga (Espanha),Barcelona,0-4,Vitória
Lionel Messi,2016,3,3,Gol,0,0,Rayo Vallecano,La Liga (Espanha),Barcelona,1-5,Vitória
Lionel Messi,2016,3,3,Gol,0,0,Rayo Vallecano,La Liga (Espanha),Barcelona,1-5,Vitória
Lionel Messi,2016,3,3,Gol,0,0,Rayo Vallecano,La Liga (Espanha),Barcelona,1-5,Vitória
Lionel Messi,2016,2,28,Gol,0,0,Sevilla,La Liga (Espanha),Barcelona,2-1,Vitória
Lionel Messi,2016,2,23,Gol,0,0,Arsenal,Champions League,Barcelona,0-2,Vitória
Lionel Messi,2016,2,23,Gol,0,0,Arsenal,Champions League,Barcelona,0-2,Vitória
Lionel Messi,2016,2,20,Apenas Participação,0,0,Las Palmas,La Liga (Espanha),Barcelona,1-2,Vitória
Lionel Messi,2016,2,17,Gol,0,0,Sporting Gijón,La Liga (Espanha),Barcelona,1-3,Vitória
Lionel Messi,2016,2,17,Gol,0,0,Sporting Gijón,La Liga (Espanha),Barcelona,1-3,Vitória
Lionel Messi,2016,2,14,Gol,0,0,Celta de Vigo,La Liga (Espanha),Barcelona,6-1,Vitória
Lionel Messi,2016,2,14,Assistência,0,0,Celta de Vigo,La Liga (Espanha),Barcelona,6-1,Vitória
Lionel Messi,2016,2,14,Assistência,0,0,Celta de Vigo,La Liga (Espanha),Barcelona,6-1,Vitória
Lionel Messi,2016,2,7,Assistência,0,0,Levante,La Liga (Espanha),Barcelona,0-2,Vitória
Lionel Messi,2016,2,3,Gol,0,0,Valencia,Copa do Rei (Espanha),Barcelona,7-0,Vitória
Lionel Messi,2016,2,3,Gol,0,0,Valencia,Copa do Rei (Espanha),Barcelona,7-0,Vitória
Lionel Messi,2016,2,3,Gol,0,0,Valencia,Copa do Rei (Espanha),Barcelona,7-0,Vitória
Lionel Messi,2016,1,30,Gol,0,0,Atlético de Madrid,La Liga (Espanha),Barcelona,2-1,Vitória
Lionel Messi,2016,1,27,Assistência,0,0,Athletic Bilbao,Copa do Rei (Espanha),Barcelona,3-1,Vitória
Lionel Messi,2016,1,23,Gol,1,0,Málaga,La Liga (Espanha),Barcelona,1-2,Vitória
Lionel Messi,2016,1,23,Cartão Amarelo,1,0,Málaga,La Liga (Espanha),Barcelona,1-2,Vitória
Lionel Messi,2016,1,17,Gol,0,0,Athletic Bilbao,La Liga (Espanha),Barcelona,6-0,Vitória
Lionel Messi,2016,1,13,Assistência,0,0,Espanyol,Copa do Rei (Espanha),Barcelona,0-2,Vitória
Lionel Messi,2016,1,9,Gol,0,0,Granada,La Liga (Espanha),Barcelona,4-0,Vitória
Lionel Messi,2016,1,9,Gol,0,0,Granada,La Liga (Espanha),Barcelona,4-0,Vitória
Lionel Messi,2016,1,9,Gol,0,0,Granada,La Liga (Espanha),Barcelona,4-0,Vitória
Lionel Messi,2016,1,6,Gol,1,0,Espanyol,Copa do Rei (Espanha),Barcelona,4-1,Vitória
Lionel Messi,2016,1,6,Gol,1,0,Espanyol,Copa do Rei (Espanha),Barcelona,4-1,Vitória
Lionel Messi,2016,1,6,Assistência,1,0,Espanyol,Copa do Rei (Espanha),Barcelona,4-1,Vitória
Lionel Messi,2016,1,6,Assistência,1,0,Espanyol,Copa do Rei (Espanha),Barcelona,4-1,Vitória
Lionel Messi,2016,1,6,Cartão Amarelo,1,0,Espanyol,Copa do Rei (Espanha),Barcelona,4-1,Vitória
Lionel Messi,2016,1,2,Apenas Participação,0,0,Espanyol,La Liga (Espanha),Barcelona,0-0,Empate
Lionel Messi,2017,12,23,Gol,0,0,Real Madrid,La Liga (Espanha),Barcelona,0-3,Vitória
Lionel Messi,2017,12,23,Assistência,0,0,Real Madrid,La Liga (Espanha),Barcelona,0-3,Vitória
Lionel Messi,2017,12,17,Assistência,0,0,Deportivo,La Liga (Espanha),Barcelona,4-0,Vitória
Lionel Messi,2017,12,10,Gol,0,0,Villarreal,La Liga (Espanha),Barcelona,0-2,Vitória
Lionel Messi,2017,12,5,Apenas Participação,0,0,Sporting,Champions League,Barcelona,2-0,Vitória
Lionel Messi,2017,12,2,Gol,0,0,Celta de Vigo,La Liga (Espanha),Barcelona,2-2,Empate
Lionel Messi,2017,11,26,Assistência,0,0,Valencia,La Liga (Espanha),Barcelona,1-1,Empate
Lionel Messi,2017,11,22,Apenas Participação,0,0,Juventus,Champions League,Barcelona,0-0,Empate
Lionel Messi,2017,11,18,Apenas Participação,0,0,Leganés,La Liga (Espanha),Barcelona,0-3,Vitória
Lionel Messi,2017,11,11,Apenas Participação,0,0,Rússia,Amistosos da Seleção,Argentina,0-1,Vitória
Lionel Messi,2017,11,4,Cartão Amarelo,1,0,Sevilla,La Liga (Espanha),Barcelona,2-1,Vitória
Lionel Messi,2017,10,31,Apenas Participação,0,0,Olympiacos,Champions League,Barcelona,0-0,Empate
Lionel Messi,2017,10,28,Gol,0,0,Athletic Bilbao,La Liga (Espanha),Barcelona,0-2,Vitória
Lionel Messi,2017,10,21,Assistência,0,0,Málaga,La Liga (Espanha),Barcelona,2-0,Vitória
Lionel Messi,2017,10,18,Gol,0,0,Olympiacos,Champions League,Barcelona,3-1,Vitória
Lionel Messi,2017,10,18,Assistência,0,0,Olympiacos,Champions League,Barcelona,3-1,Vitória
Lionel Messi,2017,10,14,Apenas Participação,0,0,Atlético de Madrid,La Liga (Espanha),Barcelona,1-1,Empate
Lionel Messi,2017,10,10,Gol,0,0,Equador,Eliminatórias da Copa do Mundo,Argentina,1-3,Vitória
Lionel Messi,2017,10,10,Gol,0,0,Equador,Eliminatórias da Copa do Mundo,Argentina,1-3,Vitória
Lionel Messi,2017,10,10,Gol,0,0,Equador,Eliminatórias da Copa do Mundo,Argentina,1-3,Vitória
Lionel Messi,2017,10,5,Apenas Participação,0,0,Peru,Eliminatórias da Copa do Mundo,Argentina,0-0,Empate
Lionel Messi,2017,10,1,Gol,0,0,Las Palmas,La Liga (Espanha),Barcelona,3-0,Vitória
Lionel Messi,2017,10,1,Gol,0,0,Las Palmas,La Liga (Espanha),Barcelona,3-0,Vitória
Lionel Messi,2017,10,1,Assistência,0,0,Las Palmas,La Liga (Espanha),Barcelona,3-0,Vitória
Lionel Messi,2017,9,27,Apenas Participação,0,0,Sporting,Champions League,Barcelona,0-1,Vitória
Lionel Messi,2017,9,23,Apenas Participação,0,0,Girona,La Liga (Espanha),Barcelona,0-3,Vitória
Lionel Messi,2017,9,19,Gol,0,0,Eibar,La Liga (Espanha),Barcelona,6-1,Vitória
Lionel Messi,2017,9,19,Gol,0,0,Eibar,La Liga (Espanha),Barcelona,6-1,Vitória
Lionel Messi,2017,9,19,Gol,0,0,Eibar,La Liga (Espanha),Barcelona,6-1,Vitória
Lionel Messi,2017,9,19,Gol,0,0,Eibar,La Liga (Espanha),Barcelona,6-1,Vitória
Lionel Messi,2017,9,16,Assistência,0,0,Getafe,La Liga (Espanha),Barcelona,1-2,Vitória
Lionel Messi,2017,9,12,Gol,1,0,Juventus,Champions League,Barcelona,3-0,Vitória
Lionel Messi,2017,9,12,Gol,1,0,Juventus,Champions League,Barcelona,3-0,Vitória
Lionel Messi,2017,9,12,Cartão Amarelo,1,0,Juventus,Champions League,Barcelona,3-0,Vitória
Lionel Messi,2017,9,9,Gol,0,0,Espanyol,La Liga (Espanha),Barcelona,5-0,Vitória
Lionel Messi,2017,9,9,Gol,0,0,Espanyol,La Liga (Espanha),Barcelona,5-0,Vitória
Lionel Messi,2017,9,9,Gol,0,0,Espanyol,La Liga (Espanha),Barcelona,5-0,Vitória
Lionel Messi,2017,9,5,Apenas Participação,0,0,Venezuela,Eliminatórias da Copa do Mundo,Argentina,1-1,Empate
Lionel Messi,2017,8,31,Apenas Participação,0,0,Uruguai,Eliminatórias da Copa do Mundo,Argentina,0-0,Empate
Lionel Messi,2017,8,26,Gol,0,0,Alavés,La Liga (Espanha),Barcelona,0-2,Vitória
Lionel Messi,2017,8,26,Gol,0,0,Alavés,La Liga (Espanha),Barcelona,0-2,Vitória
Lionel Messi,2017,8,20,Apenas Participação,0,0,Real Betis,La Liga (Espanha),Barcelona,2-0,Vitória
Lionel Messi,2017,8,16,Apenas Participação,0,0,Real Madrid,Supercopa da Espanha,Barcelona,2-0,Derrota
Lionel Messi,2017,8,13,Gol,1,0,Real Madrid,Supercopa da Espanha,Barcelona,1-3,Derrota
Lionel Messi,2017,8,13,Cartão Amarelo,1,0,Real Madrid,Supercopa da Espanha,Barcelona,1-3,Derrota
Lionel Messi,2017,6,9,Apenas Participação,0,0,Brasil,Amistosos da Seleção,Argentina,0-1,Vitória
Lionel Messi,2017,5,27,Gol,1,0,Alavés,Copa do Rei (Espanha),Barcelona,3-1,Vitória
Lionel Messi,2017,5,27,Assistência,1,0,Alavés,Copa do Rei (Espanha),Barcelona,3-1,Vitória
Lionel Messi,2017,5,27,Cartão Amarelo,1,0,Alavés,Copa do Rei (Espanha),Barcelona,3-1,Vitória
Lionel Messi,2017,5,21,Gol,0,0,Eibar,La Liga (Espanha),Barcelona,4-2,Vitória
Lionel Messi,2017,5,21,Gol,0,0,Eibar,La Liga (Espanha),Barcelona,4-2,Vitória
Lionel Messi,2017,5,14,Apenas Participação,0,0,Las Palmas,La Liga (Espanha),Barcelona,1-4,Vitória
Lionel Messi,2017,5,6,Gol,0,0,Villarreal,La Liga (Espanha),Barcelona,4-1,Vitória
Lionel Messi,2017,5,6,Gol,0,0,Villarreal,La Liga (Espanha),Barcelona,4-1,Vitória
Lionel Messi,2017,4,29,Assistência,0,0,Espanyol,La Liga (Espanha),Barcelona,0-3,Vitória
Lionel Messi,2017,4,26,Gol,0,0,Osasuna,La Liga (Espanha),Barcelona,7-1,Vitória
Lionel Messi,2017,4,26,Gol,0,0,Osasuna,La Liga (Espanha),Barcelona,7-1,Vitória
Lionel Messi,2017,4,23,Gol,1,0,Real Madrid,La Liga (Espanha),Barcelona,2-3,Vitória
Lionel Messi,2017,4,23,Gol,1,0,Real Madrid,La Liga (Espanha),Barcelona,2-3,Vitória
Lionel Messi,2017,4,23,Cartão Amarelo,1,0,Real Madrid,La Liga (Espanha),Barcelona,2-3,Vitória
Lionel Messi,2017,4,19,Apenas Participação,0,0,Juventus,Champions League,Barcelona,0-0,Empate
Lionel Messi,2017,4,15,Gol,0,0,Real Sociedad,La Liga (Espanha),Barcelona,3-2,Vitória
Lionel Messi,2017,4,15,Gol,0,0,Real Sociedad,La Liga (Espanha),Barcelona,3-2,Vitória
Lionel Messi,2017,4,15,Assistência,0,0,Real Sociedad,La Liga (Espanha),Barcelona,3-2,Vitória
Lionel Messi,2017,4,11,Apenas Participação,0,0,Juventus,Champions League,Barcelona,3-0,Derrota
Lionel Messi,2017,4,8,Apenas Participação,0,0,Málaga,La Liga (Espanha),Barcelona,2-0,Derrota
Lionel Messi,2017,4,5,Gol,0,0,Sevilla,La Liga (Espanha),Barcelona,3-0,Vitória
Lionel Messi,2017,4,5,Gol,0,0,Sevilla,La Liga (Espanha),Barcelona,3-0,Vitória
Lionel Messi,2017,3,23,Gol,0,0,Chile,Eliminatórias da Copa do Mundo,Argentina,1-0,Vitória
Lionel Messi,2017,3,19,Gol,1,0,Valencia,La Liga (Espanha),Barcelona,4-2,Vitória
Lionel Messi,2017,3,19,Gol,1,0,Valencia,La Liga (Espanha),Barcelona,4-2,Vitória
Lionel Messi,2017,3,19,Cartão Amarelo,1,0,Valencia,La Liga (Espanha),Barcelona,4-2,Vitória
Lionel Messi,2017,3,12,Apenas Participação,0,0,Deportivo,La Liga (Espanha),Barcelona,2-1,Derrota
Lionel Messi,2017,3,8,Gol,0,0,PSG,Champions League,Barcelona,6-1,Vitória
Lionel Messi,2017,3,4,Gol,0,0,Celta de Vigo,La Liga (Espanha),Barcelona,5-0,Vitória
Lionel Messi,2017,3,4,Gol,0,0,Celta de Vigo,La Liga (Espanha),Barcelona,5-0,Vitória
Lionel Messi,2017,3,4,Assistência,0,0,Celta de Vigo,La Liga (Espanha),Barcelona,5-0,Vitória
Lionel Messi,2017,3,4,Assistência,0,0,Celta de Vigo,La Liga (Espanha),Barcelona,5-0,Vitória
Lionel Messi,2017,3,1,Gol,0,0,Sporting Gijón,La Liga (Espanha),Barcelona,6-1,Vitória
Lionel Messi,2017,3,1,Assistência,0,0,Sporting Gijón,La Liga (Espanha),Barcelona,6-1,Vitória
Lionel Messi,2017,2,26,Gol,1,0,Atlético de Madrid,La Liga (Espanha),Barcelona,1-2,Vitória
Lionel Messi,2017,2,26,Cartão Amarelo,1,0,Atlético de Madrid,La Liga (Espanha),Barcelona,1-2,Vitória
Lionel Messi,2017,2,19,Gol,0,0,Leganés,La Liga (Espanha),Barcelona,2-1,Vitória
Lionel Messi,2017,2,19,Gol,0,0,Leganés,La Liga (Espanha),Barcelona,2-1,Vitória
Lionel Messi,2017,2,14,Apenas Participação,0,0,PSG,Champions League,Barcelona,4-0,Derrota
Lionel Messi,2017,2,11,Gol,0,0,Alavés,La Liga (Espanha),Barcelona,0-6,Vitória
Lionel Messi,2017,2,7,Apenas Participação,0,0,Atlético de Madrid,Copa do Rei (Espanha),Barcelona,1-1,Empate
Lionel Messi,2017,2,4,Gol,0,0,Athletic Bilbao,La Liga (Espanha),Barcelona,3-0,Vitória
Lionel Messi,2017,2,1,Gol,1,0,Atlético de Madrid,Copa do Rei (Espanha),Barcelona,1-2,Vitória
Lionel Messi,2017,2,1,Cartão Amarelo,1,0,Atlético de Madrid,Copa do Rei (Espanha),Barcelona,1-2,Vitória
Lionel Messi,2017,1,29,Assistência,0,0,Real Betis,La Liga (Espanha),Barcelona,1-1,Empate
Lionel Messi,2017,1,26,Gol,0,0,Real Sociedad,Copa do Rei (Espanha),Barcelona,5-2,Vitória
Lionel Messi,2017,1,26,Assistência,0,0,Real Sociedad,Copa do Rei (Espanha),Barcelona,5-2,Vitória
Lionel Messi,2017,1,26,Assistência,0,0,Real Sociedad,Copa do Rei (Espanha),Barcelona,5-2,Vitória
Lionel Messi,2017,1,22,Gol,0,0,Eibar,La Liga (Espanha),Barcelona,0-4,Vitória
Lionel Messi,2017,1,19,Cartão Amarelo,1,0,Real Sociedad,Copa do Rei (Espanha),Barcelona,0-1,Vitória
Lionel Messi,2017,1,14,Gol,0,0,Las Palmas,La Liga (Espanha),Barcelona,5-0,Vitória
Lionel Messi,2017,1,11,Gol,0,0,Athletic Bilbao,Copa do Rei (Espanha),Barcelona,3-1,Vitória
Lionel Messi,2017,1,8,Gol,0,0,Villarreal,La Liga (Espanha),Barcelona,1-1,Empate
Lionel Messi,2017,1,5,Gol,0,0,Athletic Bilbao,Copa do Rei (Espanha),Barcelona,2-1,Derrota
Lionel Messi,2018,12,22,Gol,0,0,Celta de Vigo,La Liga (Espanha),Barcelona,2-0,Vitória
Lionel Messi,2018,12,16,Gol,0,0,Levante,La Liga (Espanha),Barcelona,0-5,Vitória
Lionel Messi,2018,12,16,Gol,0,0,Levante,La Liga (Espanha),Barcelona,0-5,Vitória
Lionel Messi,2018,12,16,Gol,0,0,Levante,La Liga (Espanha),Barcelona,0-5,Vitória
Lionel Messi,2018,12,16,Assistência,0,0,Levante,La Liga (Espanha),Barcelona,0-5,Vitória
Lionel Messi,2018,12,16,Assistência,0,0,Levante,La Liga (Espanha),Barcelona,0-5,Vitória
Lionel Messi,2018,12,11,Apenas Participação,0,0,Tottenham,Champions League,Barcelona,1-1,Empate
Lionel Messi,2018,12,8,Gol,0,0,Espanyol,La Liga (Espanha),Barcelona,0-4,Vitória
Lionel Messi,2018,12,8,Gol,0,0,Espanyol,La Liga (Espanha),Barcelona,0-4,Vitória
Lionel Messi,2018,12,8,Assistência,0,0,Espanyol,La Liga (Espanha),Barcelona,0-4,Vitória
Lionel Messi,2018,12,2,Assistência,0,0,Villarreal,La Liga (Espanha),Barcelona,2-0,Vitória
Lionel Messi,2018,11,28,Gol,0,0,PSV,Champions League,Barcelona,1-2,Vitória
Lionel Messi,2018,11,28,Assistência,0,0,PSV,Champions League,Barcelona,1-2,Vitória
Lionel Messi,2018,11,24,Assistência,0,0,Atlético de Madrid,La Liga (Espanha),Barcelona,1-1,Empate
Lionel Messi,2018,11,11,Gol,0,0,Real Betis,La Liga (Espanha),Barcelona,3-4,Derrota
Lionel Messi,2018,11,11,Gol,0,0,Real Betis,La Liga (Espanha),Barcelona,3-4,Derrota
Lionel Messi,2018,10,20,Gol,0,0,Sevilla,La Liga (Espanha),Barcelona,4-2,Vitória
Lionel Messi,2018,10,20,Assistência,0,0,Sevilla,La Liga (Espanha),Barcelona,4-2,Vitória
Lionel Messi,2018,10,7,Gol,0,0,Valencia,La Liga (Espanha),Barcelona,1-1,Empate
Lionel Messi,2018,10,3,Gol,0,0,Tottenham,Champions League,Barcelona,2-4,Vitória
Lionel Messi,2018,10,3,Gol,0,0,Tottenham,Champions League,Barcelona,2-4,Vitória
Lionel Messi,2018,9,29,Assistência,0,0,Athletic Bilbao,La Liga (Espanha),Barcelona,1-1,Empate
Lionel Messi,2018,9,26,Assistência,0,0,Leganés,La Liga (Espanha),Barcelona,2-1,Derrota
Lionel Messi,2018,9,23,Gol,0,0,Girona,La Liga (Espanha),Barcelona,2-2,Empate
Lionel Messi,2018,9,18,Gol,0,0,PSV,Champions League,Barcelona,4-0,Vitória
Lionel Messi,2018,9,18,Gol,0,0,PSV,Champions League,Barcelona,4-0,Vitória
Lionel Messi,2018,9,18,Gol,0,0,PSV,Champions League,Barcelona,4-0,Vitória
Lionel Messi,2018,9,15,Apenas Participação,0,0,Real Sociedad,La Liga (Espanha),Barcelona,1-2,Vitória
Lionel Messi,2018,9,2,Gol,0,0,Huesca,La Liga (Espanha),Barcelona,8-2,Vitória
Lionel Messi,2018,9,2,Gol,0,0,Huesca,La Liga (Espanha),Barcelona,8-2,Vitória
Lionel Messi,2018,9,2,Assistência,0,0,Huesca,La Liga (Espanha),Barcelona,8-2,Vitória
Lionel Messi,2018,9,2,Assistência,0,0,Huesca,La Liga (Espanha),Barcelona,8-2,Vitória
Lionel Messi,2018,8,25,Apenas Participação,0,0,Valladolid,La Liga (Espanha),Barcelona,0-1,Vitória
Lionel Messi,2018,8,18,Gol,0,0,Alavés,La Liga (Espanha),Barcelona,3-0,Vitória
Lionel Messi,2018,8,18,Gol,0,0,Alavés,La Liga (Espanha),Barcelona,3-0,Vitória
Lionel Messi,2018,8,12,Assistência,0,0,Sevilla,Supercopa da Espanha,Barcelona,1-2,Vitória
Lionel Messi,2018,6,30,Assistência,0,0,França,Copa do Mundo,Argentina,4-3,Derrota
Lionel Messi,2018,6,30,Assistência,0,0,França,Copa do Mundo,Argentina,4-3,Derrota
Lionel Messi,2018,6,26,Gol,1,0,Nigéria,Copa do Mundo,Argentina,1-2,Vitória
Lionel Messi,2018,6,26,Cartão Amarelo,1,0,Nigéria,Copa do Mundo,Argentina,1-2,Vitória
Lionel Messi,2018,6,21,Apenas Participação,0,0,Croácia,Copa do Mundo,Argentina,0-3,Vitória
Lionel Messi,2018,6,16,Apenas Participação,0,0,Islândia,Copa do Mundo,Argentina,1-1,Empate
Lionel Messi,2018,5,29,Gol,0,0,Haiti,Amistosos da Seleção,Argentina,4-0,Vitória
Lionel Messi,2018,5,29,Gol,0,0,Haiti,Amistosos da Seleção,Argentina,4-0,Vitória
Lionel Messi,2018,5,29,Gol,0,0,Haiti,Amistosos da Seleção,Argentina,4-0,Vitória
Lionel Messi,2018,5,29,Assistência,0,0,Haiti,Amistosos da Seleção,Argentina,4-0,Vitória
Lionel Messi,2018,5,20,Apenas Participação,0,0,Real Sociedad,La Liga (Espanha),Barcelona,1-0,Vitória
Lionel Messi,2018,5,9,Gol,0,0,Villarreal,La Liga (Espanha),Barcelona,5-1,Vitória
Lionel Messi,2018,5,6,Gol,1,0,Real Madrid,La Liga (Espanha),Barcelona,2-2,Empate
Lionel Messi,2018,5,6,Cartão Amarelo,1,0,Real Madrid,La Liga (Espanha),Barcelona,2-2,Empate
Lionel Messi,2018,4,29,Gol,0,0,Deportivo,La Liga (Espanha),Barcelona,2-4,Vitória
Lionel Messi,2018,4,29,Gol,0,0,Deportivo,La Liga (Espanha),Barcelona,2-4,Vitória
Lionel Messi,2018,4,29,Gol,0,0,Deportivo,La Liga (Espanha),Barcelona,2-4,Vitória
Lionel Messi,2018,4,21,Gol,0,0,Sevilla,Copa do Rei (Espanha),Barcelona,0-5,Vitória
Lionel Messi,2018,4,21,Assistência,0,0,Sevilla,Copa do Rei (Espanha),Barcelona,0-5,Vitória
Lionel Messi,2018,4,21,Assistência,0,0,Sevilla,Copa do Rei (Espanha),Barcelona,0-5,Vitória
Lionel Messi,2018,4,17,Apenas Participação,0,0,Celta de Vigo,La Liga (Espanha),Barcelona,2-2,Empate
Lionel Messi,2018,4,14,Apenas Participação,0,0,Valencia,La Liga (Espanha),Barcelona,2-1,Vitória
Lionel Messi,2018,4,10,Cartão Amarelo,1,0,Roma,Champions League,Barcelona,3-0,Derrota
Lionel Messi,2018,4,7,Gol,0,0,Leganés,La Liga (Espanha),Barcelona,3-1,Vitória
Lionel Messi,2018,4,7,Gol,0,0,Leganés,La Liga (Espanha),Barcelona,3-1,Vitória
Lionel Messi,2018,4,7,Gol,0,0,Leganés,La Liga (Espanha),Barcelona,3-1,Vitória
Lionel Messi,2018,4,4,Apenas Participação,0,0,Roma,Champions League,Barcelona,4-1,Vitória
Lionel Messi,2018,3,31,Gol,0,0,Sevilla,La Liga (Espanha),Barcelona,2-2,Empate
Lionel Messi,2018,3,23,Apenas Participação,0,0,Itália,Amistosos da Seleção,Argentina,2-0,Vitória
Lionel Messi,2018,3,18,Gol,0,0,Athletic Bilbao,La Liga (Espanha),Barcelona,2-0,Vitória
Lionel Messi,2018,3,14,Gol,0,0,Chelsea,Champions League,Barcelona,3-0,Vitória
Lionel Messi,2018,3,14,Gol,0,0,Chelsea,Champions League,Barcelona,3-0,Vitória
Lionel Messi,2018,3,14,Assistência,0,0,Chelsea,Champions League,Barcelona,3-0,Vitória
Lionel Messi,2018,3,4,Gol,1,0,Atlético de Madrid,La Liga (Espanha),Barcelona,1-0,Vitória
Lionel Messi,2018,3,4,Cartão Amarelo,1,0,Atlético de Madrid,La Liga (Espanha),Barcelona,1-0,Vitória
Lionel Messi,2018,3,1,Gol,0,0,Las Palmas,La Liga (Espanha),Barcelona,1-1,Empate
Lionel Messi,2018,2,24,Gol,0,0,Girona,La Liga (Espanha),Barcelona,6-1,Vitória
Lionel Messi,2018,2,24,Gol,0,0,Girona,La Liga (Espanha),Barcelona,6-1,Vitória
Lionel Messi,2018,2,24,Assistência,0,0,Girona,La Liga (Espanha),Barcelona,6-1,Vitória
Lionel Messi,2018,2,20,Gol,0,0,Chelsea,Champions League,Barcelona,1-1,Empate
Lionel Messi,2018,2,17,Assistência,0,0,Eibar,La Liga (Espanha),Barcelona,0-2,Vitória
Lionel Messi,2018,2,11,Apenas Participação,0,0,Getafe,La Liga (Espanha),Barcelona,0-0,Empate
Lionel Messi,2018,2,8,Apenas Participação,0,0,Valencia,Copa do Rei (Espanha),Barcelona,0-2,Vitória
Lionel Messi,2018,2,4,Assistência,0,0,Espanyol,La Liga (Espanha),Barcelona,1-1,Empate
Lionel Messi,2018,2,1,Assistência,0,0,Valencia,Copa do Rei (Espanha),Barcelona,1-0,Vitória
Lionel Messi,2018,1,28,Gol,0,0,Alavés,La Liga (Espanha),Barcelona,2-1,Vitória
Lionel Messi,2018,1,25,Gol,1,0,Espanyol,Copa do Rei (Espanha),Barcelona,2-0,Vitória
Lionel Messi,2018,1,25,Cartão Amarelo,1,0,Espanyol,Copa do Rei (Espanha),Barcelona,2-0,Vitória
Lionel Messi,2018,1,21,Gol,0,0,Real Betis,La Liga (Espanha),Barcelona,0-5,Vitória
Lionel Messi,2018,1,21,Gol,0,0,Real Betis,La Liga (Espanha),Barcelona,0-5,Vitória
Lionel Messi,2018,1,21,Assistência,0,0,Real Betis,La Liga (Espanha),Barcelona,0-5,Vitória
Lionel Messi,2018,1,17,Apenas Participação,0,0,Espanyol,Copa do Rei (Espanha),Barcelona,1-0,Derrota
Lionel Messi,2018,1,14,Gol,0,0,Real Sociedad,La Liga (Espanha),Barcelona,2-4,Vitória
Lionel Messi,2018,1,14,Assistência,0,0,Real Sociedad,La Liga (Espanha),Barcelona,2-4,Vitória
Lionel Messi,2018,1,11,Gol,0,0,Celta de Vigo,Copa do Rei (Espanha),Barcelona,5-0,Vitória
Lionel Messi,2018,1,11,Gol,0,0,Celta de Vigo,Copa do Rei (Espanha),Barcelona,5-0,Vitória
Lionel Messi,2018,1,11,Assistência,0,0,Celta de Vigo,Copa do Rei (Espanha),Barcelona,5-0,Vitória
Lionel Messi,2018,1,7,Gol,0,0,Levante,La Liga (Espanha),Barcelona,3-0,Vitória
Lionel Messi,2018,1,7,Assistência,0,0,Levante,La Liga (Espanha),Barcelona,3-0,Vitória
Cristiano Ronaldo,2014,12,20,Apenas Participação,0,0,San Lorenzo,Mundial de Clubes,Real Madrid,2-0,Derrota
Cristiano Ronaldo,2014,12,16,Assistência,0,0,Cruz Azul,Mundial de Clubes,Real Madrid,0-4,Vitória
Cristiano Ronaldo,2014,12,16,Assistência,0,0,Cruz Azul,Mundial de Clubes,Real Madrid,0-4,Vitória
Cristiano Ronaldo,2014,12,12,Gol,1,0,Almería,La Liga (Espanha),Real Madrid,1-4,Vitória
Cristiano Ronaldo,2014,12,12,Gol,1,0,Almería,La Liga (Espanha),Real Madrid,1-4,Vitória
Cristiano Ronaldo,2014,12,12,Cartão Amarelo,1,0,Almería,La Liga (Espanha),Real Madrid,1-4,Vitória
Cristiano Ronaldo,2014,12,9,Gol,0,0,Ludogorets Razgrad,Champions League,Real Madrid,4-0,Vitória
Cristiano Ronaldo,2014,12,6,Gol,0,0,Celta de Vigo,La Liga (Espanha),Real Madrid,3-0,Vitória
Cristiano Ronaldo,2014,12,6,Gol,0,0,Celta de Vigo,La Liga (Espanha),Real Madrid,3-0,Vitória
Cristiano Ronaldo,2014,12,6,Gol,0,0,Celta de Vigo,La Liga (Espanha),Real Madrid,3-0,Vitória
Cristiano Ronaldo,2014,11,29,Assistência,0,0,Málaga,La Liga (Espanha),Real Madrid,1-2,Vitória
Cristiano Ronaldo,2014,11,29,Assistência,0,0,Málaga,La Liga (Espanha),Real Madrid,1-2,Vitória
Cristiano Ronaldo,2014,11,26,Gol,0,0,FC Basel,Champions League,Real Madrid,0-1,Vitória
Cristiano Ronaldo,2014,11,22,Gol,0,0,Eibar,La Liga (Espanha),Real Madrid,0-4,Vitória
Cristiano Ronaldo,2014,11,22,Gol,0,0,Eibar,La Liga (Espanha),Real Madrid,0-4,Vitória
Cristiano Ronaldo,2014,11,22,Assistência,0,0,Eibar,La Liga (Espanha),Real Madrid,0-4,Vitória
Cristiano Ronaldo,2014,11,18,Apenas Participação,0,0,Argentina,Amistosos da Seleção,Portugal,1-0,Vitória
Cristiano Ronaldo,2014,11,14,Gol,0,0,Armênia,EE,Portugal,1-0,Vitória
Cristiano Ronaldo,2014,11,8,Gol,0,0,Rayo Vallecano,La Liga (Espanha),Real Madrid,5-1,Vitória
Cristiano Ronaldo,2014,11,8,Assistência,0,0,Rayo Vallecano,La Liga (Espanha),Real Madrid,5-1,Vitória
Cristiano Ronaldo,2014,11,8,Assistência,0,0,Rayo Vallecano,La Liga (Espanha),Real Madrid,5-1,Vitória
Cristiano Ronaldo,2014,11,4,Apenas Participação,0,0,Liverpool,Champions League,Real Madrid,1-0,Vitória
Cristiano Ronaldo,2014,11,1,Gol,0,0,Granada,La Liga (Espanha),Real Madrid,0-4,Vitória
Cristiano Ronaldo,2014,11,1,Assistência,0,0,Granada,La Liga (Espanha),Real Madrid,0-4,Vitória
Cristiano Ronaldo,2014,11,1,Assistência,0,0,Granada,La Liga (Espanha),Real Madrid,0-4,Vitória
Cristiano Ronaldo,2014,10,25,Gol,1,0,Barcelona,La Liga (Espanha),Real Madrid,3-1,Vitória
Cristiano Ronaldo,2014,10,25,Cartão Amarelo,1,0,Barcelona,La Liga (Espanha),Real Madrid,3-1,Vitória
Cristiano Ronaldo,2014,10,22,Gol,0,0,Liverpool,Champions League,Real Madrid,0-3,Vitória
Cristiano Ronaldo,2014,10,18,Gol,0,0,Levante,La Liga (Espanha),Real Madrid,0-5,Vitória
Cristiano Ronaldo,2014,10,18,Gol,0,0,Levante,La Liga (Espanha),Real Madrid,0-5,Vitória
Cristiano Ronaldo,2014,10,14,Gol,1,0,Dinamarca,EE,Portugal,0-1,Vitória
Cristiano Ronaldo,2014,10,14,Cartão Amarelo,1,0,Dinamarca,EE,Portugal,0-1,Vitória
Cristiano Ronaldo,2014,10,11,Apenas Participação,0,0,França,Amistosos da Seleção,Portugal,2-1,Derrota
Cristiano Ronaldo,2014,10,5,Gol,0,0,Athletic Bilbao,La Liga (Espanha),Real Madrid,5-0,Vitória
Cristiano Ronaldo,2014,10,5,Gol,0,0,Athletic Bilbao,La Liga (Espanha),Real Madrid,5-0,Vitória
Cristiano Ronaldo,2014,10,5,Gol,0,0,Athletic Bilbao,La Liga (Espanha),Real Madrid,5-0,Vitória
Cristiano Ronaldo,2014,10,5,Assistência,0,0,Athletic Bilbao,La Liga (Espanha),Real Madrid,5-0,Vitória
Cristiano Ronaldo,2014,10,1,Gol,0,0,Ludogorets Razgrad,Champions League,Real Madrid,1-2,Vitória
Cristiano Ronaldo,2014,9,27,Gol,0,0,Villarreal,La Liga (Espanha),Real Madrid,0-2,Vitória
Cristiano Ronaldo,2014,9,23,Gol,0,0,Elche,La Liga (Espanha),Real Madrid,5-1,Vitória
Cristiano Ronaldo,2014,9,23,Gol,0,0,Elche,La Liga (Espanha),Real Madrid,5-1,Vitória
Cristiano Ronaldo,2014,9,23,Gol,0,0,Elche,La Liga (Espanha),Real Madrid,5-1,Vitória
Cristiano Ronaldo,2014,9,23,Gol,0,0,Elche,La Liga (Espanha),Real Madrid,5-1,Vitória
Cristiano Ronaldo,2014,9,20,Gol,0,0,Deportivo,La Liga (Espanha),Real Madrid,2-8,Vitória
Cristiano Ronaldo,2014,9,20,Gol,0,0,Deportivo,La Liga (Espanha),Real Madrid,2-8,Vitória
Cristiano Ronaldo,2014,9,20,Gol,0,0,Deportivo,La Liga (Espanha),Real Madrid,2-8,Vitória
Cristiano Ronaldo,2014,9,16,Gol,0,0,FC Basel,Champions League,Real Madrid,5-1,Vitória
Cristiano Ronaldo,2014,9,16,Assistência,0,0,FC Basel,Champions League,Real Madrid,5-1,Vitória
Cristiano Ronaldo,2014,9,13,Gol,0,0,Atlético de Madrid,La Liga (Espanha),Real Madrid,1-2,Derrota
Cristiano Ronaldo,2014,8,25,Gol,0,0,Córdoba,La Liga (Espanha),Real Madrid,2-0,Vitória
Cristiano Ronaldo,2014,8,22,Cartão Amarelo,1,0,Atlético de Madrid,Supercopa da Espanha,Real Madrid,1-0,Derrota
Cristiano Ronaldo,2014,8,19,Apenas Participação,0,0,Atlético de Madrid,Supercopa da Espanha,Real Madrid,1-1,Empate
Cristiano Ronaldo,2014,8,12,Gol,0,0,Sevilla,SCE,Real Madrid,2-0,Derrota
Cristiano Ronaldo,2014,8,12,Gol,0,0,Sevilla,SCE,Real Madrid,2-0,Derrota
Cristiano Ronaldo,2014,6,26,Gol,0,0,Gana,Copa do Mundo,Portugal,2-1,Vitória
Cristiano Ronaldo,2014,6,22,Assistência,0,0,Estados Unidos,Copa do Mundo,Portugal,2-2,Empate
Cristiano Ronaldo,2014,6,16,Apenas Participação,0,0,Alemanha,Copa do Mundo,Portugal,4-0,Derrota
Cristiano Ronaldo,2014,6,10,Apenas Participação,0,0,Rep. Irlanda,Amistosos da Seleção,Portugal,5-1,Derrota
Cristiano Ronaldo,2014,5,24,Gol,1,0,Atlético de Madrid,Champions League,Real Madrid,4-1(a.p.),
Cristiano Ronaldo,2014,5,24,Assistência,1,0,Atlético de Madrid,Champions League,Real Madrid,4-1(a.p.),
Cristiano Ronaldo,2014,5,24,Cartão Amarelo,1,0,Atlético de Madrid,Champions League,Real Madrid,4-1(a.p.),
Cristiano Ronaldo,2014,5,7,Apenas Participação,0,0,Valladolid,La Liga (Espanha),Real Madrid,1-1,Empate
Cristiano Ronaldo,2014,5,4,Gol,0,0,Valencia,La Liga (Espanha),Real Madrid,2-2,Empate
Cristiano Ronaldo,2014,5,4,Assistência,0,0,Valencia,La Liga (Espanha),Real Madrid,2-2,Empate
Cristiano Ronaldo,2014,4,29,Gol,0,0,Bayern München,Champions League,Real Madrid,0-4,Vitória
Cristiano Ronaldo,2014,4,29,Gol,0,0,Bayern München,Champions League,Real Madrid,0-4,Vitória
Cristiano Ronaldo,2014,4,26,Gol,0,0,Osasuna,La Liga (Espanha),Real Madrid,4-0,Vitória
Cristiano Ronaldo,2014,4,26,Gol,0,0,Osasuna,La Liga (Espanha),Real Madrid,4-0,Vitória
Cristiano Ronaldo,2014,4,23,Apenas Participação,0,0,Bayern München,Champions League,Real Madrid,1-0,Vitória
Cristiano Ronaldo,2014,4,8,Apenas Participação,0,0,Borussia Dortmund,Champions League,Real Madrid,2-0,Derrota
Cristiano Ronaldo,2014,4,2,Gol,0,0,Borussia Dortmund,Champions League,Real Madrid,3-0,Vitória
Cristiano Ronaldo,2014,3,29,Gol,0,0,Rayo Vallecano,La Liga (Espanha),Real Madrid,5-0,Vitória
Cristiano Ronaldo,2014,3,29,Assistência,0,0,Rayo Vallecano,La Liga (Espanha),Real Madrid,5-0,Vitória
Cristiano Ronaldo,2014,3,26,Gol,0,0,Sevilla,La Liga (Espanha),Real Madrid,2-1,Derrota
Cristiano Ronaldo,2014,3,23,Gol,1,0,Barcelona,La Liga (Espanha),Real Madrid,3-4,Derrota
Cristiano Ronaldo,2014,3,23,Cartão Amarelo,1,0,Barcelona,La Liga (Espanha),Real Madrid,3-4,Derrota
Cristiano Ronaldo,2014,3,18,Gol,0,0,Schalke 04,Champions League,Real Madrid,3-1,Vitória
Cristiano Ronaldo,2014,3,18,Gol,0,0,Schalke 04,Champions League,Real Madrid,3-1,Vitória
Cristiano Ronaldo,2014,3,15,Gol,0,0,Málaga,La Liga (Espanha),Real Madrid,0-1,Vitória
Cristiano Ronaldo,2014,3,9,Gol,0,0,Levante,La Liga (Espanha),Real Madrid,3-0,Vitória
Cristiano Ronaldo,2014,3,9,Assistência,0,0,Levante,La Liga (Espanha),Real Madrid,3-0,Vitória
Cristiano Ronaldo,2014,3,5,Gol,0,0,Camarões,Amistosos da Seleção,Portugal,5-1,Vitória
Cristiano Ronaldo,2014,3,5,Gol,0,0,Camarões,Amistosos da Seleção,Portugal,5-1,Vitória
Cristiano Ronaldo,2014,3,2,Gol,0,0,Atlético de Madrid,La Liga (Espanha),Real Madrid,2-2,Empate
Cristiano Ronaldo,2014,2,26,Gol,0,0,Schalke 04,Champions League,Real Madrid,1-6,Vitória
Cristiano Ronaldo,2014,2,26,Gol,0,0,Schalke 04,Champions League,Real Madrid,1-6,Vitória
Cristiano Ronaldo,2014,2,26,Assistência,0,0,Schalke 04,Champions League,Real Madrid,1-6,Vitória
Cristiano Ronaldo,2014,2,11,Gol,1,0,Atlético de Madrid,Copa do Rei (Espanha),Real Madrid,0-2,Vitória
Cristiano Ronaldo,2014,2,11,Gol,1,0,Atlético de Madrid,Copa do Rei (Espanha),Real Madrid,0-2,Vitória
Cristiano Ronaldo,2014,2,11,Cartão Amarelo,1,0,Atlético de Madrid,Copa do Rei (Espanha),Real Madrid,0-2,Vitória
Cristiano Ronaldo,2014,2,5,Apenas Participação,0,0,Atlético de Madrid,Copa do Rei (Espanha),Real Madrid,3-0,Vitória
Cristiano Ronaldo,2014,2,2,Assistência,0,1,Athletic Bilbao,La Liga (Espanha),Real Madrid,1-1,Empate
Cristiano Ronaldo,2014,2,2,Cartão Vermelho,0,1,Athletic Bilbao,La Liga (Espanha),Real Madrid,1-1,Empate
Cristiano Ronaldo,2014,1,28,Cartão Amarelo,1,0,Espanyol,Copa do Rei (Espanha),Real Madrid,1-0,Vitória
Cristiano Ronaldo,2014,1,25,Gol,0,0,Granada,La Liga (Espanha),Real Madrid,2-0,Vitória
Cristiano Ronaldo,2014,1,21,Apenas Participação,0,0,Espanyol,Copa do Rei (Espanha),Real Madrid,0-1,Vitória
Cristiano Ronaldo,2014,1,18,Gol,0,0,Real Betis,La Liga (Espanha),Real Madrid,0-5,Vitória
Cristiano Ronaldo,2014,1,18,Assistência,0,0,Real Betis,La Liga (Espanha),Real Madrid,0-5,Vitória
Cristiano Ronaldo,2014,1,15,Gol,0,0,Osasuna,Copa do Rei (Espanha),Real Madrid,0-2,Vitória
Cristiano Ronaldo,2014,1,12,Apenas Participação,0,0,Espanyol,La Liga (Espanha),Real Madrid,0-1,Vitória
Cristiano Ronaldo,2014,1,9,Assistência,0,0,Osasuna,Copa do Rei (Espanha),Real Madrid,2-0,Vitória
Cristiano Ronaldo,2014,1,6,Gol,0,0,Celta de Vigo,La Liga (Espanha),Real Madrid,3-0,Vitória
Cristiano Ronaldo,2014,1,6,Gol,0,0,Celta de Vigo,La Liga (Espanha),Real Madrid,3-0,Vitória
Cristiano Ronaldo,2015,12,30,Gol,0,0,Real Sociedad,La Liga (Espanha),Real Madrid,3-1,Vitória
Cristiano Ronaldo,2015,12,30,Gol,0,0,Real Sociedad,La Liga (Espanha),Real Madrid,3-1,Vitória
Cristiano Ronaldo,2015,12,20,Gol,0,0,Rayo Vallecano,La Liga (Espanha),Real Madrid,10-2,Vitória
Cristiano Ronaldo,2015,12,20,Gol,0,0,Rayo Vallecano,La Liga (Espanha),Real Madrid,10-2,Vitória
Cristiano Ronaldo,2015,12,20,Assistência,0,0,Rayo Vallecano,La Liga (Espanha),Real Madrid,10-2,Vitória
Cristiano Ronaldo,2015,12,13,Apenas Participação,0,0,Villarreal,La Liga (Espanha),Real Madrid,1-0,Derrota
Cristiano Ronaldo,2015,12,8,Gol,0,0,Malmö,Champions League,Real Madrid,8-0,Vitória
Cristiano Ronaldo,2015,12,8,Gol,0,0,Malmö,Champions League,Real Madrid,8-0,Vitória
Cristiano Ronaldo,2015,12,8,Gol,0,0,Malmö,Champions League,Real Madrid,8-0,Vitória
Cristiano Ronaldo,2015,12,8,Gol,0,0,Malmö,Champions League,Real Madrid,8-0,Vitória
Cristiano Ronaldo,2015,12,8,Assistência,0,0,Malmö,Champions League,Real Madrid,8-0,Vitória
Cristiano Ronaldo,2015,12,5,Gol,0,0,Getafe,La Liga (Espanha),Real Madrid,4-1,Vitória
Cristiano Ronaldo,2015,12,5,Assistência,0,0,Getafe,La Liga (Espanha),Real Madrid,4-1,Vitória
Cristiano Ronaldo,2015,11,29,Gol,0,0,Eibar,La Liga (Espanha),Real Madrid,0-2,Vitória
Cristiano Ronaldo,2015,11,25,Gol,0,0,Shakhtar Donetsk,Champions League,Real Madrid,3-4,Vitória
Cristiano Ronaldo,2015,11,25,Gol,0,0,Shakhtar Donetsk,Champions League,Real Madrid,3-4,Vitória
Cristiano Ronaldo,2015,11,25,Assistência,0,0,Shakhtar Donetsk,Champions League,Real Madrid,3-4,Vitória
Cristiano Ronaldo,2015,11,25,Assistência,0,0,Shakhtar Donetsk,Champions League,Real Madrid,3-4,Vitória
Cristiano Ronaldo,2015,11,21,Apenas Participação,0,0,Barcelona,La Liga (Espanha),Real Madrid,0-4,Derrota
Cristiano Ronaldo,2015,11,8,Apenas Participação,0,0,Sevilla,La Liga (Espanha),Real Madrid,3-2,Derrota
Cristiano Ronaldo,2015,11,3,Apenas Participação,0,0,PSG,Champions League,Real Madrid,1-0,Vitória
Cristiano Ronaldo,2015,10,31,Gol,0,0,Las Palmas,La Liga (Espanha),Real Madrid,3-1,Vitória
Cristiano Ronaldo,2015,10,24,Gol,0,0,Celta de Vigo,La Liga (Espanha),Real Madrid,1-3,Vitória
Cristiano Ronaldo,2015,10,21,Apenas Participação,0,0,PSG,Champions League,Real Madrid,0-0,Empate
Cristiano Ronaldo,2015,10,17,Gol,0,0,Levante,La Liga (Espanha),Real Madrid,3-0,Vitória
Cristiano Ronaldo,2015,10,17,Assistência,0,0,Levante,La Liga (Espanha),Real Madrid,3-0,Vitória
Cristiano Ronaldo,2015,10,8,Apenas Participação,0,0,Dinamarca,EE,Portugal,1-0,Vitória
Cristiano Ronaldo,2015,10,4,Apenas Participação,0,0,Atlético de Madrid,La Liga (Espanha),Real Madrid,1-1,Empate
Cristiano Ronaldo,2015,9,30,Gol,0,0,Malmö,Champions League,Real Madrid,0-2,Vitória
Cristiano Ronaldo,2015,9,30,Gol,0,0,Malmö,Champions League,Real Madrid,0-2,Vitória
Cristiano Ronaldo,2015,9,26,Cartão Amarelo,1,0,Málaga,La Liga (Espanha),Real Madrid,0-0,Empate
Cristiano Ronaldo,2015,9,23,Cartão Amarelo,1,0,Athletic Bilbao,La Liga (Espanha),Real Madrid,1-2,Vitória
Cristiano Ronaldo,2015,9,19,Apenas Participação,0,0,Granada,La Liga (Espanha),Real Madrid,1-0,Vitória
Cristiano Ronaldo,2015,9,15,Gol,0,0,Shakhtar Donetsk,Champions League,Real Madrid,4-0,Vitória
Cristiano Ronaldo,2015,9,15,Gol,0,0,Shakhtar Donetsk,Champions League,Real Madrid,4-0,Vitória
Cristiano Ronaldo,2015,9,15,Gol,0,0,Shakhtar Donetsk,Champions League,Real Madrid,4-0,Vitória
Cristiano Ronaldo,2015,9,12,Gol,0,0,Espanyol,La Liga (Espanha),Real Madrid,0-6,Vitória
Cristiano Ronaldo,2015,9,12,Gol,0,0,Espanyol,La Liga (Espanha),Real Madrid,0-6,Vitória
Cristiano Ronaldo,2015,9,12,Gol,0,0,Espanyol,La Liga (Espanha),Real Madrid,0-6,Vitória
Cristiano Ronaldo,2015,9,12,Gol,0,0,Espanyol,La Liga (Espanha),Real Madrid,0-6,Vitória
Cristiano Ronaldo,2015,9,12,Gol,0,0,Espanyol,La Liga (Espanha),Real Madrid,0-6,Vitória
Cristiano Ronaldo,2015,9,12,Assistência,0,0,Espanyol,La Liga (Espanha),Real Madrid,0-6,Vitória
Cristiano Ronaldo,2015,9,7,Apenas Participação,0,0,Albânia,EE,Portugal,0-1,Vitória
Cristiano Ronaldo,2015,9,4,Apenas Participação,0,0,França,Amistosos da Seleção,Portugal,0-1,Derrota
Cristiano Ronaldo,2015,8,29,Apenas Participação,0,0,Real Betis,La Liga (Espanha),Real Madrid,5-0,Vitória
Cristiano Ronaldo,2015,8,23,Apenas Participação,0,0,Sporting Gijón,La Liga (Espanha),Real Madrid,0-0,Empate
Cristiano Ronaldo,2015,6,13,Gol,0,0,Armênia,EE,Portugal,2-3,Vitória
Cristiano Ronaldo,2015,6,13,Gol,0,0,Armênia,EE,Portugal,2-3,Vitória
Cristiano Ronaldo,2015,6,13,Gol,0,0,Armênia,EE,Portugal,2-3,Vitória
Cristiano Ronaldo,2015,5,23,Gol,0,0,Getafe,La Liga (Espanha),Real Madrid,7-3,Vitória
Cristiano Ronaldo,2015,5,23,Gol,0,0,Getafe,La Liga (Espanha),Real Madrid,7-3,Vitória
Cristiano Ronaldo,2015,5,23,Gol,0,0,Getafe,La Liga (Espanha),Real Madrid,7-3,Vitória
Cristiano Ronaldo,2015,5,17,Gol,0,0,Espanyol,La Liga (Espanha),Real Madrid,1-4,Vitória
Cristiano Ronaldo,2015,5,17,Gol,0,0,Espanyol,La Liga (Espanha),Real Madrid,1-4,Vitória
Cristiano Ronaldo,2015,5,17,Gol,0,0,Espanyol,La Liga (Espanha),Real Madrid,1-4,Vitória
Cristiano Ronaldo,2015,5,17,Assistência,0,0,Espanyol,La Liga (Espanha),Real Madrid,1-4,Vitória
Cristiano Ronaldo,2015,5,13,Gol,0,0,Juventus,Champions League,Real Madrid,1-1,Empate
Cristiano Ronaldo,2015,5,9,Apenas Participação,0,0,Valencia,La Liga (Espanha),Real Madrid,2-2,Empate
Cristiano Ronaldo,2015,5,5,Gol,0,0,Juventus,Champions League,Real Madrid,2-1,Derrota
Cristiano Ronaldo,2015,5,2,Gol,0,0,Sevilla,La Liga (Espanha),Real Madrid,2-3,Vitória
Cristiano Ronaldo,2015,5,2,Gol,0,0,Sevilla,La Liga (Espanha),Real Madrid,2-3,Vitória
Cristiano Ronaldo,2015,5,2,Gol,0,0,Sevilla,La Liga (Espanha),Real Madrid,2-3,Vitória
Cristiano Ronaldo,2015,4,29,Apenas Participação,0,0,Almería,La Liga (Espanha),Real Madrid,3-0,Vitória
Cristiano Ronaldo,2015,4,26,Assistência,0,0,Celta de Vigo,La Liga (Espanha),Real Madrid,2-4,Vitória
Cristiano Ronaldo,2015,4,22,Assistência,0,0,Atlético de Madrid,Champions League,Real Madrid,1-0,Vitória
Cristiano Ronaldo,2015,4,18,Gol,0,0,Málaga,La Liga (Espanha),Real Madrid,3-1,Vitória
Cristiano Ronaldo,2015,4,18,Assistência,0,0,Málaga,La Liga (Espanha),Real Madrid,3-1,Vitória
Cristiano Ronaldo,2015,4,18,Assistência,0,0,Málaga,La Liga (Espanha),Real Madrid,3-1,Vitória
Cristiano Ronaldo,2015,4,14,Apenas Participação,0,0,Atlético de Madrid,Champions League,Real Madrid,0-0,Empate
Cristiano Ronaldo,2015,4,11,Gol,0,0,Eibar,La Liga (Espanha),Real Madrid,3-0,Vitória
Cristiano Ronaldo,2015,4,8,Gol,1,0,Rayo Vallecano,La Liga (Espanha),Real Madrid,0-2,Vitória
Cristiano Ronaldo,2015,4,8,Assistência,1,0,Rayo Vallecano,La Liga (Espanha),Real Madrid,0-2,Vitória
Cristiano Ronaldo,2015,4,8,Cartão Amarelo,1,0,Rayo Vallecano,La Liga (Espanha),Real Madrid,0-2,Vitória
Cristiano Ronaldo,2015,4,5,Gol,0,0,Granada,La Liga (Espanha),Real Madrid,9-1,Vitória
Cristiano Ronaldo,2015,4,5,Gol,0,0,Granada,La Liga (Espanha),Real Madrid,9-1,Vitória
Cristiano Ronaldo,2015,4,5,Gol,0,0,Granada,La Liga (Espanha),Real Madrid,9-1,Vitória
Cristiano Ronaldo,2015,4,5,Gol,0,0,Granada,La Liga (Espanha),Real Madrid,9-1,Vitória
Cristiano Ronaldo,2015,4,5,Gol,0,0,Granada,La Liga (Espanha),Real Madrid,9-1,Vitória
Cristiano Ronaldo,2015,3,29,Apenas Participação,0,0,Sérvia,EE,Portugal,2-1,Vitória
Cristiano Ronaldo,2015,3,22,Gol,1,0,Barcelona,La Liga (Espanha),Real Madrid,2-1,Derrota
Cristiano Ronaldo,2015,3,22,Cartão Amarelo,1,0,Barcelona,La Liga (Espanha),Real Madrid,2-1,Derrota
Cristiano Ronaldo,2015,3,15,Assistência,0,0,Levante,La Liga (Espanha),Real Madrid,2-0,Vitória
Cristiano Ronaldo,2015,3,10,Gol,1,0,Schalke 04,Champions League,Real Madrid,3-4,Derrota
Cristiano Ronaldo,2015,3,10,Gol,1,0,Schalke 04,Champions League,Real Madrid,3-4,Derrota
Cristiano Ronaldo,2015,3,10,Cartão Amarelo,1,0,Schalke 04,Champions League,Real Madrid,3-4,Derrota
Cristiano Ronaldo,2015,3,7,Apenas Participação,0,0,Athletic Bilbao,La Liga (Espanha),Real Madrid,1-0,Derrota
Cristiano Ronaldo,2015,3,1,Gol,0,0,Villarreal,La Liga (Espanha),Real Madrid,1-1,Empate
Cristiano Ronaldo,2015,2,22,Gol,0,0,Elche,La Liga (Espanha),Real Madrid,0-2,Vitória
Cristiano Ronaldo,2015,2,18,Gol,0,0,Schalke 04,Champions League,Real Madrid,0-2,Vitória
Cristiano Ronaldo,2015,2,18,Assistência,0,0,Schalke 04,Champions League,Real Madrid,0-2,Vitória
Cristiano Ronaldo,2015,2,14,Assistência,0,0,Deportivo,La Liga (Espanha),Real Madrid,2-0,Vitória
Cristiano Ronaldo,2015,2,7,Apenas Participação,0,0,Atlético de Madrid,La Liga (Espanha),Real Madrid,4-0,Derrota
Cristiano Ronaldo,2015,1,24,Cartão Vermelho,0,1,Córdoba,La Liga (Espanha),Real Madrid,1-2,Vitória
Cristiano Ronaldo,2015,1,18,Gol,0,0,Getafe,La Liga (Espanha),Real Madrid,0-3,Vitória
Cristiano Ronaldo,2015,1,18,Gol,0,0,Getafe,La Liga (Espanha),Real Madrid,0-3,Vitória
Cristiano Ronaldo,2015,1,15,Gol,0,0,Atlético de Madrid,Copa do Rei (Espanha),Real Madrid,2-2,Empate
Cristiano Ronaldo,2015,1,10,Assistência,1,0,Espanyol,La Liga (Espanha),Real Madrid,3-0,Vitória
Cristiano Ronaldo,2015,1,10,Cartão Amarelo,1,0,Espanyol,La Liga (Espanha),Real Madrid,3-0,Vitória
Cristiano Ronaldo,2015,1,7,Apenas Participação,0,0,Atlético de Madrid,Copa do Rei (Espanha),Real Madrid,2-0,Derrota
Cristiano Ronaldo,2015,1,4,Gol,0,0,Valencia,La Liga (Espanha),Real Madrid,2-1,Derrota
Cristiano Ronaldo,2016,12,18,Gol,0,0,Kashima Antlers,Mundial de Clubes,Real Madrid,4-2(a.p.),
Cristiano Ronaldo,2016,12,18,Gol,0,0,Kashima Antlers,Mundial de Clubes,Real Madrid,4-2(a.p.),
Cristiano Ronaldo,2016,12,18,Gol,0,0,Kashima Antlers,Mundial de Clubes,Real Madrid,4-2(a.p.),
Cristiano Ronaldo,2016,12,15,Gol,0,0,Club América,Mundial de Clubes,Real Madrid,0-2,Vitória
Cristiano Ronaldo,2016,12,7,Apenas Participação,0,0,Borussia Dortmund,Champions League,Real Madrid,2-2,Empate
Cristiano Ronaldo,2016,12,3,Apenas Participação,0,0,Barcelona,La Liga (Espanha),Real Madrid,1-1,Empate
Cristiano Ronaldo,2016,11,26,Gol,0,0,Sporting Gijón,La Liga (Espanha),Real Madrid,2-1,Vitória
Cristiano Ronaldo,2016,11,26,Gol,0,0,Sporting Gijón,La Liga (Espanha),Real Madrid,2-1,Vitória
Cristiano Ronaldo,2016,11,22,Assistência,0,0,Sporting,Champions League,Real Madrid,1-2,Vitória
Cristiano Ronaldo,2016,11,19,Gol,1,0,Atlético de Madrid,La Liga (Espanha),Real Madrid,0-3,Vitória
Cristiano Ronaldo,2016,11,19,Gol,1,0,Atlético de Madrid,La Liga (Espanha),Real Madrid,0-3,Vitória
Cristiano Ronaldo,2016,11,19,Gol,1,0,Atlético de Madrid,La Liga (Espanha),Real Madrid,0-3,Vitória
Cristiano Ronaldo,2016,11,19,Cartão Amarelo,1,0,Atlético de Madrid,La Liga (Espanha),Real Madrid,0-3,Vitória
Cristiano Ronaldo,2016,11,13,Gol,0,0,Letônia,Eliminatórias da Copa do Mundo,Portugal,4-1,Vitória
Cristiano Ronaldo,2016,11,13,Gol,0,0,Letônia,Eliminatórias da Copa do Mundo,Portugal,4-1,Vitória
Cristiano Ronaldo,2016,11,6,Cartão Amarelo,1,0,Leganés,La Liga (Espanha),Real Madrid,3-0,Vitória
Cristiano Ronaldo,2016,11,2,Assistência,0,0,Legia Warszawa,Champions League,Real Madrid,3-3,Empate
Cristiano Ronaldo,2016,10,29,Gol,0,0,Alavés,La Liga (Espanha),Real Madrid,1-4,Vitória
Cristiano Ronaldo,2016,10,29,Gol,0,0,Alavés,La Liga (Espanha),Real Madrid,1-4,Vitória
Cristiano Ronaldo,2016,10,29,Gol,0,0,Alavés,La Liga (Espanha),Real Madrid,1-4,Vitória
Cristiano Ronaldo,2016,10,23,Apenas Participação,0,0,Athletic Bilbao,La Liga (Espanha),Real Madrid,2-1,Vitória
Cristiano Ronaldo,2016,10,18,Assistência,1,0,Legia Warszawa,Champions League,Real Madrid,5-1,Vitória
Cristiano Ronaldo,2016,10,18,Assistência,1,0,Legia Warszawa,Champions League,Real Madrid,5-1,Vitória
Cristiano Ronaldo,2016,10,18,Cartão Amarelo,1,0,Legia Warszawa,Champions League,Real Madrid,5-1,Vitória
Cristiano Ronaldo,2016,10,15,Gol,0,0,Real Betis,La Liga (Espanha),Real Madrid,1-6,Vitória
Cristiano Ronaldo,2016,10,15,Assistência,0,0,Real Betis,La Liga (Espanha),Real Madrid,1-6,Vitória
Cristiano Ronaldo,2016,10,10,Gol,0,0,Ilhas Faroé,Eliminatórias da Copa do Mundo,Portugal,0-6,Vitória
Cristiano Ronaldo,2016,10,7,Gol,0,0,Andorra,Eliminatórias da Copa do Mundo,Portugal,6-0,Vitória
Cristiano Ronaldo,2016,10,7,Gol,0,0,Andorra,Eliminatórias da Copa do Mundo,Portugal,6-0,Vitória
Cristiano Ronaldo,2016,10,7,Gol,0,0,Andorra,Eliminatórias da Copa do Mundo,Portugal,6-0,Vitória
Cristiano Ronaldo,2016,10,7,Gol,0,0,Andorra,Eliminatórias da Copa do Mundo,Portugal,6-0,Vitória
Cristiano Ronaldo,2016,10,2,Assistência,0,0,Eibar,La Liga (Espanha),Real Madrid,1-1,Empate
Cristiano Ronaldo,2016,9,27,Gol,0,0,Borussia Dortmund,Champions League,Real Madrid,2-2,Empate
Cristiano Ronaldo,2016,9,24,Apenas Participação,0,0,Las Palmas,La Liga (Espanha),Real Madrid,2-2,Empate
Cristiano Ronaldo,2016,9,21,Cartão Amarelo,1,0,Villarreal,La Liga (Espanha),Real Madrid,1-1,Empate
Cristiano Ronaldo,2016,9,14,Gol,0,0,Sporting,Champions League,Real Madrid,2-1,Vitória
Cristiano Ronaldo,2016,9,10,Gol,0,0,Osasuna,La Liga (Espanha),Real Madrid,5-2,Vitória
Cristiano Ronaldo,2016,7,10,Apenas Participação,0,0,França,Eurocopa,Portugal,1-0(a.p.),
Cristiano Ronaldo,2016,7,6,Gol,1,0,País de Gales,Eurocopa,Portugal,2-0,Derrota
Cristiano Ronaldo,2016,7,6,Assistência,1,0,País de Gales,Eurocopa,Portugal,2-0,Derrota
Cristiano Ronaldo,2016,7,6,Cartão Amarelo,1,0,País de Gales,Eurocopa,Portugal,2-0,Derrota
Cristiano Ronaldo,2016,6,30,Apenas Participação,0,0,Polônia,Eurocopa,Portugal,1-1(3-5)g.p.,
Cristiano Ronaldo,2016,6,25,Apenas Participação,0,0,Croácia,Eurocopa,Portugal,0-1(a.p.),
Cristiano Ronaldo,2016,6,22,Gol,0,0,Hungria,Eurocopa,Portugal,3-3,Empate
Cristiano Ronaldo,2016,6,22,Gol,0,0,Hungria,Eurocopa,Portugal,3-3,Empate
Cristiano Ronaldo,2016,6,22,Assistência,0,0,Hungria,Eurocopa,Portugal,3-3,Empate
Cristiano Ronaldo,2016,6,18,Apenas Participação,0,0,Áustria,Eurocopa,Portugal,0-0,Empate
Cristiano Ronaldo,2016,6,14,Apenas Participação,0,0,Islândia,Eurocopa,Portugal,1-1,Empate
Cristiano Ronaldo,2016,6,8,Gol,0,0,Estônia,Amistosos da Seleção,Portugal,7-0,Vitória
Cristiano Ronaldo,2016,6,8,Gol,0,0,Estônia,Amistosos da Seleção,Portugal,7-0,Vitória
Cristiano Ronaldo,2016,5,28,Apenas Participação,0,0,Atlético de Madrid,Champions League,Real Madrid,1-1(5-3)g.p.,
Cristiano Ronaldo,2016,5,14,Gol,0,0,Deportivo,La Liga (Espanha),Real Madrid,0-2,Vitória
Cristiano Ronaldo,2016,5,14,Gol,0,0,Deportivo,La Liga (Espanha),Real Madrid,0-2,Vitória
Cristiano Ronaldo,2016,5,8,Gol,0,0,Valencia,La Liga (Espanha),Real Madrid,3-2,Vitória
Cristiano Ronaldo,2016,5,8,Gol,0,0,Valencia,La Liga (Espanha),Real Madrid,3-2,Vitória
Cristiano Ronaldo,2016,5,4,Apenas Participação,0,0,Manchester City,Champions League,Real Madrid,1-0,Vitória
Cristiano Ronaldo,2016,4,20,Apenas Participação,0,0,Villarreal,La Liga (Espanha),Real Madrid,3-0,Vitória
Cristiano Ronaldo,2016,4,16,Gol,0,0,Getafe,La Liga (Espanha),Real Madrid,1-5,Vitória
Cristiano Ronaldo,2016,4,12,Gol,1,0,Wolfsburg,Champions League,Real Madrid,3-0,Vitória
Cristiano Ronaldo,2016,4,12,Gol,1,0,Wolfsburg,Champions League,Real Madrid,3-0,Vitória
Cristiano Ronaldo,2016,4,12,Gol,1,0,Wolfsburg,Champions League,Real Madrid,3-0,Vitória
Cristiano Ronaldo,2016,4,12,Cartão Amarelo,1,0,Wolfsburg,Champions League,Real Madrid,3-0,Vitória
Cristiano Ronaldo,2016,4,9,Gol,0,0,Eibar,La Liga (Espanha),Real Madrid,4-0,Vitória
Cristiano Ronaldo,2016,4,9,Assistência,0,0,Eibar,La Liga (Espanha),Real Madrid,4-0,Vitória
Cristiano Ronaldo,2016,4,9,Assistência,0,0,Eibar,La Liga (Espanha),Real Madrid,4-0,Vitória
Cristiano Ronaldo,2016,4,6,Apenas Participação,0,0,Wolfsburg,Champions League,Real Madrid,2-0,Derrota
Cristiano Ronaldo,2016,4,2,Gol,0,0,Barcelona,La Liga (Espanha),Real Madrid,1-2,Vitória
Cristiano Ronaldo,2016,3,29,Gol,0,0,Bélgica,Amistosos da Seleção,Portugal,2-1,Vitória
Cristiano Ronaldo,2016,3,25,Apenas Participação,0,0,Bulgária,Amistosos da Seleção,Portugal,0-1,Derrota
Cristiano Ronaldo,2016,3,20,Gol,0,0,Sevilla,La Liga (Espanha),Real Madrid,4-0,Vitória
Cristiano Ronaldo,2016,3,13,Apenas Participação,0,0,Las Palmas,La Liga (Espanha),Real Madrid,1-2,Vitória
Cristiano Ronaldo,2016,3,8,Gol,0,0,Roma,Champions League,Real Madrid,2-0,Vitória
Cristiano Ronaldo,2016,3,8,Assistência,0,0,Roma,Champions League,Real Madrid,2-0,Vitória
Cristiano Ronaldo,2016,3,5,Gol,0,0,Celta de Vigo,La Liga (Espanha),Real Madrid,7-1,Vitória
Cristiano Ronaldo,2016,3,5,Gol,0,0,Celta de Vigo,La Liga (Espanha),Real Madrid,7-1,Vitória
Cristiano Ronaldo,2016,3,5,Gol,0,0,Celta de Vigo,La Liga (Espanha),Real Madrid,7-1,Vitória
Cristiano Ronaldo,2016,3,5,Gol,0,0,Celta de Vigo,La Liga (Espanha),Real Madrid,7-1,Vitória
Cristiano Ronaldo,2016,3,2,Gol,0,0,Levante,La Liga (Espanha),Real Madrid,1-3,Vitória
Cristiano Ronaldo,2016,3,2,Assistência,0,0,Levante,La Liga (Espanha),Real Madrid,1-3,Vitória
Cristiano Ronaldo,2016,2,27,Apenas Participação,0,0,Atlético de Madrid,La Liga (Espanha),Real Madrid,0-1,Derrota
Cristiano Ronaldo,2016,2,21,Gol,0,0,Málaga,La Liga (Espanha),Real Madrid,1-1,Empate
Cristiano Ronaldo,2016,2,17,Gol,0,0,Roma,Champions League,Real Madrid,0-2,Vitória
Cristiano Ronaldo,2016,2,13,Gol,0,0,Athletic Bilbao,La Liga (Espanha),Real Madrid,4-2,Vitória
Cristiano Ronaldo,2016,2,13,Gol,0,0,Athletic Bilbao,La Liga (Espanha),Real Madrid,4-2,Vitória
Cristiano Ronaldo,2016,2,13,Assistência,0,0,Athletic Bilbao,La Liga (Espanha),Real Madrid,4-2,Vitória
Cristiano Ronaldo,2016,2,7,Apenas Participação,0,0,Granada,La Liga (Espanha),Real Madrid,1-2,Vitória
Cristiano Ronaldo,2016,1,31,Gol,0,0,Espanyol,La Liga (Espanha),Real Madrid,6-0,Vitória
Cristiano Ronaldo,2016,1,31,Gol,0,0,Espanyol,La Liga (Espanha),Real Madrid,6-0,Vitória
Cristiano Ronaldo,2016,1,31,Gol,0,0,Espanyol,La Liga (Espanha),Real Madrid,6-0,Vitória
Cristiano Ronaldo,2016,1,24,Apenas Participação,0,0,Real Betis,La Liga (Espanha),Real Madrid,1-1,Empate
Cristiano Ronaldo,2016,1,17,Gol,0,0,Sporting Gijón,La Liga (Espanha),Real Madrid,5-1,Vitória
Cristiano Ronaldo,2016,1,17,Gol,0,0,Sporting Gijón,La Liga (Espanha),Real Madrid,5-1,Vitória
Cristiano Ronaldo,2016,1,9,Assistência,0,0,Deportivo,La Liga (Espanha),Real Madrid,5-0,Vitória
Cristiano Ronaldo,2016,1,9,Assistência,0,0,Deportivo,La Liga (Espanha),Real Madrid,5-0,Vitória
Cristiano Ronaldo,2016,1,3,Assistência,0,0,Valencia,La Liga (Espanha),Real Madrid,2-2,Empate
Cristiano Ronaldo,2017,12,23,Apenas Participação,0,0,Barcelona,La Liga (Espanha),Real Madrid,0-3,Derrota
Cristiano Ronaldo,2017,12,16,Gol,0,0,Grêmio,Mundial de Clubes,Real Madrid,1-0,Derrota
Cristiano Ronaldo,2017,12,13,Gol,0,0,Al Jazira,Mundial de Clubes,Real Madrid,1-2,Vitória
Cristiano Ronaldo,2017,12,9,Gol,0,0,Sevilla,La Liga (Espanha),Real Madrid,5-0,Vitória
Cristiano Ronaldo,2017,12,9,Gol,0,0,Sevilla,La Liga (Espanha),Real Madrid,5-0,Vitória
Cristiano Ronaldo,2017,12,6,Gol,0,0,Borussia Dortmund,Champions League,Real Madrid,3-2,Vitória
Cristiano Ronaldo,2017,12,2,Cartão Amarelo,1,0,Athletic Bilbao,La Liga (Espanha),Real Madrid,0-0,Empate
Cristiano Ronaldo,2017,11,25,Gol,0,0,Málaga,La Liga (Espanha),Real Madrid,3-2,Vitória
Cristiano Ronaldo,2017,11,21,Gol,0,0,APOEL,Champions League,Real Madrid,0-6,Vitória
Cristiano Ronaldo,2017,11,21,Gol,0,0,APOEL,Champions League,Real Madrid,0-6,Vitória
Cristiano Ronaldo,2017,11,21,Assistência,0,0,APOEL,Champions League,Real Madrid,0-6,Vitória
Cristiano Ronaldo,2017,11,18,Apenas Participação,0,0,Atlético de Madrid,La Liga (Espanha),Real Madrid,0-0,Empate
Cristiano Ronaldo,2017,11,5,Assistência,0,0,Las Palmas,La Liga (Espanha),Real Madrid,3-0,Vitória
Cristiano Ronaldo,2017,11,1,Gol,0,0,Tottenham,Champions League,Real Madrid,3-1,Derrota
Cristiano Ronaldo,2017,10,29,Apenas Participação,0,0,Girona,La Liga (Espanha),Real Madrid,2-1,Derrota
Cristiano Ronaldo,2017,10,22,Apenas Participação,0,0,Eibar,La Liga (Espanha),Real Madrid,3-0,Vitória
Cristiano Ronaldo,2017,10,17,Gol,1,0,Tottenham,Champions League,Real Madrid,1-1,Empate
Cristiano Ronaldo,2017,10,17,Cartão Amarelo,1,0,Tottenham,Champions League,Real Madrid,1-1,Empate
Cristiano Ronaldo,2017,10,14,Gol,0,0,Getafe,La Liga (Espanha),Real Madrid,1-2,Vitória
Cristiano Ronaldo,2017,10,10,Apenas Participação,0,0,Suíça,Eliminatórias da Copa do Mundo,Portugal,2-0,Vitória
Cristiano Ronaldo,2017,10,7,Gol,0,0,Andorra,Eliminatórias da Copa do Mundo,Portugal,0-2,Vitória
Cristiano Ronaldo,2017,10,1,Assistência,0,0,Espanyol,La Liga (Espanha),Real Madrid,2-0,Vitória
Cristiano Ronaldo,2017,9,26,Gol,0,0,Borussia Dortmund,Champions League,Real Madrid,1-3,Vitória
Cristiano Ronaldo,2017,9,26,Gol,0,0,Borussia Dortmund,Champions League,Real Madrid,1-3,Vitória
Cristiano Ronaldo,2017,9,23,Apenas Participação,0,0,Alavés,La Liga (Espanha),Real Madrid,1-2,Vitória
Cristiano Ronaldo,2017,9,20,Apenas Participação,0,0,Real Betis,La Liga (Espanha),Real Madrid,0-1,Derrota
Cristiano Ronaldo,2017,9,13,Gol,0,0,APOEL,Champions League,Real Madrid,3-0,Vitória
Cristiano Ronaldo,2017,9,13,Gol,0,0,APOEL,Champions League,Real Madrid,3-0,Vitória
Cristiano Ronaldo,2017,9,3,Assistência,1,0,Hungria,Eliminatórias da Copa do Mundo,Portugal,0-1,Vitória
Cristiano Ronaldo,2017,9,3,Cartão Amarelo,1,0,Hungria,Eliminatórias da Copa do Mundo,Portugal,0-1,Vitória
Cristiano Ronaldo,2017,8,31,Gol,0,0,Ilhas Faroé,Eliminatórias da Copa do Mundo,Portugal,5-1,Vitória
Cristiano Ronaldo,2017,8,31,Gol,0,0,Ilhas Faroé,Eliminatórias da Copa do Mundo,Portugal,5-1,Vitória
Cristiano Ronaldo,2017,8,31,Gol,0,0,Ilhas Faroé,Eliminatórias da Copa do Mundo,Portugal,5-1,Vitória
Cristiano Ronaldo,2017,8,31,Assistência,0,0,Ilhas Faroé,Eliminatórias da Copa do Mundo,Portugal,5-1,Vitória
Cristiano Ronaldo,2017,8,13,Gol,1,1,Barcelona,Supercopa da Espanha,Real Madrid,1-3,Vitória
Cristiano Ronaldo,2017,8,13,Cartão Amarelo,1,1,Barcelona,Supercopa da Espanha,Real Madrid,1-3,Vitória
Cristiano Ronaldo,2017,8,13,Cartão Vermelho,1,1,Barcelona,Supercopa da Espanha,Real Madrid,1-3,Vitória
Cristiano Ronaldo,2017,8,8,Apenas Participação,0,0,Manchester United,SCE,Real Madrid,2-1,Derrota
Cristiano Ronaldo,2017,6,28,Apenas Participação,0,0,Chile,CC,Portugal,0-0(0-3)g.p.,
Cristiano Ronaldo,2017,6,24,Gol,0,0,Nova Zelândia,CC,Portugal,0-4,Vitória
Cristiano Ronaldo,2017,6,21,Gol,0,0,Rússia,CC,Portugal,0-1,Vitória
Cristiano Ronaldo,2017,6,18,Assistência,0,0,México,CC,Portugal,2-2,Empate
Cristiano Ronaldo,2017,6,9,Gol,0,0,Letônia,Eliminatórias da Copa do Mundo,Portugal,0-3,Vitória
Cristiano Ronaldo,2017,6,9,Gol,0,0,Letônia,Eliminatórias da Copa do Mundo,Portugal,0-3,Vitória
Cristiano Ronaldo,2017,6,9,Assistência,0,0,Letônia,Eliminatórias da Copa do Mundo,Portugal,0-3,Vitória
Cristiano Ronaldo,2017,6,3,Gol,0,0,Juventus,Champions League,Real Madrid,1-4,Vitória
Cristiano Ronaldo,2017,6,3,Gol,0,0,Juventus,Champions League,Real Madrid,1-4,Vitória
Cristiano Ronaldo,2017,5,21,Gol,0,0,Málaga,La Liga (Espanha),Real Madrid,0-2,Vitória
Cristiano Ronaldo,2017,5,17,Gol,0,0,Celta de Vigo,La Liga (Espanha),Real Madrid,1-4,Vitória
Cristiano Ronaldo,2017,5,17,Gol,0,0,Celta de Vigo,La Liga (Espanha),Real Madrid,1-4,Vitória
Cristiano Ronaldo,2017,5,14,Gol,0,0,Sevilla,La Liga (Espanha),Real Madrid,4-1,Vitória
Cristiano Ronaldo,2017,5,14,Gol,0,0,Sevilla,La Liga (Espanha),Real Madrid,4-1,Vitória
Cristiano Ronaldo,2017,5,10,Apenas Participação,0,0,Atlético de Madrid,Champions League,Real Madrid,2-1,Derrota
Cristiano Ronaldo,2017,5,2,Gol,0,0,Atlético de Madrid,Champions League,Real Madrid,3-0,Vitória
Cristiano Ronaldo,2017,5,2,Gol,0,0,Atlético de Madrid,Champions League,Real Madrid,3-0,Vitória
Cristiano Ronaldo,2017,5,2,Gol,0,0,Atlético de Madrid,Champions League,Real Madrid,3-0,Vitória
Cristiano Ronaldo,2017,4,29,Gol,0,0,Valencia,La Liga (Espanha),Real Madrid,2-1,Vitória
Cristiano Ronaldo,2017,4,23,Apenas Participação,0,0,Barcelona,La Liga (Espanha),Real Madrid,2-3,Derrota
Cristiano Ronaldo,2017,4,18,Gol,0,0,Bayern München,Champions League,Real Madrid,4-2(a.p.),
Cristiano Ronaldo,2017,4,18,Gol,0,0,Bayern München,Champions League,Real Madrid,4-2(a.p.),
Cristiano Ronaldo,2017,4,18,Gol,0,0,Bayern München,Champions League,Real Madrid,4-2(a.p.),
Cristiano Ronaldo,2017,4,12,Gol,0,0,Bayern München,Champions League,Real Madrid,1-2,Vitória
Cristiano Ronaldo,2017,4,12,Gol,0,0,Bayern München,Champions League,Real Madrid,1-2,Vitória
Cristiano Ronaldo,2017,4,8,Apenas Participação,0,0,Atlético de Madrid,La Liga (Espanha),Real Madrid,1-1,Empate
Cristiano Ronaldo,2017,4,2,Assistência,0,0,Alavés,La Liga (Espanha),Real Madrid,3-0,Vitória
Cristiano Ronaldo,2017,3,28,Gol,0,0,Suécia,Amistosos da Seleção,Portugal,2-3,Derrota
Cristiano Ronaldo,2017,3,25,Gol,0,0,Hungria,Eliminatórias da Copa do Mundo,Portugal,3-0,Vitória
Cristiano Ronaldo,2017,3,25,Gol,0,0,Hungria,Eliminatórias da Copa do Mundo,Portugal,3-0,Vitória
Cristiano Ronaldo,2017,3,18,Assistência,0,0,Athletic Bilbao,La Liga (Espanha),Real Madrid,1-2,Vitória
Cristiano Ronaldo,2017,3,18,Assistência,0,0,Athletic Bilbao,La Liga (Espanha),Real Madrid,1-2,Vitória
Cristiano Ronaldo,2017,3,12,Gol,0,0,Real Betis,La Liga (Espanha),Real Madrid,2-1,Vitória
Cristiano Ronaldo,2017,3,7,Apenas Participação,0,0,Napoli,Champions League,Real Madrid,1-3,Vitória
Cristiano Ronaldo,2017,3,1,Gol,1,0,Las Palmas,La Liga (Espanha),Real Madrid,3-3,Empate
Cristiano Ronaldo,2017,3,1,Gol,1,0,Las Palmas,La Liga (Espanha),Real Madrid,3-3,Empate
Cristiano Ronaldo,2017,3,1,Cartão Amarelo,1,0,Las Palmas,La Liga (Espanha),Real Madrid,3-3,Empate
Cristiano Ronaldo,2017,2,26,Gol,0,0,Villarreal,La Liga (Espanha),Real Madrid,2-3,Vitória
Cristiano Ronaldo,2017,2,22,Gol,0,0,Valencia,La Liga (Espanha),Real Madrid,2-1,Derrota
Cristiano Ronaldo,2017,2,18,Apenas Participação,0,0,Espanyol,La Liga (Espanha),Real Madrid,2-0,Vitória
Cristiano Ronaldo,2017,2,15,Assistência,0,0,Napoli,Champions League,Real Madrid,3-1,Vitória
Cristiano Ronaldo,2017,2,11,Gol,0,0,Osasuna,La Liga (Espanha),Real Madrid,1-3,Vitória
Cristiano Ronaldo,2017,1,29,Gol,0,0,Real Sociedad,La Liga (Espanha),Real Madrid,3-0,Vitória
Cristiano Ronaldo,2017,1,29,Assistência,0,0,Real Sociedad,La Liga (Espanha),Real Madrid,3-0,Vitória
Cristiano Ronaldo,2017,1,25,Gol,0,0,Celta de Vigo,Copa do Rei (Espanha),Real Madrid,2-2,Empate
Cristiano Ronaldo,2017,1,21,Apenas Participação,0,0,Málaga,La Liga (Espanha),Real Madrid,2-1,Vitória
Cristiano Ronaldo,2017,1,18,Apenas Participação,0,0,Celta de Vigo,Copa do Rei (Espanha),Real Madrid,1-2,Derrota
Cristiano Ronaldo,2017,1,15,Gol,0,0,Sevilla,La Liga (Espanha),Real Madrid,2-1,Derrota
Cristiano Ronaldo,2017,1,7,Gol,0,0,Granada,La Liga (Espanha),Real Madrid,5-0,Vitória
Cristiano Ronaldo,2018,12,29,Gol,0,0,Sampdoria,SA,Juventus,2-1,Vitória
Cristiano Ronaldo,2018,12,29,Gol,0,0,Sampdoria,SA,Juventus,2-1,Vitória
Cristiano Ronaldo,2018,12,26,Gol,0,0,Atalanta,SA,Juventus,2-2,Empate
Cristiano Ronaldo,2018,12,22,Apenas Participação,0,0,Roma,SA,Juventus,1-0,Vitória
Cristiano Ronaldo,2018,12,15,Gol,1,0,Torino,SA,Juventus,0-1,Vitória
Cristiano Ronaldo,2018,12,15,Cartão Amarelo,1,0,Torino,SA,Juventus,0-1,Vitória
Cristiano Ronaldo,2018,12,12,Assistência,0,0,Young Boys,Champions League,Juventus,2-1,Derrota
Cristiano Ronaldo,2018,12,7,Apenas Participação,0,0,Internazionale,SA,Juventus,1-0,Vitória
Cristiano Ronaldo,2018,12,1,Gol,1,0,Fiorentina,SA,Juventus,0-3,Vitória
Cristiano Ronaldo,2018,12,1,Cartão Amarelo,1,0,Fiorentina,SA,Juventus,0-3,Vitória
Cristiano Ronaldo,2018,11,27,Assistência,0,0,Valencia,Champions League,Juventus,1-0,Vitória
Cristiano Ronaldo,2018,11,24,Gol,0,0,SPAL,SA,Juventus,2-0,Vitória
Cristiano Ronaldo,2018,11,11,Gol,0,0,Milan,SA,Juventus,0-2,Vitória
Cristiano Ronaldo,2018,11,7,Gol,0,0,Manchester United,Champions League,Juventus,1-2,Derrota
Cristiano Ronaldo,2018,11,3,Assistência,0,0,Cagliari,SA,Juventus,3-1,Vitória
Cristiano Ronaldo,2018,10,27,Gol,0,0,Empoli,SA,Juventus,1-2,Vitória
Cristiano Ronaldo,2018,10,27,Gol,0,0,Empoli,SA,Juventus,1-2,Vitória
Cristiano Ronaldo,2018,10,23,Apenas Participação,0,0,Manchester United,Champions League,Juventus,0-1,Vitória
Cristiano Ronaldo,2018,10,20,Gol,0,0,Genoa,SA,Juventus,1-1,Empate
Cristiano Ronaldo,2018,10,6,Gol,0,0,Udinese,SA,Juventus,0-2,Vitória
Cristiano Ronaldo,2018,9,29,Assistência,0,0,Napoli,SA,Juventus,3-1,Vitória
Cristiano Ronaldo,2018,9,29,Assistência,0,0,Napoli,SA,Juventus,3-1,Vitória
Cristiano Ronaldo,2018,9,26,Assistência,0,0,Bologna,SA,Juventus,2-0,Vitória
Cristiano Ronaldo,2018,9,23,Gol,0,0,Frosinone,SA,Juventus,0-2,Vitória
Cristiano Ronaldo,2018,9,19,Cartão Vermelho,0,1,Valencia,Champions League,Juventus,0-2,Vitória
Cristiano Ronaldo,2018,9,16,Gol,0,0,Sassuolo,SA,Juventus,2-1,Vitória
Cristiano Ronaldo,2018,9,16,Gol,0,0,Sassuolo,SA,Juventus,2-1,Vitória
Cristiano Ronaldo,2018,9,1,Apenas Participação,0,0,Parma,SA,Juventus,1-2,Vitória
Cristiano Ronaldo,2018,8,25,Assistência,0,0,Lazio,SA,Juventus,2-0,Vitória
Cristiano Ronaldo,2018,8,18,Apenas Participação,0,0,Chievo,SA,Juventus,2-3,Vitória
Cristiano Ronaldo,2018,6,30,Cartão Amarelo,1,0,Uruguai,Copa do Mundo,Portugal,2-1,Derrota
Cristiano Ronaldo,2018,6,25,Cartão Amarelo,1,0,Irã,Copa do Mundo,Portugal,1-1,Empate
Cristiano Ronaldo,2018,6,20,Gol,0,0,Marrocos,Copa do Mundo,Portugal,1-0,Derrota
Cristiano Ronaldo,2018,6,15,Gol,0,0,Espanha,Copa do Mundo,Portugal,3-3,Empate
Cristiano Ronaldo,2018,6,15,Gol,0,0,Espanha,Copa do Mundo,Portugal,3-3,Empate
Cristiano Ronaldo,2018,6,15,Gol,0,0,Espanha,Copa do Mundo,Portugal,3-3,Empate
Cristiano Ronaldo,2018,6,7,Assistência,0,0,Argélia,Amistosos da Seleção,Portugal,3-0,Vitória
Cristiano Ronaldo,2018,5,26,Apenas Participação,0,0,Liverpool,Champions League,Real Madrid,3-1,Derrota
Cristiano Ronaldo,2018,5,19,Gol,0,0,Villarreal,La Liga (Espanha),Real Madrid,2-2,Empate
Cristiano Ronaldo,2018,5,6,Gol,0,0,Barcelona,La Liga (Espanha),Real Madrid,2-2,Empate
Cristiano Ronaldo,2018,5,1,Apenas Participação,0,0,Bayern München,Champions League,Real Madrid,2-2,Empate
Cristiano Ronaldo,2018,4,25,Apenas Participação,0,0,Bayern München,Champions League,Real Madrid,1-2,Vitória
Cristiano Ronaldo,2018,4,18,Gol,0,0,Athletic Bilbao,La Liga (Espanha),Real Madrid,1-1,Empate
Cristiano Ronaldo,2018,4,11,Gol,1,0,Juventus,Champions League,Real Madrid,1-3,Derrota
Cristiano Ronaldo,2018,4,11,Cartão Amarelo,1,0,Juventus,Champions League,Real Madrid,1-3,Derrota
Cristiano Ronaldo,2018,4,8,Gol,0,0,Atlético de Madrid,La Liga (Espanha),Real Madrid,1-1,Empate
Cristiano Ronaldo,2018,4,3,Gol,0,0,Juventus,Champions League,Real Madrid,0-3,Vitória
Cristiano Ronaldo,2018,4,3,Gol,0,0,Juventus,Champions League,Real Madrid,0-3,Vitória
Cristiano Ronaldo,2018,4,3,Assistência,0,0,Juventus,Champions League,Real Madrid,0-3,Vitória
Cristiano Ronaldo,2018,3,26,Apenas Participação,0,0,Holanda,Amistosos da Seleção,Portugal,0-3,Vitória
Cristiano Ronaldo,2018,3,23,Gol,0,0,Egito,Amistosos da Seleção,Portugal,1-2,Vitória
Cristiano Ronaldo,2018,3,23,Gol,0,0,Egito,Amistosos da Seleção,Portugal,1-2,Vitória
Cristiano Ronaldo,2018,3,18,Gol,0,0,Girona,La Liga (Espanha),Real Madrid,6-3,Vitória
Cristiano Ronaldo,2018,3,18,Gol,0,0,Girona,La Liga (Espanha),Real Madrid,6-3,Vitória
Cristiano Ronaldo,2018,3,18,Gol,0,0,Girona,La Liga (Espanha),Real Madrid,6-3,Vitória
Cristiano Ronaldo,2018,3,18,Gol,0,0,Girona,La Liga (Espanha),Real Madrid,6-3,Vitória
Cristiano Ronaldo,2018,3,18,Assistência,0,0,Girona,La Liga (Espanha),Real Madrid,6-3,Vitória
Cristiano Ronaldo,2018,3,10,Gol,0,0,Eibar,La Liga (Espanha),Real Madrid,1-2,Vitória
Cristiano Ronaldo,2018,3,10,Gol,0,0,Eibar,La Liga (Espanha),Real Madrid,1-2,Vitória
Cristiano Ronaldo,2018,3,6,Gol,0,0,PSG,Champions League,Real Madrid,1-2,Vitória
Cristiano Ronaldo,2018,3,6,Assistência,0,0,PSG,Champions League,Real Madrid,1-2,Vitória
Cristiano Ronaldo,2018,3,3,Gol,0,0,Getafe,La Liga (Espanha),Real Madrid,3-1,Vitória
Cristiano Ronaldo,2018,3,3,Gol,0,0,Getafe,La Liga (Espanha),Real Madrid,3-1,Vitória
Cristiano Ronaldo,2018,2,24,Gol,0,0,Alavés,La Liga (Espanha),Real Madrid,4-0,Vitória
Cristiano Ronaldo,2018,2,24,Gol,0,0,Alavés,La Liga (Espanha),Real Madrid,4-0,Vitória
Cristiano Ronaldo,2018,2,18,Gol,0,0,Real Betis,La Liga (Espanha),Real Madrid,3-5,Vitória
Cristiano Ronaldo,2018,2,14,Gol,0,0,PSG,Champions League,Real Madrid,3-1,Vitória
Cristiano Ronaldo,2018,2,14,Gol,0,0,PSG,Champions League,Real Madrid,3-1,Vitória
Cristiano Ronaldo,2018,2,10,Gol,0,0,Real Sociedad,La Liga (Espanha),Real Madrid,5-2,Vitória
Cristiano Ronaldo,2018,2,10,Gol,0,0,Real Sociedad,La Liga (Espanha),Real Madrid,5-2,Vitória
Cristiano Ronaldo,2018,2,10,Gol,0,0,Real Sociedad,La Liga (Espanha),Real Madrid,5-2,Vitória
Cristiano Ronaldo,2018,2,10,Assistência,0,0,Real Sociedad,La Liga (Espanha),Real Madrid,5-2,Vitória
Cristiano Ronaldo,2018,2,3,Apenas Participação,0,0,Levante,La Liga (Espanha),Real Madrid,2-2,Empate
Cristiano Ronaldo,2018,1,27,Gol,0,0,Valencia,La Liga (Espanha),Real Madrid,1-4,Vitória
Cristiano Ronaldo,2018,1,27,Gol,0,0,Valencia,La Liga (Espanha),Real Madrid,1-4,Vitória
Cristiano Ronaldo,2018,1,21,Gol,0,0,Deportivo,La Liga (Espanha),Real Madrid,7-1,Vitória
Cristiano Ronaldo,2018,1,21,Gol,0,0,Deportivo,La Liga (Espanha),Real Madrid,7-1,Vitória
Cristiano Ronaldo,2018,1,21,Assistência,0,0,Deportivo,La Liga (Espanha),Real Madrid,7-1,Vitória
Cristiano Ronaldo,2018,1,13,Apenas Participação,0,0,Villarreal,La Liga (Espanha),Real Madrid,0-1,Derrota
Cristiano Ronaldo,2018,1,7,Apenas Participação,0,0,Celta de Vigo,La Liga (Espanha),Real Madrid,2-2,Empate
