 Código,Programa,Instituição de Ensino,Sigla da IES,Modalidade,Área de Avaliação,Nota da Avaliação
12001015015P1,MATEMÁTICA,UNIVERSIDADE FEDERAL DO AMAZONAS,UFAM,Aca.,MATEMÁTICA / PROBABILIDADE E ESTATÍSTICA          ,4
15001016041P0,MATEMÁTICA E ESTATÍSTICA,UNIVERSIDADE FEDERAL DO PARÁ,UFPA,Aca.,MATEMÁTICA / PROBABILIDADE E ESTATÍSTICA          ,4
22001018003P1,MATEMÁTICA,UNIVERSIDADE FEDERAL DO CEARÁ,UFC,Aca.,MATEMÁTICA / PROBABILIDADE E ESTATÍSTICA          ,7
24001015035P6,MATEMÁTICA,UNIVERSIDADE FEDERAL DA PARAÍBA - CAMPUS JOÃO PESSOA,UFPB-JOÃO PESSOA,Aca.,MATEMÁTICA / PROBABILIDADE E ESTATÍSTICA          ,5
24009016012P7,MATEMÁTICA,UNIVERSIDADE FEDERAL DE CAMPINA GRANDE,UFCG,Aca.,MATEMÁTICA / PROBABILIDADE E ESTATÍSTICA          ,4
25001019003P0,MATEMÁTICA,UNIVERSIDADE FEDERAL DE PERNAMBUCO,UFPE,Aca.,MATEMÁTICA / PROBABILIDADE E ESTATÍSTICA          ,5
25001019048P3,ESTATÍSTICA,UNIVERSIDADE FEDERAL DE PERNAMBUCO,UFPE,Aca.,MATEMÁTICA / PROBABILIDADE E ESTATÍSTICA          ,5
26001012015P0,MATEMÁTICA,UNIVERSIDADE FEDERAL DE ALAGOAS,UFAL,Aca.,MATEMÁTICA / PROBABILIDADE E ESTATÍSTICA          ,4
28001010003P1,MATEMÁTICA,UNIVERSIDADE FEDERAL DA BAHIA,UFBA,Aca.,MATEMÁTICA / PROBABILIDADE E ESTATÍSTICA          ,4
31001017003P7,MATEMÁTICA,UNIVERSIDADE FEDERAL DO RIO DE JANEIRO,UFRJ,Aca.,MATEMÁTICA / PROBABILIDADE E ESTATÍSTICA          ,7
31001017005P0,ESTATÍSTICA,UNIVERSIDADE FEDERAL DO RIO DE JANEIRO,UFRJ,Aca.,MATEMÁTICA / PROBABILIDADE E ESTATÍSTICA          ,5
31003010003P3,MATEMÁTICA,UNIVERSIDADE FEDERAL FLUMINENSE,UFF,Aca.,MATEMÁTICA / PROBABILIDADE E ESTATÍSTICA          ,6
31005012003P2,MATEMÁTICA,PONTIFÍCIA UNIVERSIDADE CATÓLICA DO RIO DE JANEIRO,PUC-RIO,Aca.,MATEMÁTICA / PROBABILIDADE E ESTATÍSTICA          ,7
31008011001P9,MATEMÁTICA,INSTITUTO NACIONAL DE MATEMÁTICA PURA E APLICADA,IMPA,Aca.,MATEMÁTICA / PROBABILIDADE E ESTATÍSTICA          ,7
32001010003P0,MATEMÁTICA,UNIVERSIDADE FEDERAL DE MINAS GERAIS,UFMG,Aca.,MATEMÁTICA / PROBABILIDADE E ESTATÍSTICA          ,7
32001010053P7,ESTATÍSTICA,UNIVERSIDADE FEDERAL DE MINAS GERAIS,UFMG,Aca.,MATEMÁTICA / PROBABILIDADE E ESTATÍSTICA          ,5
33001014007P8,MATEMÁTICA,UNIVERSIDADE FEDERAL DE SÃO CARLOS,UFSCAR,Aca.,MATEMÁTICA / PROBABILIDADE E ESTATÍSTICA          ,5
33002010005P1,MATEMÁTICA,UNIVERSIDADE DE SÃO PAULO,USP,Aca.,MATEMÁTICA / PROBABILIDADE E ESTATÍSTICA          ,6
33002010006P8,MATEMÁTICA APLICADA,UNIVERSIDADE DE SÃO PAULO,USP,Aca.,MATEMÁTICA / PROBABILIDADE E ESTATÍSTICA          ,6
33002010007P4,Probabilidade e Estatística,UNIVERSIDADE DE SÃO PAULO,USP,Aca.,MATEMÁTICA / PROBABILIDADE E ESTATÍSTICA          ,6
33002045003P5,MATEMÁTICA,UNIVERSIDADE DE SÃO PAULO - CAMPUS SÃO CARLOS,USP-SÃO CARLOS,Aca.,MATEMÁTICA / PROBABILIDADE E ESTATÍSTICA          ,7
33003017003P5,MATEMÁTICA,UNIVERSIDADE ESTADUAL DE CAMPINAS,UNICAMP,Aca.,MATEMÁTICA / PROBABILIDADE E ESTATÍSTICA          ,7
33003017004P1,MATEMÁTICA APLICADA,UNIVERSIDADE ESTADUAL DE CAMPINAS,UNICAMP,Aca.,MATEMÁTICA / PROBABILIDADE E ESTATÍSTICA          ,6
33003017006P4,ESTATÍSTICA,UNIVERSIDADE ESTADUAL DE CAMPINAS,UNICAMP,Aca.,MATEMÁTICA / PROBABILIDADE E ESTATÍSTICA          ,5
33004153071P0,MATEMÁTICA,UNIVERSIDADE ESTADUAL PAULISTA JÚLIO DE MESQUITA FILHO - CAMPUS SÃO JOSÉ DO RIO PRETO,UNESP-SÃO JOSÉ DO RIO PRETO,Aca.,MATEMÁTICA / PROBABILIDADE E ESTATÍSTICA          ,5
40001016041P1,MATEMÁTICA,UNIVERSIDADE FEDERAL DO PARANÁ,UFPR,Aca.,MATEMÁTICA / PROBABILIDADE E ESTATÍSTICA          ,5
40004015013P7,MATEMÁTICA,UNIVERSIDADE ESTADUAL DE MARINGÁ,UEM,Aca.,MATEMÁTICA / PROBABILIDADE E ESTATÍSTICA          ,5
41001010001P6,MATEMÁTICA PURA E APLICADA,UNIVERSIDADE FEDERAL DE SANTA CATARINA,UFSC,Aca.,MATEMÁTICA / PROBABILIDADE E ESTATÍSTICA          ,5
42001013003P8,MATEMÁTICA,UNIVERSIDADE FEDERAL DO RIO GRANDE DO SUL,UFRGS,Aca.,MATEMÁTICA / PROBABILIDADE E ESTATÍSTICA          ,5
42001013063P0,MATEMÁTICA APLICADA,UNIVERSIDADE FEDERAL DO RIO GRANDE DO SUL,UFRGS,Aca.,MATEMÁTICA / PROBABILIDADE E ESTATÍSTICA          ,4
52001016001P3,MATEMÁTICA,UNIVERSIDADE FEDERAL DE GOIÁS,UFG,Aca.,MATEMÁTICA / PROBABILIDADE E ESTATÍSTICA          ,5
53001010003P2,MATEMÁTICA,UNIVERSIDADE DE BRASÍLIA,UNB,Aca.,MATEMÁTICA / PROBABILIDADE E ESTATÍSTICA          ,7
33003017085P1,MATEMÁTICA APLICADA E COMPUTACIONAL,UNIVERSIDADE ESTADUAL DE CAMPINAS,UNICAMP,Prof.,MATEMÁTICA / PROBABILIDADE E ESTATÍSTICA          ,4
30001013023P5,MATEMÁTICA,UNIVERSIDADE FEDERAL DO ESPÍRITO SANTO,UFES,Aca.,MATEMÁTICA / PROBABILIDADE E ESTATÍSTICA          ,3
23001011042P0,MATEMÁTICA APLICADA E ESTATISTICA,UNIVERSIDADE FEDERAL DO RIO GRANDE DO NORTE,UFRN,Aca.,MATEMÁTICA / PROBABILIDADE E ESTATÍSTICA          ,3
42002010034P0,MATEMÁTICA,UNIVERSIDADE FEDERAL DE SANTA MARIA,UFSM,Aca.,MATEMÁTICA / PROBABILIDADE E ESTATÍSTICA          ,3
32006012023P2,MATEMÁTICA,UNIVERSIDADE FEDERAL DE UBERLÂNDIA,UFU,Aca.,MATEMÁTICA / PROBABILIDADE E ESTATÍSTICA          ,4
40002012030P6,MATEMÁTICA APLICADA E COMPUTACIONAL,UNIVERSIDADE ESTADUAL DE LONDRINA,UEL,Aca.,MATEMÁTICA / PROBABILIDADE E ESTATÍSTICA          ,3
31008011002P5,MÉTODOS MATEMÁTICOS EM FINANÇAS,INSTITUTO NACIONAL DE MATEMÁTICA PURA E APLICADA,IMPA,Prof.,MATEMÁTICA / PROBABILIDADE E ESTATÍSTICA          ,4
32002017035P5,MATEMÁTICA,UNIVERSIDADE FEDERAL DE VIÇOSA,UFV,Aca.,MATEMÁTICA / PROBABILIDADE E ESTATÍSTICA          ,3
53001010074P7,ESTATISTICA,UNIVERSIDADE DE BRASÍLIA,UNB,Aca.,MATEMÁTICA / PROBABILIDADE E ESTATÍSTICA          ,4
33144010002P3,MATEMÁTICA,UNIVERSIDADE FEDERAL DO ABC,UFABC,Aca.,MATEMÁTICA / PROBABILIDADE E ESTATÍSTICA          ,4
33004137065P9,MATEMÁTICA,UNIVERSIDADE ESTADUAL PAULISTA JÚLIO DE MESQUITA FILHO - CAMPUS RIO CLARO,UNESP-RIO CLARO,Prof.,MATEMÁTICA / PROBABILIDADE E ESTATÍSTICA          ,4
21001014021P7,MATEMÁTICA,UNIVERSIDADE FEDERAL DO PIAUÍ,UFPI,Aca.,MATEMÁTICA / PROBABILIDADE E ESTATÍSTICA          ,4
33004129046P9,Matematica Aplicada e Computacional,UNIVERSIDADE ESTADUAL PAULISTA JÚLIO DE MESQUITA FILHO - CAMPUS PRESIDENTE PRUDENTE,UNESP-PRESIDENTE PRUDENTE,Aca.,MATEMÁTICA / PROBABILIDADE E ESTATÍSTICA          ,4
32005016030P2,MATEMÁTICA,UNIVERSIDADE FEDERAL DE JUIZ DE FORA,UFJF,Aca.,MATEMÁTICA / PROBABILIDADE E ESTATÍSTICA          ,4
20001010019P0,MATEMATICA,UNIVERSIDADE FEDERAL DO MARANHÃO,UFMA,Aca.,MATEMÁTICA / PROBABILIDADE E ESTATÍSTICA          ,3
28001010081P2,MATEMÁTICA - UFBA-UFAL,UNIVERSIDADE FEDERAL DA BAHIA,UFBA,Aca.,MATEMÁTICA / PROBABILIDADE E ESTATÍSTICA          ,4
15001016061P1,MATEMÁTICA - UFPA - UFAM,UNIVERSIDADE FEDERAL DO PARÁ,UFPA,Aca.,MATEMÁTICA / PROBABILIDADE E ESTATÍSTICA          ,4
24001015058P6,MATEMÁTICA - UFPB-J.P. - UFCG,UNIVERSIDADE FEDERAL DE CAMPINA GRANDE,UFCG,Aca.,MATEMÁTICA / PROBABILIDADE E ESTATÍSTICA          ,5
31011012013P4,Matemática Aplicada e Ciência de Dados,FUNDAÇÃO GETULIO VARGAS - RIO DE JANEIRO,FGV-RJ,Aca.,MATEMÁTICA / PROBABILIDADE E ESTATÍSTICA          ,4
33002010223P9,Ensino de Matemática,UNIVERSIDADE DE SÃO PAULO,USP,Prof.,MATEMÁTICA / PROBABILIDADE E ESTATÍSTICA          ,4
33001014045P7,Estatística,UNIVERSIDADE FEDERAL DE SÃO CARLOS,UFSCAR,Aca.,MATEMÁTICA / PROBABILIDADE E ESTATÍSTICA          ,5
32003013012P1,Matemática,UNIVERSIDADE FEDERAL DE ITAJUBÁ - UNIFEI,UNIFEI,Aca.,MATEMÁTICA / PROBABILIDADE E ESTATÍSTICA          ,4
33002045021P3,"Matemática, Estatística e Computação Aplicadas à Indústria",UNIVERSIDADE DE SÃO PAULO - CAMPUS SÃO CARLOS,USP-SÃO CARLOS,Prof.,MATEMÁTICA / PROBABILIDADE E ESTATÍSTICA          ,4
33009015092P6,Matemática Pura e Aplicada,UNIVERSIDADE FEDERAL DE SÃO PAULO,UNIFESP,Aca.,MATEMÁTICA / PROBABILIDADE E ESTATÍSTICA          ,3
27001016177P3,MATEMÁTICA,UNIVERSIDADE FEDERAL DE SERGIPE,UFS,Aca.,MATEMÁTICA / PROBABILIDADE E ESTATÍSTICA          ,3
42001013177P6,ESTATÍSTICA,UNIVERSIDADE FEDERAL DO RIO GRANDE DO SUL,UFRGS,Aca.,MATEMÁTICA / PROBABILIDADE E ESTATÍSTICA          ,3
33002029056P0,MATEMÁTICA ,UNIVERSIDADE DE SÃO PAULO - CAMPUS RIBEIRÃO PRETO,USP-RIBEIRÃO PRETO,Aca.,MATEMÁTICA / PROBABILIDADE E ESTATÍSTICA          ,3
12001015012P2,INFORMÁTICA,UNIVERSIDADE FEDERAL DO AMAZONAS,UFAM,Aca.,COMPUTAÇÃO,6
22001018031P5,CIÊNCIAS DA COMPUTAÇÃO,UNIVERSIDADE FEDERAL DO CEARÁ,UFC,Aca.,COMPUTAÇÃO,5
22002014002P1,INFORMÁTICA APLICADA,UNIVERSIDADE DE FORTALEZA,UNIFOR,Aca.,COMPUTAÇÃO,4
23001011022P9,SISTEMAS E COMPUTAÇÃO,UNIVERSIDADE FEDERAL DO RIO GRANDE DO NORTE,UFRN,Aca.,COMPUTAÇÃO,5
24009016005P0,CIÊNCIA DA COMPUTAÇÃO,UNIVERSIDADE FEDERAL DE CAMPINA GRANDE,UFCG,Aca.,COMPUTAÇÃO,4
25001019004P6,CIÊNCIAS DA COMPUTAÇÃO,UNIVERSIDADE FEDERAL DE PERNAMBUCO,UFPE,Aca.,COMPUTAÇÃO,7
30001013007P0,INFORMÁTICA,UNIVERSIDADE FEDERAL DO ESPÍRITO SANTO,UFES,Aca.,COMPUTAÇÃO,4
31001017004P3,ENGENHARIA DE SISTEMAS E COMPUTAÇÃO,UNIVERSIDADE FEDERAL DO RIO DE JANEIRO,UFRJ,Aca.,COMPUTAÇÃO,7
31001017110P8,INFORMÁTICA,UNIVERSIDADE FEDERAL DO RIO DE JANEIRO,UFRJ,Aca.,COMPUTAÇÃO,4
31003010046P4,COMPUTAÇÃO,UNIVERSIDADE FEDERAL FLUMINENSE,UFF,Aca.,COMPUTAÇÃO,6
31005012004P9,INFORMÁTICA,PONTIFÍCIA UNIVERSIDADE CATÓLICA DO RIO DE JANEIRO,PUC-RIO,Aca.,COMPUTAÇÃO,7
31007015009P3,SISTEMAS E COMPUTAÇÃO,INSTITUTO MILITAR DE ENGENHARIA,IME,Aca.,COMPUTAÇÃO,3
32001010004P6,CIÊNCIAS DA COMPUTAÇÃO,UNIVERSIDADE FEDERAL DE MINAS GERAIS,UFMG,Aca.,COMPUTAÇÃO,7
32002017027P2,CIÊNCIA DA COMPUTAÇÃO,UNIVERSIDADE FEDERAL DE VIÇOSA,UFV,Aca.,COMPUTAÇÃO,4
32006012017P2,CIÊNCIA DA COMPUTAÇÃO,UNIVERSIDADE FEDERAL DE UBERLÂNDIA,UFU,Aca.,COMPUTAÇÃO,5
33001014008P4,CIÊNCIA DA COMPUTAÇÃO,UNIVERSIDADE FEDERAL DE SÃO CARLOS,UFSCAR,Aca.,COMPUTAÇÃO,5
33002010176P0,CIÊNCIA DA COMPUTAÇÃO,UNIVERSIDADE DE SÃO PAULO,USP,Aca.,COMPUTAÇÃO,6
33002045004P1,CIÊNCIAS DA COMPUTAÇÃO E MATEMÁTICA COMPUTACIONAL,UNIVERSIDADE DE SÃO PAULO - CAMPUS SÃO CARLOS,USP-SÃO CARLOS,Aca.,COMPUTAÇÃO,7
33003017005P8,CIÊNCIA DA COMPUTAÇÃO,UNIVERSIDADE ESTADUAL DE CAMPINAS,UNICAMP,Aca.,COMPUTAÇÃO,7
40001016034P5,INFORMÁTICA,UNIVERSIDADE FEDERAL DO PARANÁ,UFPR,Aca.,COMPUTAÇÃO,6
40003019004P1,Informática,PONTIFÍCIA UNIVERSIDADE CATÓLICA DO PARANÁ,PUCPR,Aca.,COMPUTAÇÃO,5
40004015019P5,CIÊNCIA DA COMPUTAÇÃO,UNIVERSIDADE ESTADUAL DE MARINGÁ,UEM,Aca.,COMPUTAÇÃO,4
41001010025P2,CIÊNCIAS DA COMPUTAÇÃO,UNIVERSIDADE FEDERAL DE SANTA CATARINA,UFSC,Aca.,COMPUTAÇÃO,5
42001013004P4,COMPUTAÇÃO,UNIVERSIDADE FEDERAL DO RIO GRANDE DO SUL,UFRGS,Aca.,COMPUTAÇÃO,7
42005019016P8,CIÊNCIA DA COMPUTAÇÃO,PONTIFÍCIA UNIVERSIDADE CATÓLICA DO RIO GRANDE DO SUL,PUCRS,Aca.,COMPUTAÇÃO,7
42007011006P5,COMPUTAÇÃO APLICADA,UNIVERSIDADE DO VALE DO RIO DOS SINOS,UNISINOS,Aca.,COMPUTAÇÃO,5
51001012012P2,CIÊNCIA DA COMPUTAÇÃO,UNIVERSIDADE FEDERAL DE MATO GROSSO DO SUL,UFMS,Aca.,COMPUTAÇÃO,4
52001016027P2,CIÊNCIA DA COMPUTAÇÃO,UNIVERSIDADE FEDERAL DE GOIÁS,UFG,Aca.,COMPUTAÇÃO,4
53001010054P6,INFORMÁTICA,UNIVERSIDADE DE BRASÍLIA,UNB,Aca.,COMPUTAÇÃO,5
32008015011P7,INFORMÁTICA,PONTIFÍCIA UNIVERSIDADE CATÓLICA DE MINAS GERAIS,PUC MINAS,Aca.,COMPUTAÇÃO,4
15001016047P9,Computação,UNIVERSIDADE FEDERAL DO PARÁ,UFPA,Aca.,COMPUTAÇÃO,5
25001019062P6,CIÊNCIAS DA COMPUTAÇÃO,UNIVERSIDADE FEDERAL DE PERNAMBUCO,UFPE,Prof.,COMPUTAÇÃO,4
33004153073P2,CIÊNCIA DA COMPUTAÇÃO,UNIVERSIDADE ESTADUAL PAULISTA JÚLIO DE MESQUITA FILHO - CAMPUS SÃO JOSÉ DO RIO PRETO,UNESP-SÃO JOSÉ DO RIO PRETO,Aca.,COMPUTAÇÃO,4
24001015047P4,INFORMÁTICA,UNIVERSIDADE FEDERAL DA PARAÍBA - CAMPUS JOÃO PESSOA,UFPB-JOÃO PESSOA,Aca.,COMPUTAÇÃO,4
28013018005P5,SISTEMAS E COMPUTAÇÃO,UNIVERSIDADE SALVADOR,UNIFACS,Aca.,COMPUTAÇÃO,3
25004018011P1,ENGENHARIA DA COMPUTAÇÃO,UNIVERSIDADE DE PERNAMBUCO,UPE,Aca.,COMPUTAÇÃO,4
25019015001P0,ENGENHARIA DE SOFTWARE,FACULDADE CESAR,FCE,Prof.,COMPUTAÇÃO,4
31021018009P9,INFORMÁTICA,UNIVERSIDADE FEDERAL DO ESTADO DO RIO DE JANEIRO,UNIRIO,Aca.,COMPUTAÇÃO,4
22003010018P1,CIÊNCIA DA COMPUTAÇÃO,UNIVERSIDADE ESTADUAL DO CEARÁ,UECE,Aca.,COMPUTAÇÃO,4
28001010061P1,CIÊNCIA DA COMPUTAÇÃO,UNIVERSIDADE FEDERAL DA BAHIA,UFBA,Aca.,COMPUTAÇÃO,3
42002010036P3,Ciência da Computação,UNIVERSIDADE FEDERAL DE SANTA MARIA,UFSM,Aca.,COMPUTAÇÃO,3
41005015010P7,COMPUTAÇÃO,UNIVERSIDADE DO VALE DO ITAJAÍ,UNIVALI,Aca.,COMPUTAÇÃO,4
40002012033P5,CIÊNCIA DA COMPUTAÇÃO,UNIVERSIDADE ESTADUAL DE LONDRINA,UEL,Aca.,COMPUTAÇÃO,4
23002018002P4,CIÊNCIA DA COMPUTAÇÃO - UERN - UFERSA,UNIVERSIDADE DO ESTADO DO RIO GRANDE DO NORTE,UERN,Aca.,COMPUTAÇÃO,3
32003013008P4,CIÊNCIA E TECNOLOGIA DA COMPUTAÇÃO,UNIVERSIDADE FEDERAL DE ITAJUBÁ - UNIFEI,UNIFEI,Aca.,COMPUTAÇÃO,3
32007019023P9,Ciência da Computação,UNIVERSIDADE FEDERAL DE OURO PRETO,UFOP,Aca.,COMPUTAÇÃO,5
40006018011P7,Computação Aplicada,UNIVERSIDADE TECNOLÓGICA FEDERAL DO PARANÁ,UTFPR,Prof.,COMPUTAÇÃO,3
51001012028P6,CIÊNCIA DA COMPUTAÇÃO - UFMS - UFG,UNIVERSIDADE FEDERAL DE MATO GROSSO DO SUL,UFMS,Aca.,COMPUTAÇÃO,4
27001016029P4,Ciência da Computação,UNIVERSIDADE FEDERAL DE SERGIPE,UFS,Aca.,COMPUTAÇÃO,3
33002010214P0,Sistemas de Informação,UNIVERSIDADE DE SÃO PAULO,USP,Aca.,COMPUTAÇÃO,4
20002017004P9,Engenharia de  Computação e Sistemas,UNIVERSIDADE ESTADUAL DO MARANHÃO,UEMA,Prof.,COMPUTAÇÃO,3
33144010008P1,Ciência da Computação,UNIVERSIDADE FEDERAL DO ABC,UFABC,Aca.,COMPUTAÇÃO,4
32005016034P8,Ciência da Computação,UNIVERSIDADE FEDERAL DE JUIZ DE FORA,UFJF,Aca.,COMPUTAÇÃO,4
20001010022P0,Ciência da Computação,UNIVERSIDADE FEDERAL DO MARANHÃO,UFMA,Aca.,COMPUTAÇÃO,4
42003016038P9,Computação,UNIVERSIDADE FEDERAL DE PELOTAS,UFPEL,Aca.,COMPUTAÇÃO,5
25003011032P2,Informática Aplicada,UNIVERSIDADE FEDERAL RURAL DE PERNAMBUCO,UFRPE,Aca.,COMPUTAÇÃO,3
33149011002P1,Ciência da Computação,CENTRO UNIVERSITÁRIO CAMPO LIMPO PAULISTA,UNIFACCAMP,Aca.,COMPUTAÇÃO,3
33009015079P0,Ciência da Computação,UNIVERSIDADE FEDERAL DE SÃO PAULO,UNIFESP,Aca.,COMPUTAÇÃO,4
41002016023P2,Computação Aplicada,FUNDAÇÃO UNIVERSIDADE DO ESTADO DE SANTA CATARINA,UDESC,Aca.,COMPUTAÇÃO,4
21001014031P2,Ciência da Computação,UNIVERSIDADE FEDERAL DO PIAUÍ,UFPI,Aca.,COMPUTAÇÃO,4
32004010027P9,Ciência da Computação,UNIVERSIDADE FEDERAL DE LAVRAS,UFLA,Aca.,COMPUTAÇÃO,4
42004012022P1,Computação,UNIVERSIDADE FEDERAL DO RIO GRANDE,FURG,Aca.,COMPUTAÇÃO,4
26001012035P1,Informática,UNIVERSIDADE FEDERAL DE ALAGOAS,UFAL,Aca.,COMPUTAÇÃO,3
33001014044P0,Ciência da Computação,UNIVERSIDADE FEDERAL DE SÃO CARLOS,UFSCAR,Aca.,COMPUTAÇÃO,3
53001010098P3,Computação Aplicada,UNIVERSIDADE DE BRASÍLIA,UNB,Prof.,COMPUTAÇÃO,4
40006018025P8,Informática,UNIVERSIDADE TECNOLÓGICA FEDERAL DO PARANÁ,UTFPR,Prof.,COMPUTAÇÃO,4
51001012038P1,Computação Aplicada,UNIVERSIDADE FEDERAL DE MATO GROSSO DO SUL,UFMS,Prof.,COMPUTAÇÃO,3
23001011071P0,Tecnologia da Informação,UNIVERSIDADE FEDERAL DO RIO GRANDE DO NORTE,UFRN,Prof.,COMPUTAÇÃO,4
42009014011P1,Computação Aplicada,UNIVERSIDADE DE PASSO FUNDO,UPF,Prof.,COMPUTAÇÃO,4
28001010095P3,Ciência da Computação,UNIVERSIDADE FEDERAL DA BAHIA,UFBA,Aca.,COMPUTAÇÃO,5
22008012004P2,Ciência da Computação,"INSTITUTO FEDERAL DE EDUCAÇÃO, CIÊNCIA E TECNOLOGIA DO CEARÁ",IFCE,Aca.,COMPUTAÇÃO,4
33002029052P5,COMPUTAÇÃO APLICADA,UNIVERSIDADE DE SÃO PAULO - CAMPUS RIBEIRÃO PRETO,USP-RIBEIRÃO PRETO,Aca.,COMPUTAÇÃO,3
40006018171P4,CIÊNCIA DA COMPUTAÇÃO,UNIVERSIDADE TECNOLÓGICA FEDERAL DO PARANÁ,UTFPR,Aca.,COMPUTAÇÃO,3
31022014009P5,CIÊNCIA DA COMPUTAÇÃO,CENTRO FEDERAL DE EDUCAÇÃO TECNOLÓGICA CELSO SUCKOW DA FONSECA,CEFET-RJ,Aca.,COMPUTAÇÃO,3
15001016092P4,COMPUTAÇÃO APLICADA,UNIVERSIDADE FEDERAL DO PARÁ,UFPA,Prof.,COMPUTAÇÃO,3
32018010044P4,CIÊNCIA DA COMPUTAÇÃO,UNIVERSIDADE FEDERAL DE SÃO JOÃO DEL-REI,UFSJ,Aca.,COMPUTAÇÃO,4
28002016020P6,CIÊNCIA DA COMPUTAÇÃO ,UNIVERSIDADE ESTADUAL DE FEIRA DE SANTANA,UEFS,Aca.,COMPUTAÇÃO,3
11001011072P2,CIÊNCIA DA COMPUTAÇÃO,UNIVERSIDADE FEDERAL DO ACRE,UFAC,Aca.,COMPUTAÇÃO,3
22001018173P4,COMPUTAÇÃO,UNIVERSIDADE FEDERAL DO CEARÁ,UFC,Aca.,COMPUTAÇÃO,3
40015017173P2,CIÊNCIA DA COMPUTAÇÃO,UNIVERSIDADE ESTADUAL DO OESTE DO PARANÁ,UNIOESTE,Aca.,COMPUTAÇÃO,3
24007013002P9,TECNOLOGIA DA INFORMAÇÃO ,"INSTITUTO FEDERAL DE EDUCAÇÃO, CIÊNCIA E TECNOLOGIA DA PARAÍBA",IFPB,Prof.,COMPUTAÇÃO,3
30004012075P4,COMPUTAÇÃO APLICADA,"INSTITUTO FEDERAL DE EDUCAÇÃO, CIÊNCIA E TECNOLOGIA DO ESPÍRITO SANTO",IFES,Prof.,COMPUTAÇÃO,3
42046017016P1,ENGENHARIA DE SOFTWARE,UNIVERSIDADE FEDERAL DO PAMPA,UNIPAMPA,Prof.,COMPUTAÇÃO,3
20001010049P6,CIÊNCIA DA COMPUTAÇÃO,UNIVERSIDADE FEDERAL DO MARANHÃO,UFMA,Aca.,COMPUTAÇÃO,4
33083010005P2,COMPUTAÇÃO APLICADA,INSTITUTO DE PESQUISAS TECNOLÓGICAS DO ESTADO DE SÃO PAULO,IPT,Prof.,COMPUTAÇÃO,3
12001015006P2,FÍSICA,UNIVERSIDADE FEDERAL DO AMAZONAS,UFAM,Aca.,ASTRONOMIA / FÍSICA                               ,4
15001016037P3,FÍSICA,UNIVERSIDADE FEDERAL DO PARÁ,UFPA,Aca.,ASTRONOMIA / FÍSICA                               ,6
22001018002P5,FÍSICA,UNIVERSIDADE FEDERAL DO CEARÁ,UFC,Aca.,ASTRONOMIA / FÍSICA                               ,7
23001011010P0,FÍSICA,UNIVERSIDADE FEDERAL DO RIO GRANDE DO NORTE,UFRN,Aca.,ASTRONOMIA / FÍSICA                               ,5
24001015002P0,FÍSICA,UNIVERSIDADE FEDERAL DA PARAÍBA - CAMPUS JOÃO PESSOA,UFPB-JOÃO PESSOA,Aca.,ASTRONOMIA / FÍSICA                               ,5
25001019002P3,FÍSICA,UNIVERSIDADE FEDERAL DE PERNAMBUCO,UFPE,Aca.,ASTRONOMIA / FÍSICA                               ,7
26001012002P6,Física,UNIVERSIDADE FEDERAL DE ALAGOAS,UFAL,Aca.,ASTRONOMIA / FÍSICA                               ,5
27001016008P7,FÍSICA,UNIVERSIDADE FEDERAL DE SERGIPE,UFS,Aca.,ASTRONOMIA / FÍSICA                               ,4
28001010002P5,FÍSICA,UNIVERSIDADE FEDERAL DA BAHIA,UFBA,Aca.,ASTRONOMIA / FÍSICA                               ,4
30001013005P7,FÍSICA,UNIVERSIDADE FEDERAL DO ESPÍRITO SANTO,UFES,Aca.,ASTRONOMIA / FÍSICA                               ,4
31001017002P0,FÍSICA,UNIVERSIDADE FEDERAL DO RIO DE JANEIRO,UFRJ,Aca.,ASTRONOMIA / FÍSICA                               ,7
31001017118P9,ASTRONOMIA,UNIVERSIDADE FEDERAL DO RIO DE JANEIRO,UFRJ,Aca.,ASTRONOMIA / FÍSICA                               ,4
31003010002P7,FÍSICA,UNIVERSIDADE FEDERAL FLUMINENSE,UFF,Aca.,ASTRONOMIA / FÍSICA                               ,6
31004016022P0,FÍSICA,UNIVERSIDADE DO ESTADO DO RIO DE JANEIRO,UERJ,Aca.,ASTRONOMIA / FÍSICA                               ,5
31005012002P6,FÍSICA,PONTIFÍCIA UNIVERSIDADE CATÓLICA DO RIO DE JANEIRO,PUC-RIO,Aca.,ASTRONOMIA / FÍSICA                               ,7
31009018001P5,FÍSICA,CENTRO BRASILEIRO DE PESQUISAS FÍSICAS,CBPF,Aca.,ASTRONOMIA / FÍSICA                               ,7
31013015001P9,ASTRONOMIA,OBSERVATÓRIO NACIONAL,ON,Aca.,ASTRONOMIA / FÍSICA                               ,6
32001010002P3,FÍSICA,UNIVERSIDADE FEDERAL DE MINAS GERAIS,UFMG,Aca.,ASTRONOMIA / FÍSICA                               ,7
32002017025P0,Física,UNIVERSIDADE FEDERAL DE VIÇOSA,UFV,Aca.,ASTRONOMIA / FÍSICA                               ,5
32005016008P7,FÍSICA,UNIVERSIDADE FEDERAL DE JUIZ DE FORA,UFJF,Aca.,ASTRONOMIA / FÍSICA                               ,5
32006012018P9,FÍSICA,UNIVERSIDADE FEDERAL DE UBERLÂNDIA,UFU,Aca.,ASTRONOMIA / FÍSICA                               ,5
33001014011P5,FÍSICA,UNIVERSIDADE FEDERAL DE SÃO CARLOS,UFSCAR,Aca.,ASTRONOMIA / FÍSICA                               ,4
33002010002P2,FÍSICA,UNIVERSIDADE DE SÃO PAULO,USP,Aca.,ASTRONOMIA / FÍSICA                               ,5
33002010004P5,ASTRONOMIA,UNIVERSIDADE DE SÃO PAULO,USP,Aca.,ASTRONOMIA / FÍSICA                               ,7
33002045002P9,FÍSICA,UNIVERSIDADE DE SÃO PAULO - CAMPUS SÃO CARLOS,USP-SÃO CARLOS,Aca.,ASTRONOMIA / FÍSICA                               ,7
33003017002P9,FÍSICA,UNIVERSIDADE ESTADUAL DE CAMPINAS,UNICAMP,Aca.,ASTRONOMIA / FÍSICA                               ,7
33004080051P4,Física e Astronomia,UNIVERSIDADE ESTADUAL PAULISTA JÚLIO DE MESQUITA FILHO - CAMPUS GUARATINGUETÁ,UNESP-GUARATINGUETÁ,Aca.,ASTRONOMIA / FÍSICA                               ,5
33004137063P6,FÍSICA,UNIVERSIDADE ESTADUAL PAULISTA JÚLIO DE MESQUITA FILHO - CAMPUS RIO CLARO,UNESP-RIO CLARO,Aca.,ASTRONOMIA / FÍSICA                               ,4
33010013010P4,ASTROFÍSICA,INSTITUTO NACIONAL DE PESQUISAS ESPACIAIS,INPE,Aca.,ASTRONOMIA / FÍSICA                               ,4
33011010001P5,FÍSICA,INSTITUTO TECNOLÓGICO DE AERONÁUTICA,ITA,Aca.,ASTRONOMIA / FÍSICA                               ,4
33015015001P7,FÍSICA,UNIVERSIDADE ESTADUAL PAULISTA JÚLIO DE MESQUITA FILHO - INSTITUTO DE FÍSICA TEÓRICA,UNESP-IFT,Aca.,ASTRONOMIA / FÍSICA                               ,7
33051011007P7,FÍSICA E ASTRONOMIA,UNIVERSIDADE DO VALE DO PARAÍBA,UNIVAP,Aca.,ASTRONOMIA / FÍSICA                               ,4
40001016020P4,FÍSICA,UNIVERSIDADE FEDERAL DO PARANÁ,UFPR,Aca.,ASTRONOMIA / FÍSICA                               ,6
40002012014P0,FÍSICA,UNIVERSIDADE ESTADUAL DE LONDRINA,UEL,Aca.,ASTRONOMIA / FÍSICA                               ,4
40004015011P4,FÍSICA,UNIVERSIDADE ESTADUAL DE MARINGÁ,UEM,Aca.,ASTRONOMIA / FÍSICA                               ,6
40005011008P0,CIÊNCIAS,UNIVERSIDADE ESTADUAL DE PONTA GROSSA,UEPG,Aca.,ASTRONOMIA / FÍSICA                               ,5
41001010020P0,FÍSICA,UNIVERSIDADE FEDERAL DE SANTA CATARINA,UFSC,Aca.,ASTRONOMIA / FÍSICA                               ,5
42001013002P1,FÍSICA,UNIVERSIDADE FEDERAL DO RIO GRANDE DO SUL,UFRGS,Aca.,ASTRONOMIA / FÍSICA                               ,7
42002010019P1,FÍSICA,UNIVERSIDADE FEDERAL DE SANTA MARIA,UFSM,Aca.,ASTRONOMIA / FÍSICA                               ,4
52001016009P4,FÍSICA,UNIVERSIDADE FEDERAL DE GOIÁS,UFG,Aca.,ASTRONOMIA / FÍSICA                               ,6
53001010002P6,FÍSICA,UNIVERSIDADE DE BRASÍLIA,UNB,Aca.,ASTRONOMIA / FÍSICA                               ,5
50001019012P0,FÍSICA,UNIVERSIDADE FEDERAL DE MATO GROSSO,UFMT,Aca.,ASTRONOMIA / FÍSICA                               ,4
31009018003P8,FÍSICA,CENTRO BRASILEIRO DE PESQUISAS FÍSICAS,CBPF,Prof.,ASTRONOMIA / FÍSICA                               ,5
20001010013P1,FÍSICA,UNIVERSIDADE FEDERAL DO MARANHÃO,UFMA,Aca.,ASTRONOMIA / FÍSICA                               ,5
41002016011P4,FÍSICA,FUNDAÇÃO UNIVERSIDADE DO ESTADO DE SANTA CATARINA,UDESC,Aca.,ASTRONOMIA / FÍSICA                               ,4
24009016017P9,FÍSICA,UNIVERSIDADE FEDERAL DE CAMPINA GRANDE,UFCG,Aca.,ASTRONOMIA / FÍSICA                               ,4
21001014016P3,FÍSICA,UNIVERSIDADE FEDERAL DO PIAUÍ,UFPI,Aca.,ASTRONOMIA / FÍSICA                               ,4
23002018003P0,FÍSICA,UNIVERSIDADE DO ESTADO DO RIO GRANDE DO NORTE,UERN,Aca.,ASTRONOMIA / FÍSICA                               ,4
33144010001P7,FÍSICA,UNIVERSIDADE FEDERAL DO ABC,UFABC,Aca.,ASTRONOMIA / FÍSICA                               ,5
42003016033P7,FÍSICA,UNIVERSIDADE FEDERAL DE PELOTAS,UFPEL,Aca.,ASTRONOMIA / FÍSICA                               ,4
28007018010P2,FÍSICA,UNIVERSIDADE ESTADUAL DE SANTA CRUZ,UESC,Aca.,ASTRONOMIA / FÍSICA                               ,3
25003011024P0,FÍSICA APLICADA,UNIVERSIDADE FEDERAL RURAL DE PERNAMBUCO,UFRPE,Aca.,ASTRONOMIA / FÍSICA                               ,4
42004012019P0,Física,UNIVERSIDADE FEDERAL DO RIO GRANDE,FURG,Aca.,ASTRONOMIA / FÍSICA                               ,3
32011016010P8,FÍSICA - UFSJ - UNIFAL,UNIVERSIDADE FEDERAL DE ALFENAS,UNIFAL-MG,Aca.,ASTRONOMIA / FÍSICA                               ,4
32003013013P8,FÍSICA,UNIVERSIDADE FEDERAL DE ITAJUBÁ - UNIFEI,UNIFEI,Aca.,ASTRONOMIA / FÍSICA                               ,4
40043010003P2,FÍSICA APLICADA ,UNIVERSIDADE FEDERAL DA INTEGRAÇÃO LATINO-AMERICANA,UNILA,Aca.,ASTRONOMIA / FÍSICA                               ,3
40006018172P0,FÍSICA E ASTRONOMIA,UNIVERSIDADE TECNOLÓGICA FEDERAL DO PARANÁ,UTFPR,Aca.,ASTRONOMIA / FÍSICA                               ,3
30001013105P1,"ASTROFÍSICA, COSMOLOGIA E GRAVITAÇÃO",UNIVERSIDADE FEDERAL DO ESPÍRITO SANTO,UFES,Aca.,ASTRONOMIA / FÍSICA                               ,5
31001017174P6,MULTIDISCIPLINAR EM FÍSICA APLICADA,UNIVERSIDADE FEDERAL DO RIO DE JANEIRO,UFRJ,Aca.,ASTRONOMIA / FÍSICA                               ,4
32004010046P3,FÍSICA,UNIVERSIDADE FEDERAL DE LAVRAS,UFLA,Aca.,ASTRONOMIA / FÍSICA                               ,3
33052018007P3,ASTROFÍSICA E FÍSICA COMPUTACIONAL,UNIVERSIDADE CIDADE DE SÃO PAULO,UNICID,Aca.,ASTRONOMIA / FÍSICA                               ,4
12001015002P7,QUÍMICA,UNIVERSIDADE FEDERAL DO AMAZONAS,UFAM,Aca.,QUÍMICA                                           ,4
15001016007P7,QUÍMICA,UNIVERSIDADE FEDERAL DO PARÁ,UFPA,Aca.,QUÍMICA                                           ,3
20001010004P2,QUÍMICA,UNIVERSIDADE FEDERAL DO MARANHÃO,UFMA,Aca.,QUÍMICA                                           ,4
21001014003P9,QUÍMICA,UNIVERSIDADE FEDERAL DO PIAUÍ,UFPI,Aca.,QUÍMICA                                           ,4
22001018004P8,QUÍMICA,UNIVERSIDADE FEDERAL DO CEARÁ,UFC,Aca.,QUÍMICA                                           ,6
23001011012P3,QUÍMICA,UNIVERSIDADE FEDERAL DO RIO GRANDE DO NORTE,UFRN,Aca.,QUÍMICA                                           ,6
24001015030P4,QUÍMICA,UNIVERSIDADE FEDERAL DA PARAÍBA - CAMPUS JOÃO PESSOA,UFPB-JOÃO PESSOA,Aca.,QUÍMICA                                           ,5
25001019036P5,QUÍMICA,UNIVERSIDADE FEDERAL DE PERNAMBUCO,UFPE,Aca.,QUÍMICA                                           ,5
26001012003P2,QUÍMICA E BIOTECNOLOGIA,UNIVERSIDADE FEDERAL DE ALAGOAS,UFAL,Aca.,QUÍMICA                                           ,4
27001016010P1,QUÍMICA,UNIVERSIDADE FEDERAL DE SERGIPE,UFS,Aca.,QUÍMICA                                           ,5
28001010004P8,QUÍMICA,UNIVERSIDADE FEDERAL DA BAHIA,UFBA,Aca.,QUÍMICA                                           ,4
31001017006P6,QUÍMICA,UNIVERSIDADE FEDERAL DO RIO DE JANEIRO,UFRJ,Aca.,QUÍMICA                                           ,6
31001017009P5,QUÍMICA DE PRODUTOS NATURAIS,UNIVERSIDADE FEDERAL DO RIO DE JANEIRO,UFRJ,Aca.,QUÍMICA                                           ,4
31002013001P0,QUÍMICA,UNIVERSIDADE FEDERAL RURAL DO RIO DE JANEIRO,UFRRJ,Aca.,QUÍMICA                                           ,4
31003010027P0,QUÍMICA,UNIVERSIDADE FEDERAL FLUMINENSE,UFF,Aca.,QUÍMICA                                           ,6
31004016037P8,QUÍMICA,UNIVERSIDADE DO ESTADO DO RIO DE JANEIRO,UERJ,Aca.,QUÍMICA                                           ,4
31005012005P5,QUÍMICA,PONTIFÍCIA UNIVERSIDADE CATÓLICA DO RIO DE JANEIRO,PUC-RIO,Aca.,QUÍMICA                                           ,5
31007015003P5,QUÍMICA,INSTITUTO MILITAR DE ENGENHARIA,IME,Aca.,QUÍMICA                                           ,4
32001010005P2,QUÍMICA,UNIVERSIDADE FEDERAL DE MINAS GERAIS,UFMG,Aca.,QUÍMICA                                           ,7
32005016009P3,QUÍMICA,UNIVERSIDADE FEDERAL DE JUIZ DE FORA,UFJF,Aca.,QUÍMICA                                           ,5
32006012011P4,QUÍMICA,UNIVERSIDADE FEDERAL DE UBERLÂNDIA,UFU,Aca.,QUÍMICA                                           ,6
33001014005P5,QUÍMICA,UNIVERSIDADE FEDERAL DE SÃO CARLOS,UFSCAR,Aca.,QUÍMICA                                           ,7
33002010191P0,QUIMICA,UNIVERSIDADE DE SÃO PAULO,USP,Aca.,QUÍMICA                                           ,7
33002029031P8,QUÍMICA,UNIVERSIDADE DE SÃO PAULO - CAMPUS RIBEIRÃO PRETO,USP-RIBEIRÃO PRETO,Aca.,QUÍMICA                                           ,6
33003017007P0,QUÍMICA,UNIVERSIDADE ESTADUAL DE CAMPINAS,UNICAMP,Aca.,QUÍMICA                                           ,7
33004030072P8,QUÍMICA,UNIVERSIDADE ESTADUAL PAULISTA JÚLIO DE MESQUITA FILHO - CAMPUS ARARAQUARA,UNESP-ARARAQUARA,Aca.,QUÍMICA                                           ,7
33093016004P8,CIÊNCIAS,UNIVERSIDADE DE FRANCA,UNIFRAN,Aca.,QUÍMICA                                           ,5
40001016026P2,QUÍMICA,UNIVERSIDADE FEDERAL DO PARANÁ,UFPR,Aca.,QUÍMICA                                           ,7
40002012018P6,QUÍMICA,UNIVERSIDADE ESTADUAL DE LONDRINA,UEL,Aca.,QUÍMICA                                           ,5
40004015002P5,QUÍMICA,UNIVERSIDADE ESTADUAL DE MARINGÁ,UEM,Aca.,QUÍMICA                                           ,6
41001010022P3,QUÍMICA,UNIVERSIDADE FEDERAL DE SANTA CATARINA,UFSC,Aca.,QUÍMICA                                           ,7
41006011005P0,QUÍMICA,UNIVERSIDADE REGIONAL DE BLUMENAU,FURB,Aca.,QUÍMICA                                           ,4
42001013040P0,QUÍMICA,UNIVERSIDADE FEDERAL DO RIO GRANDE DO SUL,UFRGS,Aca.,QUÍMICA                                           ,7
42002010012P7,QUÍMICA,UNIVERSIDADE FEDERAL DE SANTA MARIA,UFSM,Aca.,QUÍMICA                                           ,7
51001012007P9,QUÍMICA,UNIVERSIDADE FEDERAL DE MATO GROSSO DO SUL,UFMS,Aca.,QUÍMICA                                           ,5
52001016019P0,QUÍMICA,UNIVERSIDADE FEDERAL DE GOIÁS,UFG,Aca.,QUÍMICA                                           ,6
53001010005P5,QUÍMICA,UNIVERSIDADE DE BRASÍLIA,UNB,Aca.,QUÍMICA                                           ,6
40005011009P6,Química,UNIVERSIDADE ESTADUAL DE PONTA GROSSA,UEPG,Aca.,QUÍMICA                                           ,4
30001013021P2,QUÍMICA,UNIVERSIDADE FEDERAL DO ESPÍRITO SANTO,UFES,Aca.,QUÍMICA                                           ,5
28006011003P0,QUIMICA,UNIVERSIDADE ESTADUAL DO SUDOESTE DA BAHIA,UESB,Aca.,QUÍMICA                                           ,4
52012018001P1,CIÊNCIAS MOLECULARES,UNIVERSIDADE ESTADUAL DE GOIÁS,UEG,Aca.,QUÍMICA                                           ,3
28005015004P0,QUÍMICA APLICADA,UNIVERSIDADE DO ESTADO DA BAHIA,UNEB,Aca.,QUÍMICA                                           ,3
40014010002P7,QUÍMICA APLICADA,UNIVERSIDADE ESTADUAL DO CENTRO-OESTE,UNICENTRO,Aca.,QUÍMICA                                           ,4
42004012016P1,QUIMICA TECNOLOGICA E AMBIENTAL,UNIVERSIDADE FEDERAL DO RIO GRANDE,FURG,Aca.,QUÍMICA                                           ,5
42003016028P3,QUÍMICA,UNIVERSIDADE FEDERAL DE PELOTAS,UFPEL,Aca.,QUÍMICA                                           ,5
25003011020P4,QUIMICA,UNIVERSIDADE FEDERAL RURAL DE PERNAMBUCO,UFRPE,Aca.,QUÍMICA                                           ,4
33001014024P0,QUÍMICA,UNIVERSIDADE FEDERAL DE SÃO CARLOS,UFSCAR,Prof.,QUÍMICA                                           ,5
32011016004P8,QUÍMICA,UNIVERSIDADE FEDERAL DE ALFENAS,UNIFAL-MG,Aca.,QUÍMICA                                           ,4
33144010003P0,CIÊNCIA E TECNOLOGIA,UNIVERSIDADE FEDERAL DO ABC,UFABC,Aca.,QUÍMICA                                           ,6
32010010004P5,QUÍMICA,UNIVERSIDADE FEDERAL DOS VALES DO JEQUITINHONHA E MUCURI,UFVJM,Aca.,QUÍMICA                                           ,4
40002012039P3,QUÍMICA - UEL - UNICENTRO - UEPG,UNIVERSIDADE ESTADUAL DE LONDRINA,UEL,Aca.,QUÍMICA                                           ,4
33004153077P8,QUÍMICA,UNIVERSIDADE ESTADUAL PAULISTA JÚLIO DE MESQUITA FILHO - CAMPUS SÃO JOSÉ DO RIO PRETO,UNESP-SÃO JOSÉ DO RIO PRETO,Aca.,QUÍMICA                                           ,5
50001019029P0,QUÍMICA,UNIVERSIDADE FEDERAL DE MATO GROSSO,UFMT,Aca.,QUÍMICA                                           ,3
51005018010P5,Química,UNIVERSIDADE FEDERAL DA GRANDE DOURADOS,UFGD,Aca.,QUÍMICA                                           ,4
33009015075P4,Química - Ciência e Tecnologia da Sustentabilidade,UNIVERSIDADE FEDERAL DE SÃO PAULO,UNIFESP,Aca.,QUÍMICA                                           ,4
33002045020P7,Química,UNIVERSIDADE DE SÃO PAULO - CAMPUS SÃO CARLOS,USP-SÃO CARLOS,Aca.,QUÍMICA                                           ,7
40006018020P6,Tecnologia de Processos Químicos e Bioquímicos,UNIVERSIDADE TECNOLÓGICA FEDERAL DO PARANÁ,UTFPR,Aca.,QUÍMICA                                           ,3
33002010225P1,Tecnologia em Química e Bioquímica,UNIVERSIDADE DE SÃO PAULO,USP,Prof.,QUÍMICA                                           ,5
28007018019P0,Química,UNIVERSIDADE ESTADUAL DE SANTA CRUZ,UESC,Aca.,QUÍMICA                                           ,3
32007019029P7,Química,UNIVERSIDADE FEDERAL DE OURO PRETO,UFOP,Aca.,QUÍMICA                                           ,3
32005016039P0,Multicêntrico em Química de Minas Gerais,UNIVERSIDADE FEDERAL DE ITAJUBÁ - UNIFEI,UNIFEI,Aca.,QUÍMICA                                           ,4
40006018032P4,Química,UNIVERSIDADE TECNOLÓGICA FEDERAL DO PARANÁ,UTFPR,Aca.,QUÍMICA                                           ,3
24004014070P5,QUÍMICA,UNIVERSIDADE ESTADUAL DA PARAÍBA,UEPB,Aca.,QUÍMICA                                           ,3
21002010070P4,QUÍMICA,UNIVERSIDADE ESTADUAL DO PIAUÍ,UESPI,Aca.,QUÍMICA                                           ,3
40015017170P3,QUÍMICA,UNIVERSIDADE ESTADUAL DO OESTE DO PARANÁ,UNIOESTE,Aca.,QUÍMICA                                           ,4
28049012002P0,QUÍMICA PURA E APLICADA,UNIVERSIDADE FEDERAL DO OESTE DA BAHIA,UFOB,Aca.,QUÍMICA                                           ,3
20003013002P2,QUÍMICA,"INSTITUTO FEDERAL DE EDUCAÇÃO, CIÊNCIA E TECNOLOGIA DO MARANHÃO - CAMPUS MONTE CASTELO",IFMA-MONTE CASTELO,Aca.,QUÍMICA                                           ,3
41002016162P2,QUÍMICA APLICADA,FUNDAÇÃO UNIVERSIDADE DO ESTADO DE SANTA CATARINA,UDESC,Aca.,QUÍMICA                                           ,4
15025012071P6,QUIMICA,UNIVERSIDADE FEDERAL DO SUL E SUDESTE DO PARÁ,UNIFESSPA,Aca.,QUÍMICA                                           ,3
16003012171P7,QUÍMICA,UNIVERSIDADE FEDERAL DO TOCANTINS,UFT,Aca.,QUÍMICA                                           ,3
51005018172P5,QUÍMICA,UNIVERSIDADE FEDERAL DA GRANDE DOURADOS,UFGD,Aca.,QUÍMICA                                           ,4
50005014002P0,QUIMICA TECNOLÓGICA E AMBIENTAL,"INSTITUTO FEDERAL DE EDUCAÇÃO, CIÊNCIA E TECNOLOGIA DE MATO GROSSO",IFMT,Prof.,QUÍMICA                                           ,3
28023013066P6,DESENVOLVIMENTO SUSTENTÁVEL,UNIVERSIDADE SENAI CIMATEC,SENAI CIMATEC,Prof.,QUÍMICA                                           ,4
52059006009P9,QUÍMICA,UNIVERSIDADE FEDERAL DE CATALÃO,UFCAT,Aca.,QUÍMICA                                           ,3
52060004006P4,QUÍMICA,UNIVERSIDADE FEDERAL DE JATAÍ,UFJ,Aca.,QUÍMICA                                           ,3
12001015008P5,GEOCIÊNCIAS,UNIVERSIDADE FEDERAL DO AMAZONAS,UFAM,Aca.,GEOCIÊNCIAS                                       ,3
15001016016P6,GEOFÍSICA,UNIVERSIDADE FEDERAL DO PARÁ,UFPA,Aca.,GEOCIÊNCIAS                                       ,4
15001016017P2,GEOLOGIA E GEOQUÍMICA,UNIVERSIDADE FEDERAL DO PARÁ,UFPA,Aca.,GEOCIÊNCIAS                                       ,7
22001018027P8,GEOLOGIA,UNIVERSIDADE FEDERAL DO CEARÁ,UFC,Aca.,GEOCIÊNCIAS                                       ,4
23001011018P1,GEODINÂMICA E GEOFÍSICA,UNIVERSIDADE FEDERAL DO RIO GRANDE DO NORTE,UFRN,Aca.,GEOCIÊNCIAS                                       ,5
24009016001P5,METEOROLOGIA,UNIVERSIDADE FEDERAL DE CAMPINA GRANDE,UFCG,Aca.,GEOCIÊNCIAS                                       ,4
25001019007P5,GEOCIÊNCIAS,UNIVERSIDADE FEDERAL DE PERNAMBUCO,UFPE,Aca.,GEOCIÊNCIAS                                       ,4
25001019052P0,CIÊNCIAS GEODÉSICAS E TECNOLOGIAS DA GEOINFORMAÇÃO,UNIVERSIDADE FEDERAL DE PERNAMBUCO,UFPE,Aca.,GEOCIÊNCIAS                                       ,4
26001012005P5,METEOROLOGIA,UNIVERSIDADE FEDERAL DE ALAGOAS,UFAL,Aca.,GEOCIÊNCIAS                                       ,4
28001010005P4,GEOLOGIA,UNIVERSIDADE FEDERAL DA BAHIA,UFBA,Aca.,GEOCIÊNCIAS                                       ,4
28001010007P7,GEOFÍSICA,UNIVERSIDADE FEDERAL DA BAHIA,UFBA,Aca.,GEOCIÊNCIAS                                       ,4
31001017011P0,GEOLOGIA,UNIVERSIDADE FEDERAL DO RIO DE JANEIRO,UFRJ,Aca.,GEOCIÊNCIAS                                       ,4
31003010004P0,GEOCIÊNCIAS (GEOQUÍMICA),UNIVERSIDADE FEDERAL FLUMINENSE,UFF,Aca.,GEOCIÊNCIAS                                       ,6
31003010029P2,DINÂMICA DOS OCEANOS E DA TERRA,UNIVERSIDADE FEDERAL FLUMINENSE,UFF,Aca.,GEOCIÊNCIAS                                       ,4
31004016023P7,Geociências,UNIVERSIDADE DO ESTADO DO RIO DE JANEIRO,UERJ,Aca.,GEOCIÊNCIAS                                       ,4
31013015002P5,GEOFÍSICA,OBSERVATÓRIO NACIONAL,ON,Aca.,GEOCIÊNCIAS                                       ,5
32001010039P4,GEOLOGIA,UNIVERSIDADE FEDERAL DE MINAS GERAIS,UFMG,Aca.,GEOCIÊNCIAS                                       ,5
32007019004P4,EVOLUÇÃO CRUSTAL E RECURSOS NATURAIS,UNIVERSIDADE FEDERAL DE OURO PRETO,UFOP,Aca.,GEOCIÊNCIAS                                       ,6
33002010013P4,GEOCIÊNCIAS (MINERALOGIA E PETROLOGIA),UNIVERSIDADE DE SÃO PAULO,USP,Aca.,GEOCIÊNCIAS                                       ,4
33002010016P3,GEOFÍSICA,UNIVERSIDADE DE SÃO PAULO,USP,Aca.,GEOCIÊNCIAS                                       ,6
33002010124P0,METEOROLOGIA,UNIVERSIDADE DE SÃO PAULO,USP,Aca.,GEOCIÊNCIAS                                       ,7
33002010126P3,GEOCIÊNCIAS (RECURSOS MINERAIS E HIDROGEOLOGIA),UNIVERSIDADE DE SÃO PAULO,USP,Aca.,GEOCIÊNCIAS                                       ,4
33002010127P0,CIÊNCIAS DO SISTEMA TERRA E SOCIEDADE,UNIVERSIDADE DE SÃO PAULO,USP,Aca.,GEOCIÊNCIAS                                       ,7
33003017038P3,GEOCIÊNCIAS,UNIVERSIDADE ESTADUAL DE CAMPINAS,UNICAMP,Aca.,GEOCIÊNCIAS                                       ,6
33004129043P0,CIÊNCIAS CARTOGRÁFICAS,UNIVERSIDADE ESTADUAL PAULISTA JÚLIO DE MESQUITA FILHO - CAMPUS PRESIDENTE PRUDENTE,UNESP-PRESIDENTE PRUDENTE,Aca.,GEOCIÊNCIAS                                       ,6
33004137036P9,GEOCIÊNCIAS E MEIO AMBIENTE,UNIVERSIDADE ESTADUAL PAULISTA JÚLIO DE MESQUITA FILHO - CAMPUS RIO CLARO,UNESP-RIO CLARO,Aca.,GEOCIÊNCIAS                                       ,5
33010013003P8,METEOROLOGIA,INSTITUTO NACIONAL DE PESQUISAS ESPACIAIS,INPE,Aca.,GEOCIÊNCIAS                                       ,6
33010013005P0,SENSORIAMENTO REMOTO,INSTITUTO NACIONAL DE PESQUISAS ESPACIAIS,INPE,Aca.,GEOCIÊNCIAS                                       ,7
33010013008P0,GEOFÍSICA ESPACIAL,INSTITUTO NACIONAL DE PESQUISAS ESPACIAIS,INPE,Aca.,GEOCIÊNCIAS                                       ,6
40001016002P6,CIÊNCIAS GEODÉSICAS,UNIVERSIDADE FEDERAL DO PARANÁ,UFPR,Aca.,GEOCIÊNCIAS                                       ,5
40001016028P5,GEOLOGIA,UNIVERSIDADE FEDERAL DO PARANÁ,UFPR,Aca.,GEOCIÊNCIAS                                       ,4
42001013005P0,GEOCIÊNCIAS,UNIVERSIDADE FEDERAL DO RIO GRANDE DO SUL,UFRGS,Aca.,GEOCIÊNCIAS                                       ,7
42001013052P9,SENSORIAMENTO REMOTO,UNIVERSIDADE FEDERAL DO RIO GRANDE DO SUL,UFRGS,Aca.,GEOCIÊNCIAS                                       ,4
42003016019P4,METEOROLOGIA,UNIVERSIDADE FEDERAL DE PELOTAS,UFPEL,Aca.,GEOCIÊNCIAS                                       ,3
42004012007P2,OCEANOLOGIA,UNIVERSIDADE FEDERAL DO RIO GRANDE,FURG,Aca.,GEOCIÊNCIAS                                       ,7
42007011002P0,GEOLOGIA,UNIVERSIDADE DO VALE DO RIO DOS SINOS,UNISINOS,Aca.,GEOCIÊNCIAS                                       ,5
53001010006P1,GEOLOGIA,UNIVERSIDADE DE BRASÍLIA,UNB,Aca.,GEOCIÊNCIAS                                       ,6
50001019011P3,GEOCIÊNCIAS,UNIVERSIDADE FEDERAL DE MATO GROSSO,UFMT,Aca.,GEOCIÊNCIAS                                       ,3
42002010040P0,METEOROLOGIA,UNIVERSIDADE FEDERAL DE SANTA MARIA,UFSM,Aca.,GEOCIÊNCIAS                                       ,5
12002011011P2,CLIMA E AMBIENTE - INPA - UEA,INSTITUTO NACIONAL DE PESQUISAS DA AMAZÔNIA,INPA,Aca.,GEOCIÊNCIAS                                       ,4
31004016054P0,OCEANOGRAFIA,UNIVERSIDADE DO ESTADO DO RIO DE JANEIRO,UERJ,Aca.,GEOCIÊNCIAS                                       ,4
53001010075P3,GEOCIÊNCIAS APLICADAS E GEODINÂMICA,UNIVERSIDADE DE BRASÍLIA,UNB,Aca.,GEOCIÊNCIAS                                       ,4
28001010073P0,GEOQUÍMICA: PETRÓLEO E MEIO AMBIENTE,UNIVERSIDADE FEDERAL DA BAHIA,UFBA,Aca.,GEOCIÊNCIAS                                       ,4
31001017139P6,METEOROLOGIA,UNIVERSIDADE FEDERAL DO RIO DE JANEIRO,UFRJ,Aca.,GEOCIÊNCIAS                                       ,4
23001011056P0,Ciências Climáticas,UNIVERSIDADE FEDERAL DO RIO GRANDE DO NORTE,UFRN,Aca.,GEOCIÊNCIAS                                       ,4
33002010219P1,Oceanografia,UNIVERSIDADE DE SÃO PAULO,USP,Aca.,GEOCIÊNCIAS                                       ,7
27001016036P0,Geociências e Análise de Bacias - PGAB,UNIVERSIDADE FEDERAL DE SERGIPE,UFS,Aca.,GEOCIÊNCIAS                                       ,4
33024014028P8,Ciências e Aplicações Geoespaciais,UNIVERSIDADE PRESBITERIANA MACKENZIE,MACKENZIE,Aca.,GEOCIÊNCIAS                                       ,4
24009016029P7,Exploração Petrolífera e Mineral,UNIVERSIDADE FEDERAL DE CAMPINA GRANDE,UFCG,Aca.,GEOCIÊNCIAS                                       ,1
15001016080P6,Recursos Hídricos,UNIVERSIDADE FEDERAL DO PARÁ,UFPA,Prof.,GEOCIÊNCIAS                                       ,3
41001010089P0,Oceanografia,UNIVERSIDADE FEDERAL DE SANTA CATARINA,UFSC,Aca.,GEOCIÊNCIAS                                       ,4
31001017161P1,GEOCIÊNCIAS: PATRIMÔNIO GEOPALEONTOLÓGICO,UNIVERSIDADE FEDERAL DO RIO DE JANEIRO,UFRJ,Aca.,GEOCIÊNCIAS                                       ,3
41011015003P7,CLIMA E AMBIENTE ,"INSTITUTO FEDERAL DE EDUCAÇÃO, CIÊNCIA E TECNOLOGIA DE SANTA CATARINA",IFSC,Prof.,GEOCIÊNCIAS                                       ,4
22003010070P3,CLIMATOLOGIA,UNIVERSIDADE ESTADUAL DO CEARÁ,UECE,Prof.,GEOCIÊNCIAS                                       ,3
20001010042P1,Ciência e Tecnologia Ambiental ,UNIVERSIDADE FEDERAL DO MARANHÃO,UFMA,Aca.,GEOCIÊNCIAS                                       ,3
32010010045P3,GEOLOGIA,UNIVERSIDADE FEDERAL DOS VALES DO JEQUITINHONHA E MUCURI,UFVJM,Aca.,GEOCIÊNCIAS                                       ,3
41001010164P2,GEOLOGIA,UNIVERSIDADE FEDERAL DE SANTA CATARINA,UFSC,Aca.,GEOCIÊNCIAS                                       ,3
31002013159P3,MODELAGEM E EVOLUÇÃO GEOLÓGICA,UNIVERSIDADE FEDERAL RURAL DO RIO DE JANEIRO,UFRRJ,Aca.,GEOCIÊNCIAS                                       ,3
12002011009P8,"GENÉTICA, CONSERVAÇÃO E BIOLOGIA EVOLUTIVA",INSTITUTO NACIONAL DE PESQUISAS DA AMAZÔNIA,INPA,Aca.,CIÊNCIAS BIOLÓGICAS I                             ,5
15001016032P1,GENÉTICA E BIOLOGIA MOLECULAR,UNIVERSIDADE FEDERAL DO PARÁ,UFPA,Aca.,CIÊNCIAS BIOLÓGICAS I                             ,6
25001019037P1,Genética e Biologia Molecular,UNIVERSIDADE FEDERAL DE PERNAMBUCO,UFPE,Aca.,CIÊNCIAS BIOLÓGICAS I                             ,4
25001019045P4,CIÊNCIAS BIOLÓGICAS,UNIVERSIDADE FEDERAL DE PERNAMBUCO,UFPE,Aca.,CIÊNCIAS BIOLÓGICAS I                             ,6
31001017016P1,CIÊNCIAS BIOLÓGICAS (GENÉTICA),UNIVERSIDADE FEDERAL DO RIO DE JANEIRO,UFRJ,Aca.,CIÊNCIAS BIOLÓGICAS I                             ,7
31004016001P3,BIOCIÊNCIAS,UNIVERSIDADE DO ESTADO DO RIO DE JANEIRO,UERJ,Aca.,CIÊNCIAS BIOLÓGICAS I                             ,6
31004016017P7,BIOLOGIA HUMANA E EXPERIMENTAL,UNIVERSIDADE DO ESTADO DO RIO DE JANEIRO,UERJ,Aca.,CIÊNCIAS BIOLÓGICAS I                             ,4
31033016002P9,BIOCIÊNCIAS E BIOTECNOLOGIA,UNIVERSIDADE ESTADUAL DO NORTE FLUMINENSE DARCY RIBEIRO,UENF,Aca.,CIÊNCIAS BIOLÓGICAS I                             ,4
32001010009P8,BIOLOGIA CELULAR,UNIVERSIDADE FEDERAL DE MINAS GERAIS,UFMG,Aca.,CIÊNCIAS BIOLÓGICAS I                             ,7
32001010054P3,GENÉTICA,UNIVERSIDADE FEDERAL DE MINAS GERAIS,UFMG,Aca.,CIÊNCIAS BIOLÓGICAS I                             ,6
32001010068P4,BIOINFORMÁTICA,UNIVERSIDADE FEDERAL DE MINAS GERAIS,UFMG,Aca.,CIÊNCIAS BIOLÓGICAS I                             ,7
32002017028P9,BIOLOGIA CELULAR E ESTRUTURAL,UNIVERSIDADE FEDERAL DE VIÇOSA,UFV,Aca.,CIÊNCIAS BIOLÓGICAS I                             ,5
32006012006P0,GENÉTICA E BIOQUÍMICA,UNIVERSIDADE FEDERAL DE UBERLÂNDIA,UFU,Aca.,CIÊNCIAS BIOLÓGICAS I                             ,5
32007019006P7,CIÊNCIAS BIOLÓGICAS,UNIVERSIDADE FEDERAL DE OURO PRETO,UFOP,Aca.,CIÊNCIAS BIOLÓGICAS I                             ,5
33001014012P1,GENÉTICA EVOLUTIVA E BIOLOGIA MOLECULAR,UNIVERSIDADE FEDERAL DE SÃO CARLOS,UFSCAR,Aca.,CIÊNCIAS BIOLÓGICAS I                             ,5
33002010021P7,CIÊNCIAS BIOLÓGICAS (BIOLOGIA GENÉTICA),UNIVERSIDADE DE SÃO PAULO,USP,Aca.,CIÊNCIAS BIOLÓGICAS I                             ,6
33002010024P6,BIOLOGIA DE SISTEMAS,UNIVERSIDADE DE SÃO PAULO,USP,Aca.,CIÊNCIAS BIOLÓGICAS I                             ,6
33002010156P0,BIOTECNOLOGIA,UNIVERSIDADE DE SÃO PAULO,USP,Aca.,CIÊNCIAS BIOLÓGICAS I                             ,5
33002010188P9,BIOINFORMÁTICA,UNIVERSIDADE DE SÃO PAULO,USP,Aca.,CIÊNCIAS BIOLÓGICAS I                             ,4
33002029005P7,CIÊNCIAS BIOLÓGICAS (GENÉTICA),UNIVERSIDADE DE SÃO PAULO - CAMPUS RIBEIRÃO PRETO,USP-RIBEIRÃO PRETO,Aca.,CIÊNCIAS BIOLÓGICAS I                             ,6
33002029006P3,BIOLOGIA CELULAR E MOLECULAR,UNIVERSIDADE DE SÃO PAULO - CAMPUS RIBEIRÃO PRETO,USP-RIBEIRÃO PRETO,Aca.,CIÊNCIAS BIOLÓGICAS I                             ,6
33003017024P2,GENÉTICA E BIOLOGIA MOLECULAR,UNIVERSIDADE ESTADUAL DE CAMPINAS,UNICAMP,Aca.,CIÊNCIAS BIOLÓGICAS I                             ,7
33003017033P1,Biologia Molecular e Morfofuncional,UNIVERSIDADE ESTADUAL DE CAMPINAS,UNICAMP,Aca.,CIÊNCIAS BIOLÓGICAS I                             ,6
33004064026P9,CIÊNCIAS BIOLÓGICAS (GENÉTICA),UNIVERSIDADE ESTADUAL PAULISTA JÚLIO DE MESQUITA FILHO - CAMPUS BOTUCATU,UNESP-BOTUCATU,Aca.,CIÊNCIAS BIOLÓGICAS I                             ,6
33004137046P4,"Ciências Biológicas (Biologia Celular, Molecular e Microbiologia)",UNIVERSIDADE ESTADUAL PAULISTA JÚLIO DE MESQUITA FILHO - CAMPUS RIO CLARO,UNESP-RIO CLARO,Aca.,CIÊNCIAS BIOLÓGICAS I                             ,5
33004153023P5,Biociências,UNIVERSIDADE ESTADUAL PAULISTA JÚLIO DE MESQUITA FILHO - CAMPUS SÃO JOSÉ DO RIO PRETO,UNESP-SÃO JOSÉ DO RIO PRETO,Aca.,CIÊNCIAS BIOLÓGICAS I                             ,5
33009015034P6,BIOLOGIA ESTRUTURAL E FUNCIONAL,UNIVERSIDADE FEDERAL DE SÃO PAULO,UNIFESP,Aca.,CIÊNCIAS BIOLÓGICAS I                             ,5
40001016006P1,GENÉTICA,UNIVERSIDADE FEDERAL DO PARANÁ,UFPR,Aca.,CIÊNCIAS BIOLÓGICAS I                             ,5
40002012005P1,GENÉTICA E BIOLOGIA MOLECULAR,UNIVERSIDADE ESTADUAL DE LONDRINA,UEL,Aca.,CIÊNCIAS BIOLÓGICAS I                             ,5
40004015001P9,CIÊNCIAS BIOLÓGICAS (BIOLOGIA CELULAR),UNIVERSIDADE ESTADUAL DE MARINGÁ,UEM,Aca.,CIÊNCIAS BIOLÓGICAS I                             ,5
42001013010P4,GENÉTICA E BIOLOGIA MOLECULAR,UNIVERSIDADE FEDERAL DO RIO GRANDE DO SUL,UFRGS,Aca.,CIÊNCIAS BIOLÓGICAS I                             ,7
42001013068P2,BIOLOGIA CELULAR E MOLECULAR,UNIVERSIDADE FEDERAL DO RIO GRANDE DO SUL,UFRGS,Aca.,CIÊNCIAS BIOLÓGICAS I                             ,7
42005019029P2,BIOLOGIA CELULAR E MOLECULAR,PONTIFÍCIA UNIVERSIDADE CATÓLICA DO RIO GRANDE DO SUL,PUCRS,Aca.,CIÊNCIAS BIOLÓGICAS I                             ,6
53001010007P8,CIÊNCIAS BIOLÓGICAS (BIOLOGIA MOLECULAR),UNIVERSIDADE DE BRASÍLIA,UNB,Aca.,CIÊNCIAS BIOLÓGICAS I                             ,6
53001010045P7,BIOLOGIA ANIMAL,UNIVERSIDADE DE BRASÍLIA,UNB,Aca.,CIÊNCIAS BIOLÓGICAS I                             ,5
33004064080P3,BIOLOGIA GERAL E APLICADA,UNIVERSIDADE ESTADUAL PAULISTA JÚLIO DE MESQUITA FILHO - CAMPUS BOTUCATU,UNESP-BOTUCATU,Aca.,CIÊNCIAS BIOLÓGICAS I                             ,6
52002012008P4,GENÉTICA,PONTIFÍCIA UNIVERSIDADE CATÓLICA DE GOIÁS,PUC GOIÁS,Aca.,CIÊNCIAS BIOLÓGICAS I                             ,4
32005016015P3,CIÊNCIAS BIOLÓGICAS,UNIVERSIDADE FEDERAL DE JUIZ DE FORA,UFJF,Aca.,CIÊNCIAS BIOLÓGICAS I                             ,4
25004018013P4,BIOLOGIA CELULAR E MOLECULAR APLICADA,UNIVERSIDADE DE PERNAMBUCO,UPE,Aca.,CIÊNCIAS BIOLÓGICAS I                             ,4
33002037022P4,INTERNACIONAL BIOLOGIA CELULAR E MOLECULAR VEGETAL,UNIVERSIDADE DE SÃO PAULO - ESCOLA SUPERIOR DE AGRICULTURA LUIZ DE QUEIROZ,USP-ESALQ,Aca.,CIÊNCIAS BIOLÓGICAS I                             ,4
41001010074P3,BIOLOGIA CELULAR E DO DESENVOLVIMENTO,UNIVERSIDADE FEDERAL DE SANTA CATARINA,UFSC,Aca.,CIÊNCIAS BIOLÓGICAS I                             ,4
40001016066P4,BIOINFORMÁTICA,UNIVERSIDADE FEDERAL DO PARANÁ,UFPR,Aca.,CIÊNCIAS BIOLÓGICAS I                             ,4
31010016025P6,Biociências e Biotecnologia,FUNDAÇÃO OSWALDO CRUZ,FIOCRUZ,Aca.,CIÊNCIAS BIOLÓGICAS I                             ,5
33045011001P2,Ciências ,INSTITUTO BUTANTAN,BUTANTAN,Aca.,CIÊNCIAS BIOLÓGICAS I                             ,5
25001019079P6,BIOLOGIA APLICADA À SAÚDE,UNIVERSIDADE FEDERAL DE PERNAMBUCO,UFPE,Aca.,CIÊNCIAS BIOLÓGICAS I                             ,5
24001015057P0,Biologia Celular e Molecular,UNIVERSIDADE FEDERAL DA PARAÍBA - CAMPUS JOÃO PESSOA,UFPB-JOÃO PESSOA,Aca.,CIÊNCIAS BIOLÓGICAS I                             ,3
33009015071P9,BIOLOGIA QUÍMICA,UNIVERSIDADE FEDERAL DE SÃO PAULO,UNIFESP,Aca.,CIÊNCIAS BIOLÓGICAS I                             ,5
32006012031P5,Biologia Celular e Estrutural Aplicadas,UNIVERSIDADE FEDERAL DE UBERLÂNDIA,UFU,Aca.,CIÊNCIAS BIOLÓGICAS I                             ,4
42046017003P7,CIÊNCIAS BIOLÓGICAS,UNIVERSIDADE FEDERAL DO PAMPA,UNIPAMPA,Aca.,CIÊNCIAS BIOLÓGICAS I                             ,4
31021018016P5,Biologia Molecular e Celular,UNIVERSIDADE FEDERAL DO ESTADO DO RIO DE JANEIRO,UNIRIO,Aca.,CIÊNCIAS BIOLÓGICAS I                             ,4
28001010089P3,Biociências,UNIVERSIDADE FEDERAL DA BAHIA,UFBA,Aca.,CIÊNCIAS BIOLÓGICAS I                             ,4
52001016056P2,Genética e Biologia Molecular,UNIVERSIDADE FEDERAL DE GOIÁS,UFG,Aca.,CIÊNCIAS BIOLÓGICAS I                             ,4
42019010013P0,Biologia Celular e Molecular Aplicada à Saúde,UNIVERSIDADE LUTERANA DO BRASIL,ULBRA,Aca.,CIÊNCIAS BIOLÓGICAS I                             ,4
15001016077P5,Análises Clínicas,UNIVERSIDADE FEDERAL DO PARÁ,UFPA,Prof.,CIÊNCIAS BIOLÓGICAS I                             ,3
42015014010P1,BIOCIÊNCIAS,UNIVERSIDADE FEDERAL DE CIÊNCIAS DA SAÚDE DE PORTO ALEGRE,UFCSPA,Aca.,CIÊNCIAS BIOLÓGICAS I                             ,5
32011016040P4,CIÊNCIAS BIOLÓGICAS,UNIVERSIDADE FEDERAL DE ALFENAS,UNIFAL-MG,Aca.,CIÊNCIAS BIOLÓGICAS I                             ,4
40006018037P6,BIOINFORMÁTICA,UNIVERSIDADE TECNOLÓGICA FEDERAL DO PARANÁ,UTFPR,Aca.,CIÊNCIAS BIOLÓGICAS I                             ,4
33002010245P2,ACONSELHAMENTO GENÉTICO E GENÔMICA HUMANA,UNIVERSIDADE DE SÃO PAULO,USP,Prof.,CIÊNCIAS BIOLÓGICAS I                             ,4
23001011170P8,BIOINFORMÁTICA,UNIVERSIDADE FEDERAL DO RIO GRANDE DO NORTE,UFRN,Aca.,CIÊNCIAS BIOLÓGICAS I                             ,5
33045011002P9,BIOTECNOLOGIA E BIOPROCESSOS,INSTITUTO BUTANTAN,BUTANTAN,Prof.,CIÊNCIAS BIOLÓGICAS I                             ,3
40001016175P8,BIOINFORMÁTICA,UNIVERSIDADE TECNOLÓGICA FEDERAL DO PARANÁ,UTFPR,Aca.,CIÊNCIAS BIOLÓGICAS I                             ,4
11001011001P8,ECOLOGIA E MANEJO DE RECURSOS NATURAIS,UNIVERSIDADE FEDERAL DO ACRE,UFAC,Aca.,BIODIVERSIDADE,3
12002011001P7,Ciências Biológicas,INSTITUTO NACIONAL DE PESQUISAS DA AMAZÔNIA,INPA,Aca.,BIODIVERSIDADE,5
12002011002P3,CIÊNCIAS BIOLÓGICAS (BOTÂNICA),INSTITUTO NACIONAL DE PESQUISAS DA AMAZÔNIA,INPA,Aca.,BIODIVERSIDADE,4
12002011003P0,BIOLOGIA (ECOLOGIA),INSTITUTO NACIONAL DE PESQUISAS DA AMAZÔNIA,INPA,Aca.,BIODIVERSIDADE,7
12002011004P6,CIÊNCIAS BIOLÓGICAS (ENTOMOLOGIA),INSTITUTO NACIONAL DE PESQUISAS DA AMAZÔNIA,INPA,Aca.,BIODIVERSIDADE,5
15001016022P6,ZOOLOGIA,UNIVERSIDADE FEDERAL DO PARÁ,UFPA,Aca.,BIODIVERSIDADE,5
15001016030P9,BIOLOGIA AMBIENTAL,UNIVERSIDADE FEDERAL DO PARÁ,UFPA,Aca.,BIODIVERSIDADE,4
15002012004P4,CIÊNCIAS BIOLÓGICAS,UNIVERSIDADE FEDERAL RURAL DA AMAZÔNIA,UFRA,Aca.,BIODIVERSIDADE,4
23001011015P2,ECOLOGIA,UNIVERSIDADE FEDERAL DO RIO GRANDE DO NORTE,UFRN,Aca.,BIODIVERSIDADE,7
24001015029P6,CIÊNCIAS BIOLÓGICAS (ZOOLOGIA),UNIVERSIDADE FEDERAL DA PARAÍBA - CAMPUS JOÃO PESSOA,UFPB-JOÃO PESSOA,Aca.,BIODIVERSIDADE,5
25001019010P6,BIOLOGIA DE FUNGOS,UNIVERSIDADE FEDERAL DE PERNAMBUCO,UFPE,Aca.,BIODIVERSIDADE,6
25001019034P2,OCEANOGRAFIA,UNIVERSIDADE FEDERAL DE PERNAMBUCO,UFPE,Aca.,BIODIVERSIDADE,5
25001019038P8,BIOLOGIA VEGETAL,UNIVERSIDADE FEDERAL DE PERNAMBUCO,UFPE,Aca.,BIODIVERSIDADE,7
25001019041P9,BIOLOGIA ANIMAL,UNIVERSIDADE FEDERAL DE PERNAMBUCO,UFPE,Aca.,BIODIVERSIDADE,6
25003011001P0,Biodiversidade,UNIVERSIDADE FEDERAL RURAL DE PERNAMBUCO,UFRPE,Aca.,BIODIVERSIDADE,5
28001010039P6,"Ecologia: Teoria, Aplicação e Valores",UNIVERSIDADE FEDERAL DA BAHIA,UFBA,Aca.,BIODIVERSIDADE,4
28002016002P8,BOTÂNICA,UNIVERSIDADE ESTADUAL DE FEIRA DE SANTANA,UEFS,Aca.,BIODIVERSIDADE,5
28007018004P2,ZOOLOGIA,UNIVERSIDADE ESTADUAL DE SANTA CRUZ,UESC,Aca.,BIODIVERSIDADE,5
28007018006P5,SISTEMAS AQUÁTICOS TROPICAIS,UNIVERSIDADE ESTADUAL DE SANTA CRUZ,UESC,Aca.,BIODIVERSIDADE,3
30001013014P6,CIÊNCIAS BIOLÓGICAS,UNIVERSIDADE FEDERAL DO ESPÍRITO SANTO,UFES,Aca.,BIODIVERSIDADE,5
31001017014P9,CIÊNCIAS BIOLÓGICAS (BOTÂNICA),UNIVERSIDADE FEDERAL DO RIO DE JANEIRO,UFRJ,Aca.,BIODIVERSIDADE,5
31001017019P0,CIÊNCIAS BIOLÓGICAS (ZOOLOGIA),UNIVERSIDADE FEDERAL DO RIO DE JANEIRO,UFRJ,Aca.,BIODIVERSIDADE,6
31001017096P5,ECOLOGIA,UNIVERSIDADE FEDERAL DO RIO DE JANEIRO,UFRJ,Aca.,BIODIVERSIDADE,7
31002013012P2,BIOLOGIA ANIMAL,UNIVERSIDADE FEDERAL RURAL DO RIO DE JANEIRO,UFRRJ,Aca.,BIODIVERSIDADE,4
31003010039P8,Biologia Marinha e Ambientes Costeiros,UNIVERSIDADE FEDERAL FLUMINENSE,UFF,Aca.,BIODIVERSIDADE,4
31057012001P1,BOTÂNICA,INSTITUTO DE PESQUISAS JARDIM BOTÂNICO DO RIO DE JANEIRO,JBRJ,Aca.,BIODIVERSIDADE,5
32001010036P5,ECOLOGIA (CONSERVAÇÃO E MANEJO DA VIDA SILVESTRE),UNIVERSIDADE FEDERAL DE MINAS GERAIS,UFMG,Aca.,BIODIVERSIDADE,6
32001010061P0,BIOLOGIA VEGETAL,UNIVERSIDADE FEDERAL DE MINAS GERAIS,UFMG,Aca.,BIODIVERSIDADE,6
32002017021P4,BOTÂNICA,UNIVERSIDADE FEDERAL DE VIÇOSA,UFV,Aca.,BIODIVERSIDADE,5
32006012013P7,"Ecologia, Conservação e Biodiversidade",UNIVERSIDADE FEDERAL DE UBERLÂNDIA,UFU,Aca.,BIODIVERSIDADE,5
32008015008P6,Biodiversidade e Meio Ambiente ,PONTIFÍCIA UNIVERSIDADE CATÓLICA DE MINAS GERAIS,PUC MINAS,Aca.,BIODIVERSIDADE,4
33001014003P2,ECOLOGIA E RECURSOS NATURAIS,UNIVERSIDADE FEDERAL DE SÃO CARLOS,UFSCAR,Aca.,BIODIVERSIDADE,4
33002010018P6,CIÊNCIAS BIOLÓGICAS (BOTÂNICA),UNIVERSIDADE DE SÃO PAULO,USP,Aca.,BIODIVERSIDADE,7
33002010027P5,CIÊNCIAS BIOLÓGICAS (ZOOLOGIA),UNIVERSIDADE DE SÃO PAULO,USP,Aca.,BIODIVERSIDADE,6
33002010116P8,ECOLOGIA,UNIVERSIDADE DE SÃO PAULO,USP,Aca.,BIODIVERSIDADE,7
33002029018P1,ENTOMOLOGIA,UNIVERSIDADE DE SÃO PAULO - CAMPUS RIBEIRÃO PRETO,USP-RIBEIRÃO PRETO,Aca.,BIODIVERSIDADE,7
33002029033P0,BIOLOGIA COMPARADA,UNIVERSIDADE DE SÃO PAULO - CAMPUS RIBEIRÃO PRETO,USP-RIBEIRÃO PRETO,Aca.,BIODIVERSIDADE,6
33003017009P3,BIOLOGIA VEGETAL,UNIVERSIDADE ESTADUAL DE CAMPINAS,UNICAMP,Aca.,BIODIVERSIDADE,6
33003017010P1,ECOLOGIA,UNIVERSIDADE ESTADUAL DE CAMPINAS,UNICAMP,Aca.,BIODIVERSIDADE,5
33004064012P8,CIÊNCIAS BIOLÓGICAS (ZOOLOGIA),UNIVERSIDADE ESTADUAL PAULISTA JÚLIO DE MESQUITA FILHO - CAMPUS BOTUCATU,UNESP-BOTUCATU,Aca.,BIODIVERSIDADE,6
33004064025P2,Biologia Vegetal,UNIVERSIDADE ESTADUAL PAULISTA JÚLIO DE MESQUITA FILHO - CAMPUS BOTUCATU,UNESP-BOTUCATU,Aca.,BIODIVERSIDADE,6
33004153072P6,Biodiversidade,UNIVERSIDADE ESTADUAL PAULISTA JÚLIO DE MESQUITA FILHO - CAMPUS SÃO JOSÉ DO RIO PRETO,UNESP-SÃO JOSÉ DO RIO PRETO,Aca.,BIODIVERSIDADE,5
33120013001P4,BIODIVERSIDADE VEGETAL E MEIO AMBIENTE,INSTITUTO DE PESQUISAS AMBIENTAIS,IPA,Aca.,BIODIVERSIDADE,5
40001016004P9,BOTÂNICA,UNIVERSIDADE FEDERAL DO PARANÁ,UFPR,Aca.,BIODIVERSIDADE,5
40001016005P5,CIÊNCIAS BIOLÓGICAS (ENTOMOLOGIA),UNIVERSIDADE FEDERAL DO PARANÁ,UFPR,Aca.,BIODIVERSIDADE,5
40001016008P4,ZOOLOGIA,UNIVERSIDADE FEDERAL DO PARANÁ,UFPR,Aca.,BIODIVERSIDADE,4
40001016048P6,ECOLOGIA E CONSERVAÇÃO,UNIVERSIDADE FEDERAL DO PARANÁ,UFPR,Aca.,BIODIVERSIDADE,6
40002012019P2,CIÊNCIAS BIOLÓGICAS,UNIVERSIDADE ESTADUAL DE LONDRINA,UEL,Aca.,BIODIVERSIDADE,4
40004015005P4,ECOLOGIA DE AMBIENTES AQUÁTICOS CONTINENTAIS,UNIVERSIDADE ESTADUAL DE MARINGÁ,UEM,Aca.,BIODIVERSIDADE,7
41001010043P0,"BIOLOGIA DE FUNGOS, ALGAS E PLANTAS",UNIVERSIDADE FEDERAL DE SANTA CATARINA,UFSC,Aca.,BIODIVERSIDADE,5
42001013007P3,BOTÂNICA,UNIVERSIDADE FEDERAL DO RIO GRANDE DO SUL,UFRGS,Aca.,BIODIVERSIDADE,5
42001013008P0,ECOLOGIA,UNIVERSIDADE FEDERAL DO RIO GRANDE DO SUL,UFRGS,Aca.,BIODIVERSIDADE,6
42001013057P0,BIOLOGIA ANIMAL,UNIVERSIDADE FEDERAL DO RIO GRANDE DO SUL,UFRGS,Aca.,BIODIVERSIDADE,5
42002010026P8,BIODIVERSIDADE ANIMAL,UNIVERSIDADE FEDERAL DE SANTA MARIA,UFSM,Aca.,BIODIVERSIDADE,6
42004012001P4,OCEANOGRAFIA BIOLÓGICA,UNIVERSIDADE FEDERAL DO RIO GRANDE,FURG,Aca.,BIODIVERSIDADE,6
42005019002P7,Ecologia e Evolução da Biodiversidade,PONTIFÍCIA UNIVERSIDADE CATÓLICA DO RIO GRANDE DO SUL,PUCRS,Aca.,BIODIVERSIDADE,6
42007011009P4,BIOLOGIA,UNIVERSIDADE DO VALE DO RIO DOS SINOS,UNISINOS,Aca.,BIODIVERSIDADE,4
50001019003P0,ECOLOGIA E CONSERVAÇÃO DA BIODIVERSIDADE,UNIVERSIDADE FEDERAL DE MATO GROSSO,UFMT,Aca.,BIODIVERSIDADE,5
51001012005P6,ECOLOGIA E CONSERVAÇÃO,UNIVERSIDADE FEDERAL DE MATO GROSSO DO SUL,UFMS,Aca.,BIODIVERSIDADE,6
51001012018P0,BIOLOGIA VEGETAL,UNIVERSIDADE FEDERAL DE MATO GROSSO DO SUL,UFMS,Aca.,BIODIVERSIDADE,4
52001016026P6,ECOLOGIA E EVOLUÇÃO,UNIVERSIDADE FEDERAL DE GOIÁS,UFG,Aca.,BIODIVERSIDADE,7
53001010008P4,ECOLOGIA,UNIVERSIDADE DE BRASÍLIA,UNB,Aca.,BIODIVERSIDADE,6
31033016014P7,ECOLOGIA E RECURSOS NATURAIS,UNIVERSIDADE ESTADUAL DO NORTE FLUMINENSE DARCY RIBEIRO,UENF,Aca.,BIODIVERSIDADE,5
32005016012P4,Biodiversidade e Conservação da Natureza,UNIVERSIDADE FEDERAL DE JUIZ DE FORA,UFJF,Aca.,BIODIVERSIDADE,5
20001010012P5,BIODIVERSIDADE E CONSERVAÇÃO,UNIVERSIDADE FEDERAL DO MARANHÃO,UFMA,Aca.,BIODIVERSIDADE,3
42004012013P2,BIOLOGIA DE AMBIENTES AQUÁTICOS CONTINENTAIS,UNIVERSIDADE FEDERAL DO RIO GRANDE,FURG,Aca.,BIODIVERSIDADE,5
40004015026P1,BIOLOGIA COMPARADA,UNIVERSIDADE ESTADUAL DE MARINGÁ,UEM,Aca.,BIODIVERSIDADE,4
32004010017P3,ECOLOGIA APLICADA,UNIVERSIDADE FEDERAL DE LAVRAS,UFLA,Aca.,BIODIVERSIDADE,6
32002017030P3,BIOLOGIA ANIMAL,UNIVERSIDADE FEDERAL DE VIÇOSA,UFV,Aca.,BIODIVERSIDADE,4
40001016054P6,SISTEMAS COSTEIROS E OCEÂNICOS,UNIVERSIDADE FEDERAL DO PARANÁ,UFPR,Aca.,BIODIVERSIDADE,5
31004016047P3,ECOLOGIA E EVOLUÇÃO,UNIVERSIDADE DO ESTADO DO RIO DE JANEIRO,UERJ,Aca.,BIODIVERSIDADE,6
15001016052P2,ECOLOGIA AQUÁTICA E PESCA,UNIVERSIDADE FEDERAL DO PARÁ,UFPA,Aca.,BIODIVERSIDADE,5
51005018003P9,ENTOMOLOGIA E CONSERVAÇÃO DA BIODIVERSIDADE,UNIVERSIDADE FEDERAL DA GRANDE DOURADOS,UFGD,Aca.,BIODIVERSIDADE,4
14001012003P9,BIODIVERSIDADE TROPICAL,UNIVERSIDADE FEDERAL DO AMAPÁ,UNIFAP,Aca.,BIODIVERSIDADE,5
33140014001P8,CONSERVAÇÃO DA BIODIVERSIDADE E DESENVOLVIMENTO SUSTENTÁVEL,INSTITUTO DE PESQUISAS ECOLÓGICAS,IPÊ,Prof.,BIODIVERSIDADE,4
42010012004P0,ECOLOGIA,UNIVERSIDADE REGIONAL INTEGRADA DO ALTO URUGUAI E DAS MISSÕES,URI,Aca.,BIODIVERSIDADE,3
40005011011P0,BIOLOGIA EVOLUTIVA,UNIVERSIDADE ESTADUAL DO CENTRO-OESTE,UNICENTRO,Aca.,BIODIVERSIDADE,4
32007019016P2,ECOLOGIA DE BIOMAS TROPICAIS,UNIVERSIDADE FEDERAL DE OURO PRETO,UFOP,Aca.,BIODIVERSIDADE,4
27001016017P6,ECOLOGIA E CONSERVAÇÃO,UNIVERSIDADE FEDERAL DE SERGIPE,UFS,Aca.,BIODIVERSIDADE,5
28001010065P7,Biodiversidade e Evolução,UNIVERSIDADE FEDERAL DA BAHIA,UFBA,Aca.,BIODIVERSIDADE,5
22001018058P0,ECOLOGIA E RECURSOS NATURAIS,UNIVERSIDADE FEDERAL DO CEARÁ,UFC,Aca.,BIODIVERSIDADE,4
41001010071P4,ECOLOGIA,UNIVERSIDADE FEDERAL DE SANTA CATARINA,UFSC,Aca.,BIODIVERSIDADE,5
16003012006P6,"BIODIVERSIDADE, ECOLOGIA E CONSERVAÇÃO.",UNIVERSIDADE FEDERAL DO TOCANTINS,UFT,Aca.,BIODIVERSIDADE,3
50002015002P0,ECOLOGIA E CONSERVAÇÃO,UNIVERSIDADE DO ESTADO DE MATO GROSSO CARLOS ALBERTO REYES MALDONADO,UNEMAT,Aca.,BIODIVERSIDADE,5
22005013001P4,Diversidade Biológica e Recursos Naturais,UNIVERSIDADE REGIONAL DO CARIRI,URCA,Aca.,BIODIVERSIDADE,4
32014015006P0,Biodiversidade e Uso dos Recursos Naturais,UNIVERSIDADE ESTADUAL DE MONTES CLAROS,UNIMONTES,Aca.,BIODIVERSIDADE,4
28002016011P7,Ecologia e evolução,UNIVERSIDADE ESTADUAL DE FEIRA DE SANTANA,UEFS,Aca.,BIODIVERSIDADE,3
31004016055P6,BIOLOGIA VEGETAL,UNIVERSIDADE DO ESTADO DO RIO DE JANEIRO,UERJ,Aca.,BIODIVERSIDADE,4
28007018011P9,ECOLOGIA E CONSERVAÇÃO DA BIODIVERSIDADE,UNIVERSIDADE ESTADUAL DE SANTA CRUZ,UESC,Aca.,BIODIVERSIDADE,6
26001012025P6,Diversidade Biológica e Conservação nos Trópicos,UNIVERSIDADE FEDERAL DE ALAGOAS,UFAL,Aca.,BIODIVERSIDADE,5
28006011009P8,"GENÉTICA, BIODIVERSIDADE E CONSERVAÇÃO",UNIVERSIDADE ESTADUAL DO SUDOESTE DA BAHIA,UESB,Aca.,BIODIVERSIDADE,3
24004014011P9,Ecologia e Conservação,UNIVERSIDADE ESTADUAL DA PARAÍBA,UEPB,Aca.,BIODIVERSIDADE,4
32006012029P0,BIOLOGIA VEGETAL,UNIVERSIDADE FEDERAL DE UBERLÂNDIA,UFU,Aca.,BIODIVERSIDADE,4
28005015010P0,Biodiversidade Vegetal,UNIVERSIDADE DO ESTADO DA BAHIA,UNEB,Aca.,BIODIVERSIDADE,3
28001010082P9,Ecologia,UNIVERSIDADE FEDERAL DA BAHIA,UFBA,Prof.,BIODIVERSIDADE,4
31010016028P5,Biodiversidade e Saúde,FUNDAÇÃO OSWALDO CRUZ,FIOCRUZ,Aca.,BIODIVERSIDADE,5
51005018011P1,Biodiversidade e Meio Ambiente,UNIVERSIDADE FEDERAL DA GRANDE DOURADOS,UFGD,Aca.,BIODIVERSIDADE,4
23001011059P0,Sistemática e Evolução,UNIVERSIDADE FEDERAL DO RIO GRANDE DO NORTE,UFRN,Aca.,BIODIVERSIDADE,5
31021018014P2,Ciências Biológicas (Biodiversidade Neotropical),UNIVERSIDADE FEDERAL DO ESTADO DO RIO DE JANEIRO,UNIRIO,Aca.,BIODIVERSIDADE,5
32001010089P1,Zoologia,UNIVERSIDADE FEDERAL DE MINAS GERAIS,UFMG,Aca.,BIODIVERSIDADE,4
51001012029P2,Biologia Animal,UNIVERSIDADE FEDERAL DE MATO GROSSO DO SUL,UFMS,Aca.,BIODIVERSIDADE,4
31001017146P2,Biodiversidade e Biologia Evolutiva,UNIVERSIDADE FEDERAL DO RIO DE JANEIRO,UFRJ,Aca.,BIODIVERSIDADE,7
32002017042P1,Ecologia,UNIVERSIDADE FEDERAL DE VIÇOSA,UFV,Aca.,BIODIVERSIDADE,5
33009015076P0,Ecologia e Evolução,UNIVERSIDADE FEDERAL DE SÃO PAULO,UNIFESP,Aca.,BIODIVERSIDADE,4
33087016002P9,Sustentabilidade de Ecossistemas Costeiros e Marinhos,UNIVERSIDADE SANTA CECÍLIA,UNISANTA,Aca.,BIODIVERSIDADE,3
33002010221P6,"Sistemática, Taxonomia Animal e Biodiversidade",UNIVERSIDADE DE SÃO PAULO,USP,Aca.,BIODIVERSIDADE,5
24001040001P4,Ecologia e Sustentabilidade,UNIVERSIDADE FEDERAL DA PARAÍBA - CAMPUS RIO TINTO E MAMANGUAPE,UFPB-RIO TINTO E MAMANGUAPE,Aca.,BIODIVERSIDADE,4
31057012002P8,BIODIVERSIDADE EM UNIDADES DE CONSERVAÇÃO,INSTITUTO DE PESQUISAS JARDIM BOTÂNICO DO RIO DE JANEIRO,JBRJ,Prof.,BIODIVERSIDADE,5
41001010085P5,PERICIAS CRIMINAIS AMBIENTAIS,UNIVERSIDADE FEDERAL DE SANTA CATARINA,UFSC,Prof.,BIODIVERSIDADE,2
25003011033P9,ETNOBIOLOGIA E CONSERVAÇÃO DA NATUREZA,UNIVERSIDADE FEDERAL RURAL DE PERNAMBUCO,UFRPE,Aca.,BIODIVERSIDADE,5
33004048023P9,Biociências,UNIVERSIDADE ESTADUAL PAULISTA JÚLIO DE MESQUITA FILHO - CAMPUS ASSIS,UNESP-ASSIS,Aca.,BIODIVERSIDADE,4
53001010099P0,Zoologia,UNIVERSIDADE DE BRASÍLIA,UNB,Aca.,BIODIVERSIDADE,4
33001014048P6,Conservação da Fauna,UNIVERSIDADE FEDERAL DE SÃO CARLOS,UFSCAR,Prof.,BIODIVERSIDADE,4
23003014019P0,Ecologia e Conservação,UNIVERSIDADE FEDERAL RURAL DO SEMI-ÁRIDO,UFERSA,Aca.,BIODIVERSIDADE,3
33144010017P0,Evolução e Diversidade,UNIVERSIDADE FEDERAL DO ABC,UFABC,Aca.,BIODIVERSIDADE,4
33004137067P1,"Ecologia, Evolução e Biodiversidade",UNIVERSIDADE ESTADUAL PAULISTA JÚLIO DE MESQUITA FILHO - CAMPUS RIO CLARO,UNESP-RIO CLARO,Aca.,BIODIVERSIDADE,6
20002017009P0,Ecologia e Conservação da Biodiversidade ,UNIVERSIDADE ESTADUAL DO MARANHÃO,UEMA,Aca.,BIODIVERSIDADE,3
52001016070P5,Biodiversidade Animal,UNIVERSIDADE FEDERAL DE GOIÁS,UFG,Aca.,BIODIVERSIDADE,4
50001019039P5,Zoologia,UNIVERSIDADE FEDERAL DE MATO GROSSO,UFMT,Aca.,BIODIVERSIDADE,4
15001016081P2,Biodiversidade e Conservação,UNIVERSIDADE FEDERAL DO PARÁ,UFPA,Aca.,BIODIVERSIDADE,3
24001031026P8,Biodiversidade,UNIVERSIDADE FEDERAL DA PARAÍBA - CAMPUS AREIA,UFPB-AREIA,Aca.,BIODIVERSIDADE,3
33004161001P7,BIODIVERSIDADE DE AMBIENTES COSTEIROS,UNIVERSIDADE ESTADUAL PAULISTA JÚLIO DE MESQUITA FILHO - CAMPUS LITORAL PAULISTA,UNESP-LITORAL PAULISTA,Aca.,BIODIVERSIDADE,4
32010010040P1,BIOLOGIA ANIMAL,UNIVERSIDADE FEDERAL DOS VALES DO JEQUITINHONHA E MUCURI,UFVJM,Aca.,BIODIVERSIDADE,3
42003016053P8,Biodiversidade Animal,UNIVERSIDADE FEDERAL DE PELOTAS,UFPEL,Aca.,BIODIVERSIDADE,4
12001015063P6,ZOOLOGIA,UNIVERSIDADE FEDERAL DO AMAZONAS,UFAM,Aca.,BIODIVERSIDADE,4
15001016087P0,ECOLOGIA,UNIVERSIDADE FEDERAL DO PARÁ,UFPA,Aca.,BIODIVERSIDADE,5
32018010040P9,ECOLOGIA,UNIVERSIDADE FEDERAL DE SÃO JOÃO DEL-REI,UFSJ,Aca.,BIODIVERSIDADE,3
15027007039P2,BIODIVERSIDADE E EVOLUÇÃO,MUSEU PARAENSE EMÍLIO GOELDI,MPEG,Aca.,BIODIVERSIDADE,4
25003011071P8,BIODIVERSIDADE E CONSERVAÇÃO,UNIVERSIDADE FEDERAL RURAL DE PERNAMBUCO,UFRPE,Aca.,BIODIVERSIDADE,3
52010015104P2,BIODIVERSIDADE E CONSERVAÇÃO,"INSTITUTO FEDERAL DE EDUCAÇÃO, CIÊNCIA E TECNOLOGIA GOIANO",IF GOIANO,Aca.,BIODIVERSIDADE,4
33087016004P1,"AUDITORIA AMBIENTAL, PORTOS E GOVERNANÇA",UNIVERSIDADE SANTA CECÍLIA,UNISANTA,Prof.,BIODIVERSIDADE,3
15010015072P9,BIODIVERSIDADE,UNIVERSIDADE FEDERAL DO OESTE DO PARÁ,UFOPA,Aca.,BIODIVERSIDADE,3
40043010007P8,BIODIVERSIDADE NEOTROPICAL,UNIVERSIDADE FEDERAL DA INTEGRAÇÃO LATINO-AMERICANA,UNILA,Aca.,BIODIVERSIDADE,4
33009015178P8,BIODIVERSIDADE MARINHA E COSTEIRA,UNIVERSIDADE FEDERAL DE SÃO PAULO,UNIFESP,Aca.,BIODIVERSIDADE,4
22001018172P8,"SISTEMÁTICA, USO E CONSERVAÇÃO DA BIODIVERSIDADE (PPG-SIS)",UNIVERSIDADE FEDERAL DO CEARÁ,UFC,Aca.,BIODIVERSIDADE,4
32014015102P9,BOTÂNICA APLICADA,UNIVERSIDADE ESTADUAL DE MONTES CLAROS,UNIMONTES,Aca.,BIODIVERSIDADE,3
10001018041P7,CONSERVAÇÃO E USO DE RECURSOS NATURAIS,UNIVERSIDADE FEDERAL DE RONDÔNIA,UNIR,Aca.,BIODIVERSIDADE,3
43028004001P0,SISTEMÁTICA E CONSERVAÇÃO DA DIVERSIDADE BIOLÓGICA,SECRETARIA DO MEIO AMBIENTE E INFRAESTRUTURA DO RIO GRANDE DO SUL,SEMA/RS,Aca.,BIODIVERSIDADE,3
41006011014P9,BIODIVERSIDADE,UNIVERSIDADE REGIONAL DE BLUMENAU,FURB,Aca.,BIODIVERSIDADE,3
53001010112P6,BOTÂNICA,UNIVERSIDADE DE BRASÍLIA,UNB,Aca.,BIODIVERSIDADE,4
21001014084P9,BIODIVERSIDADE E CONSERVAÇÃO,UNIVERSIDADE FEDERAL DO PIAUÍ,UFPI,Aca.,BIODIVERSIDADE,3
15001016044P0,NEUROCIÊNCIAS E BIOLOGIA CELULAR,UNIVERSIDADE FEDERAL DO PARÁ,UFPA,Aca.,CIÊNCIAS BIOLÓGICAS II                            ,5
22001018006P0,BIOQUÍMICA,UNIVERSIDADE FEDERAL DO CEARÁ,UFC,Aca.,CIÊNCIAS BIOLÓGICAS II                            ,6
22001018007P7,FARMACOLOGIA,UNIVERSIDADE FEDERAL DO CEARÁ,UFC,Aca.,CIÊNCIAS BIOLÓGICAS II                            ,7
22003010007P0,CIÊNCIAS FISIOLÓGICAS,UNIVERSIDADE ESTADUAL DO CEARÁ,UECE,Aca.,CIÊNCIAS BIOLÓGICAS II                            ,4
23001011020P6,Bioquímica e Biologia Molecular,UNIVERSIDADE FEDERAL DO RIO GRANDE DO NORTE,UFRN,Aca.,CIÊNCIAS BIOLÓGICAS II                            ,4
25001019009P8,BIOQUÍMICA E FISIOLOGIA,UNIVERSIDADE FEDERAL DE PERNAMBUCO,UFPE,Aca.,CIÊNCIAS BIOLÓGICAS II                            ,5
30001013002P8,CIÊNCIAS FISIOLÓGICAS,UNIVERSIDADE FEDERAL DO ESPÍRITO SANTO,UFES,Aca.,CIÊNCIAS BIOLÓGICAS II                            ,5
31001017012P6,CIÊNCIAS BIOLÓGICAS (BIOFÍSICA),UNIVERSIDADE FEDERAL DO RIO DE JANEIRO,UFRJ,Aca.,CIÊNCIAS BIOLÓGICAS II                            ,7
31001017015P5,CIÊNCIAS BIOLÓGICAS (FARMACOLOGIA E QUÍMICA MEDICINAL),UNIVERSIDADE FEDERAL DO RIO DE JANEIRO,UFRJ,Aca.,CIÊNCIAS BIOLÓGICAS II                            ,6
31001017087P6,QUÍMICA BIOLÓGICA,UNIVERSIDADE FEDERAL DO RIO DE JANEIRO,UFRJ,Aca.,CIÊNCIAS BIOLÓGICAS II                            ,7
31001017105P4,CIÊNCIAS MORFOLÓGICAS,UNIVERSIDADE FEDERAL DO RIO DE JANEIRO,UFRJ,Aca.,CIÊNCIAS BIOLÓGICAS II                            ,7
31001017108P3,CIÊNCIAS BIOLÓGICAS (FISIOLOGIA),UNIVERSIDADE FEDERAL DO RIO DE JANEIRO,UFRJ,Aca.,CIÊNCIAS BIOLÓGICAS II                            ,7
31003010042P9,NEUROCIÊNCIAS,UNIVERSIDADE FEDERAL FLUMINENSE,UFF,Aca.,CIÊNCIAS BIOLÓGICAS II                            ,4
31010016004P9,BIOLOGIA CELULAR E MOLECULAR,FUNDAÇÃO OSWALDO CRUZ,FIOCRUZ,Aca.,CIÊNCIAS BIOLÓGICAS II                            ,7
32001010006P9,BIOQUÍMICA E IMUNOLOGIA,UNIVERSIDADE FEDERAL DE MINAS GERAIS,UFMG,Aca.,CIÊNCIAS BIOLÓGICAS II                            ,7
32001010007P5,CIÊNCIAS BIOLÓGICAS (FISIOLOGIA E FARMACOLOGIA),UNIVERSIDADE FEDERAL DE MINAS GERAIS,UFMG,Aca.,CIÊNCIAS BIOLÓGICAS II                            ,7
33002010017P0,CIÊNCIAS BIOLÓGICAS (BIOQUÍMICA),UNIVERSIDADE DE SÃO PAULO,USP,Aca.,CIÊNCIAS BIOLÓGICAS II                            ,7
33002010019P2,FARMACOLOGIA,UNIVERSIDADE DE SÃO PAULO,USP,Aca.,CIÊNCIAS BIOLÓGICAS II                            ,6
33002010172P5,BIOLOGIA FUNCIONAL E MOLECULAR,UNIVERSIDADE DE SÃO PAULO,USP,Aca.,CIÊNCIAS BIOLÓGICAS II                            ,6
33002010174P8,CIÊNCIAS (FISIOLOGIA GERAL),UNIVERSIDADE DE SÃO PAULO,USP,Aca.,CIÊNCIAS BIOLÓGICAS II                            ,5
33002029002P8,BIOQUÍMICA,UNIVERSIDADE DE SÃO PAULO - CAMPUS RIBEIRÃO PRETO,USP-RIBEIRÃO PRETO,Aca.,CIÊNCIAS BIOLÓGICAS II                            ,6
33002029003P4,CIÊNCIAS BIOLÓGICAS (FARMACOLOGIA),UNIVERSIDADE DE SÃO PAULO - CAMPUS RIBEIRÃO PRETO,USP-RIBEIRÃO PRETO,Aca.,CIÊNCIAS BIOLÓGICAS II                            ,7
33002029004P0,FISIOLOGIA,UNIVERSIDADE DE SÃO PAULO - CAMPUS RIBEIRÃO PRETO,USP-RIBEIRÃO PRETO,Aca.,CIÊNCIAS BIOLÓGICAS II                            ,7
33003017051P0,FARMACOLOGIA,UNIVERSIDADE ESTADUAL DE CAMPINAS,UNICAMP,Aca.,CIÊNCIAS BIOLÓGICAS II                            ,5
33009015001P0,CIÊNCIAS BIOLÓGICAS (BIOLOGIA MOLECULAR),UNIVERSIDADE FEDERAL DE SÃO PAULO,UNIFESP,Aca.,CIÊNCIAS BIOLÓGICAS II                            ,7
33009015002P7,FARMACOLOGIA,UNIVERSIDADE FEDERAL DE SÃO PAULO,UNIFESP,Aca.,CIÊNCIAS BIOLÓGICAS II                            ,6
40001016003P2,CIÊNCIAS (BIOQUÍMICA),UNIVERSIDADE FEDERAL DO PARANÁ,UFPR,Aca.,CIÊNCIAS BIOLÓGICAS II                            ,7
40001016007P8,BIOLOGIA CELULAR E MOLECULAR,UNIVERSIDADE FEDERAL DO PARANÁ,UFPR,Aca.,CIÊNCIAS BIOLÓGICAS II                            ,5
40001016038P0,FARMACOLOGIA,UNIVERSIDADE FEDERAL DO PARANÁ,UFPR,Aca.,CIÊNCIAS BIOLÓGICAS II                            ,5
41001010024P6,FARMACOLOGIA,UNIVERSIDADE FEDERAL DE SANTA CATARINA,UFSC,Aca.,CIÊNCIAS BIOLÓGICAS II                            ,6
41001010027P5,NEUROCIÊNCIAS,UNIVERSIDADE FEDERAL DE SANTA CATARINA,UFSC,Aca.,CIÊNCIAS BIOLÓGICAS II                            ,6
42001013006P7,CIÊNCIAS BIOLÓGICAS (BIOQUÍMICA),UNIVERSIDADE FEDERAL DO RIO GRANDE DO SUL,UFRGS,Aca.,CIÊNCIAS BIOLÓGICAS II                            ,7
42001013009P6,CIÊNCIAS BIOLÓGICAS (FISIOLOGIA),UNIVERSIDADE FEDERAL DO RIO GRANDE DO SUL,UFRGS,Aca.,CIÊNCIAS BIOLÓGICAS II                            ,5
42001013011P0,CIÊNCIAS BIOLÓGICAS (NEUROCIÊNCIAS),UNIVERSIDADE FEDERAL DO RIO GRANDE DO SUL,UFRGS,Aca.,CIÊNCIAS BIOLÓGICAS II                            ,5
42002010023P9,CIÊNCIAS BIOLÓGICAS (BIOQUÍMICA TOXICOLÓGICA),UNIVERSIDADE FEDERAL DE SANTA MARIA,UFSM,Aca.,CIÊNCIAS BIOLÓGICAS II                            ,6
42004012008P9,Ciências Fisiológicas,UNIVERSIDADE FEDERAL DO RIO GRANDE,FURG,Aca.,CIÊNCIAS BIOLÓGICAS II                            ,5
52001016005P9,CIÊNCIAS BIOLÓGICAS,UNIVERSIDADE FEDERAL DE GOIÁS,UFG,Aca.,CIÊNCIAS BIOLÓGICAS II                            ,5
22001018052P2,FARMACOLOGIA,UNIVERSIDADE FEDERAL DO CEARÁ,UFC,Prof.,CIÊNCIAS BIOLÓGICAS II                            ,5
31010016013P8,TECNOLOGIA DE IMUNOBIOLÓGICOS,FUNDAÇÃO OSWALDO CRUZ,FIOCRUZ,Prof.,CIÊNCIAS BIOLÓGICAS II                            ,4
42002010032P8,Ciências Biológicas: Farmacologia,UNIVERSIDADE FEDERAL DE SANTA MARIA,UFSM,Aca.,CIÊNCIAS BIOLÓGICAS II                            ,5
21001014013P4,FARMACOLOGIA,UNIVERSIDADE FEDERAL DO PIAUÍ,UFPI,Aca.,CIÊNCIAS BIOLÓGICAS II                            ,4
41001010069P0,BIOQUÍMICA,UNIVERSIDADE FEDERAL DE SANTA CATARINA,UFSC,Aca.,CIÊNCIAS BIOLÓGICAS II                            ,6
32012012005P0,Biociências,UNIVERSIDADE FEDERAL DO TRIÂNGULO MINEIRO,UFTM,Aca.,CIÊNCIAS BIOLÓGICAS II                            ,3
32001010085P6,Inovação Tecnológica e Propriedade Intelectual,UNIVERSIDADE FEDERAL DE MINAS GERAIS,UFMG,Prof.,CIÊNCIAS BIOLÓGICAS II                            ,5
41001010076P6,FARMACOLOGIA,UNIVERSIDADE FEDERAL DE SANTA CATARINA,UFSC,Prof.,CIÊNCIAS BIOLÓGICAS II                            ,5
33147019001P2,MULTICÊNTRICO EM CIÊNCIAS FISIOLÓGICAS,SOCIEDADE BRASILEIRA DE FISIOLOGIA,SBFIS,Aca.,CIÊNCIAS BIOLÓGICAS II                            ,5
33114013002P4,Ciências Biomédicas,CENTRO UNIVERSITÁRIO DA FUNDAÇÃO HERMÍNIO OMETTO,FHO,Aca.,CIÊNCIAS BIOLÓGICAS II                            ,4
23001011054P8,NEUROCIÊNCIAS,UNIVERSIDADE FEDERAL DO RIO GRANDE DO NORTE,UFRN,Aca.,CIÊNCIAS BIOLÓGICAS II                            ,5
40001016072P4,FISIOLOGIA,UNIVERSIDADE FEDERAL DO PARANÁ,UFPR,Aca.,CIÊNCIAS BIOLÓGICAS II                            ,4
33001014037P4,CIÊNCIAS FISIOLÓGICAS,UNIVERSIDADE FEDERAL DE SÃO CARLOS,UFSCAR,Aca.,CIÊNCIAS BIOLÓGICAS II                            ,5
33144010007P5,Biossistemas,UNIVERSIDADE FEDERAL DO ABC,UFABC,Aca.,CIÊNCIAS BIOLÓGICAS II                            ,5
27001016031P9,Ciências Fisiológicas,UNIVERSIDADE FEDERAL DE SERGIPE,UFS,Aca.,CIÊNCIAS BIOLÓGICAS II                            ,4
42046017002P0,Bioquímica,UNIVERSIDADE FEDERAL DO PAMPA,UNIPAMPA,Aca.,CIÊNCIAS BIOLÓGICAS II                            ,5
31001017144P0,Formação em Ciências para Professores.,UNIVERSIDADE FEDERAL DO RIO DE JANEIRO,UFRJ,Prof.,CIÊNCIAS BIOLÓGICAS II                            ,3
42003016040P3,Bioquímica e Bioprospecção,UNIVERSIDADE FEDERAL DE PELOTAS,UFPEL,Aca.,CIÊNCIAS BIOLÓGICAS II                            ,5
30001013049P4,Bioquímica,UNIVERSIDADE FEDERAL DO ESPÍRITO SANTO,UFES,Aca.,CIÊNCIAS BIOLÓGICAS II                            ,4
31001017148P5,FORMAÇÃO PARA A PESQUISA BIOMÉDICA,UNIVERSIDADE FEDERAL DO RIO DE JANEIRO,UFRJ,Prof.,CIÊNCIAS BIOLÓGICAS II                            ,4
31001017149P1,"Educação, Gestão e Difusão em Biociências",UNIVERSIDADE FEDERAL DO RIO DE JANEIRO,UFRJ,Prof.,CIÊNCIAS BIOLÓGICAS II                            ,4
31001017153P9,NEUROCIÊNCIA TRANSLACIONAL,UNIVERSIDADE FEDERAL DO RIO DE JANEIRO,UFRJ,Aca.,CIÊNCIAS BIOLÓGICAS II                            ,4
15010015004P3,BIOCIÊNCIAS,UNIVERSIDADE FEDERAL DO OESTE DO PARÁ,UFOPA,Aca.,CIÊNCIAS BIOLÓGICAS II                            ,3
40005011018P5,CIÊNCIAS BIOMÉDICAS,UNIVERSIDADE ESTADUAL DE PONTA GROSSA,UEPG,Aca.,CIÊNCIAS BIOLÓGICAS II                            ,3
23001011070P3,Biologia Estrutural e Funcional,UNIVERSIDADE FEDERAL DO RIO GRANDE DO NORTE,UFRN,Aca.,CIÊNCIAS BIOLÓGICAS II                            ,4
31099017001P1,Ciências Aplicadas ao Sistema Musculoesquelético,INSTITUTO NACIONAL DE TRAUMATOLOGIA E ORTOPEDIA JAMIL HADDAD,INTO,Prof.,CIÊNCIAS BIOLÓGICAS II                            ,5
33287015001P7,Multicêntrico em Bioquímica e Biologia Molecular,SOCIEDADE BRASILEIRA DE BIOQUÍMICA E BIOLOGIA MOLECULAR,SBBQ,Aca.,CIÊNCIAS BIOLÓGICAS II                            ,5
22001018082P9,Ciências Morfofuncionais,UNIVERSIDADE FEDERAL DO CEARÁ,UFC,Aca.,CIÊNCIAS BIOLÓGICAS II                            ,4
31003010096P1,Ciências Biomédicas (Fisiologia e Farmacologia),UNIVERSIDADE FEDERAL FLUMINENSE,UFF,Aca.,CIÊNCIAS BIOLÓGICAS II                            ,5
42001013105P5,Ciências Biológicas: Farmacologia e Terapêutica,UNIVERSIDADE FEDERAL DO RIO GRANDE DO SUL,UFRGS,Aca.,CIÊNCIAS BIOLÓGICAS II                            ,5
25001019097P4,MORFOTECNOLOGIA,UNIVERSIDADE FEDERAL DE PERNAMBUCO,UFPE,Aca.,CIÊNCIAS BIOLÓGICAS II                            ,3
40004015071P7,CIÊNCIAS FISIOLÓGICAS,UNIVERSIDADE ESTADUAL DE MARINGÁ,UEM,Aca.,CIÊNCIAS BIOLÓGICAS II                            ,4
31035019005P0,BIOMEDICINA TRANSLACIONAL,UNIVERSIDADE DO GRANDE RIO PROFESSOR JOSÉ DE SOUZA HERDY,UNIGRANRIO,Aca.,CIÊNCIAS BIOLÓGICAS II                            ,4
32001010171P0,INOVAÇÃO TECNOLÓGICA,UNIVERSIDADE FEDERAL DE MINAS GERAIS,UFMG,Aca.,CIÊNCIAS BIOLÓGICAS II                            ,5
40043010006P1,BIOCIÊNCIAS,UNIVERSIDADE FEDERAL DA INTEGRAÇÃO LATINO-AMERICANA,UNILA,Aca.,CIÊNCIAS BIOLÓGICAS II                            ,4
32018010043P8,CIÊNCIAS MORFOFUNCIONAIS,UNIVERSIDADE FEDERAL DE SÃO JOÃO DEL-REI,UFSJ,Aca.,CIÊNCIAS BIOLÓGICAS II                            ,3
22005013004P3,QUÍMICA BIOLÓGICA ,UNIVERSIDADE REGIONAL DO CARIRI,URCA,Aca.,CIÊNCIAS BIOLÓGICAS II                            ,5
40002012175P4,CIÊNCIAS FISIOLÓGICAS,UNIVERSIDADE ESTADUAL DE LONDRINA,UEL,Aca.,CIÊNCIAS BIOLÓGICAS II                            ,4
40004015078P1,BIOQUÍMICA,UNIVERSIDADE ESTADUAL DE MARINGÁ,UEM,Aca.,CIÊNCIAS BIOLÓGICAS II                            ,4
10001018002P1,BIOLOGIA EXPERIMENTAL,FUNDAÇÃO OSWALDO CRUZ - FIOCRUZ RONDÔNIA,FIOCRUZ-FIOCRUZ RO,Aca.,CIÊNCIAS BIOLÓGICAS III                           ,4
15001016040P4,BIOLOGIA DE AGENTES INFECCIOSOS E PARASITÁRIOS,UNIVERSIDADE FEDERAL DO PARÁ,UFPA,Aca.,CIÊNCIAS BIOLÓGICAS III                           ,6
22001018042P7,MICROBIOLOGIA MÉDICA,UNIVERSIDADE FEDERAL DO CEARÁ,UFC,Aca.,CIÊNCIAS BIOLÓGICAS III                           ,6
28001010025P5,IMUNOLOGIA,UNIVERSIDADE FEDERAL DA BAHIA,UFBA,Aca.,CIÊNCIAS BIOLÓGICAS III                           ,5
31001017017P8,CIÊNCIAS (MICROBIOLOGIA),UNIVERSIDADE FEDERAL DO RIO DE JANEIRO,UFRJ,Aca.,CIÊNCIAS BIOLÓGICAS III                           ,7
31004016018P3,MICROBIOLOGIA,UNIVERSIDADE DO ESTADO DO RIO DE JANEIRO,UERJ,Aca.,CIÊNCIAS BIOLÓGICAS III                           ,4
31010016001P0,BIOLOGIA PARASITÁRIA,FUNDAÇÃO OSWALDO CRUZ,FIOCRUZ,Aca.,CIÊNCIAS BIOLÓGICAS III                           ,7
32001010008P1,CIÊNCIAS BIOLÓGICAS (MICROBIOLOGIA),UNIVERSIDADE FEDERAL DE MINAS GERAIS,UFMG,Aca.,CIÊNCIAS BIOLÓGICAS III                           ,7
32001010010P6,PARASITOLOGIA,UNIVERSIDADE FEDERAL DE MINAS GERAIS,UFMG,Aca.,CIÊNCIAS BIOLÓGICAS III                           ,7
32006012004P8,IMUNOLOGIA E PARASITOLOGIA APLICADAS,UNIVERSIDADE FEDERAL DE UBERLÂNDIA,UFU,Aca.,CIÊNCIAS BIOLÓGICAS III                           ,7
33002010022P3,CIÊNCIAS BIOLÓGICAS (MICROBIOLOGIA),UNIVERSIDADE DE SÃO PAULO,USP,Aca.,CIÊNCIAS BIOLÓGICAS III                           ,7
33002010026P9,CIÊNCIAS (BIOLOGIA DA RELAÇÃO PATÓGENO-HOSPEDEIRO),UNIVERSIDADE DE SÃO PAULO,USP,Aca.,CIÊNCIAS BIOLÓGICAS III                           ,7
33002010121P1,IMUNOLOGIA,UNIVERSIDADE DE SÃO PAULO,USP,Aca.,CIÊNCIAS BIOLÓGICAS III                           ,7
33002029026P4,IMUNOLOGIA BÁSICA E APLICADA,UNIVERSIDADE DE SÃO PAULO - CAMPUS RIBEIRÃO PRETO,USP-RIBEIRÃO PRETO,Aca.,CIÊNCIAS BIOLÓGICAS III                           ,7
33003017052P6,BIOLOGIA ANIMAL,UNIVERSIDADE ESTADUAL DE CAMPINAS,UNICAMP,Aca.,CIÊNCIAS BIOLÓGICAS III                           ,4
33009015003P3,MICROBIOLOGIA E IMUNOLOGIA,UNIVERSIDADE FEDERAL DE SÃO PAULO,UNIFESP,Aca.,CIÊNCIAS BIOLÓGICAS III                           ,7
40001016044P0,"MICROBIOLOGIA, PARASITOLOGIA E PATOLOGIA",UNIVERSIDADE FEDERAL DO PARANÁ,UFPR,Aca.,CIÊNCIAS BIOLÓGICAS III                           ,5
40002012016P3,MICROBIOLOGIA,UNIVERSIDADE ESTADUAL DE LONDRINA,UEL,Aca.,CIÊNCIAS BIOLÓGICAS III                           ,5
41001010035P8,BIOTECNOLOGIA E BIOCIÊNCIAS,UNIVERSIDADE FEDERAL DE SANTA CATARINA,UFSC,Aca.,CIÊNCIAS BIOLÓGICAS III                           ,5
42003016022P5,Microbiologia e Parasitologia,UNIVERSIDADE FEDERAL DE PELOTAS,UFPEL,Aca.,CIÊNCIAS BIOLÓGICAS III                           ,5
53001010031P6,PATOLOGIA MOLECULAR,UNIVERSIDADE DE BRASÍLIA,UNB,Aca.,CIÊNCIAS BIOLÓGICAS III                           ,6
33004153074P9,MICROBIOLOGIA,UNIVERSIDADE ESTADUAL PAULISTA JÚLIO DE MESQUITA FILHO - CAMPUS SÃO JOSÉ DO RIO PRETO,UNESP-SÃO JOSÉ DO RIO PRETO,Aca.,CIÊNCIAS BIOLÓGICAS III                           ,5
31003010058P2,MICROBIOLOGIA E PARASITOLOGIA APLICADAS,UNIVERSIDADE FEDERAL FLUMINENSE,UFF,Aca.,CIÊNCIAS BIOLÓGICAS III                           ,4
12001015034P6,IMUNOLOGIA BÁSICA E APLICADA,UNIVERSIDADE FEDERAL DO AMAZONAS,UFAM,Aca.,CIÊNCIAS BIOLÓGICAS III                           ,4
15006018002P7,BIOLOGIA PARASITÁRIA NA AMAZÔNIA,UNIVERSIDADE DO ESTADO DO PARÁ,UEPA,Aca.,CIÊNCIAS BIOLÓGICAS III                           ,4
27001016028P8,Biologia de Agentes Infecciosos e Parasitários (PROBIP),UNIVERSIDADE FEDERAL DE SERGIPE,UFS,Aca.,CIÊNCIAS BIOLÓGICAS III                           ,4
52001016053P3,BIOLOGIA DA RELAÇÃO PARASITO-HOSPEDEIRO,UNIVERSIDADE FEDERAL DE GOIÁS,UFG,Aca.,CIÊNCIAS BIOLÓGICAS III                           ,5
50001019031P4,IMUNOLOGIA E PARASITOLOGIA BÁSICAS E APLICADAS,UNIVERSIDADE FEDERAL DE MATO GROSSO,UFMT,Aca.,CIÊNCIAS BIOLÓGICAS III                           ,4
31010016030P0,Biociências e Biotecnologia em Saúde,FUNDAÇÃO OSWALDO CRUZ,FIOCRUZ,Aca.,CIÊNCIAS BIOLÓGICAS III                           ,5
31001017147P9,Imunologia e Inflamaçao,UNIVERSIDADE FEDERAL DO RIO DE JANEIRO,UFRJ,Aca.,CIÊNCIAS BIOLÓGICAS III                           ,6
53001010094P8,Biologia Microbiana,UNIVERSIDADE DE BRASÍLIA,UNB,Aca.,CIÊNCIAS BIOLÓGICAS III                           ,4
15012018001P7,VIROLOGIA,INSTITUTO EVANDRO CHAGAS,IEC,Aca.,CIÊNCIAS BIOLÓGICAS III                           ,4
32001010095P1,MICROBIOLOGIA APLICADA,UNIVERSIDADE FEDERAL DE MINAS GERAIS,UFMG,Prof.,CIÊNCIAS BIOLÓGICAS III                           ,3
23001011073P2,Biologia Parasitária,UNIVERSIDADE FEDERAL DO RIO GRANDE DO NORTE,UFRN,Aca.,CIÊNCIAS BIOLÓGICAS III                           ,4
28001010171P1,MICROBIOLOGIA,UNIVERSIDADE FEDERAL DA BAHIA,UFBA,Aca.,CIÊNCIAS BIOLÓGICAS III                           ,3
13009001041P0,BIOLOGIA DA INTERAÇÃO PATÓGENO HOSPEDEIRO,"FUNDAÇÃO OSWALDO CRUZ - INSTITUTO LEONIDAS E MARIA DEANE, FIOCRUZ AMAZÔNIA",FIOCRUZ-ILMD,Aca.,CIÊNCIAS BIOLÓGICAS III                           ,4
15001016031P5,ENGENHARIA CIVIL,UNIVERSIDADE FEDERAL DO PARÁ,UFPA,Aca.,ENGENHARIAS I                                     ,4
22001018010P8,ENGENHARIA CIVIL (RECURSOS HÍDRICOS),UNIVERSIDADE FEDERAL DO CEARÁ,UFC,Aca.,ENGENHARIAS I                                     ,7
22001018036P7,ENGENHARIA DE TRANSPORTES,UNIVERSIDADE FEDERAL DO CEARÁ,UFC,Aca.,ENGENHARIAS I                                     ,6
23001011023P5,ENGENHARIA CIVIL E AMBIENTAL,UNIVERSIDADE FEDERAL DO RIO GRANDE DO NORTE,UFRN,Aca.,ENGENHARIAS I                                     ,4
24001015040P0,ENGENHARIA CIVIL E AMBIENTAL,UNIVERSIDADE FEDERAL DA PARAÍBA - CAMPUS JOÃO PESSOA,UFPB-JOÃO PESSOA,Aca.,ENGENHARIAS I                                     ,5
24009016002P1,ENGENHARIA CIVIL E AMBIENTAL,UNIVERSIDADE FEDERAL DE CAMPINA GRANDE,UFCG,Aca.,ENGENHARIAS I                                     ,5
25001019040P2,ENGENHARIA CIVIL,UNIVERSIDADE FEDERAL DE PERNAMBUCO,UFPE,Aca.,ENGENHARIAS I                                     ,6
25002015002P0,ENGENHARIA CIVIL,UNIVERSIDADE CATÓLICA DE PERNAMBUCO,UNICAP,Aca.,ENGENHARIAS I                                     ,2
26001012012P1,ENGENHARIA CIVIL,UNIVERSIDADE FEDERAL DE ALAGOAS,UFAL,Aca.,ENGENHARIAS I                                     ,4
28001010038P0,ENGENHARIA CIVIL,UNIVERSIDADE FEDERAL DA BAHIA,UFBA,Aca.,ENGENHARIAS I                                     ,1
30001013003P4,ENGENHARIA AMBIENTAL,UNIVERSIDADE FEDERAL DO ESPÍRITO SANTO,UFES,Aca.,ENGENHARIAS I                                     ,5
30001013012P3,ENGENHARIA CIVIL,UNIVERSIDADE FEDERAL DO ESPÍRITO SANTO,UFES,Aca.,ENGENHARIAS I                                     ,4
31001017028P0,ENGENHARIA CIVIL,UNIVERSIDADE FEDERAL DO RIO DE JANEIRO,UFRJ,Aca.,ENGENHARIAS I                                     ,7
31001017038P5,ENGENHARIA DE TRANSPORTES,UNIVERSIDADE FEDERAL DO RIO DE JANEIRO,UFRJ,Aca.,ENGENHARIAS I                                     ,6
31001017115P0,ENGENHARIA AMBIENTAL,UNIVERSIDADE FEDERAL DO RIO DE JANEIRO,UFRJ,Aca.,ENGENHARIAS I                                     ,3
31003010006P2,ENGENHARIA CIVIL,UNIVERSIDADE FEDERAL FLUMINENSE,UFF,Aca.,ENGENHARIAS I                                     ,4
31004016031P0,ENGENHARIA AMBIENTAL,UNIVERSIDADE DO ESTADO DO RIO DE JANEIRO,UERJ,Prof.,ENGENHARIAS I                                     ,4
31004016034P9,ENGENHARIA CIVIL,UNIVERSIDADE DO ESTADO DO RIO DE JANEIRO,UERJ,Aca.,ENGENHARIAS I                                     ,4
31005012010P9,ENGENHARIA CIVIL,PONTIFÍCIA UNIVERSIDADE CATÓLICA DO RIO DE JANEIRO,PUC-RIO,Aca.,ENGENHARIAS I                                     ,6
31007015010P1,ENGENHARIA DE TRANSPORTES,INSTITUTO MILITAR DE ENGENHARIA,IME,Aca.,ENGENHARIAS I                                     ,4
31033016012P4,ENGENHARIA CIVIL,UNIVERSIDADE ESTADUAL DO NORTE FLUMINENSE DARCY RIBEIRO,UENF,Aca.,ENGENHARIAS I                                     ,4
32001010014P1,"SANEAMENTO,  MEIO AMBIENTE E RECURSOS HÍDRICOS",UNIVERSIDADE FEDERAL DE MINAS GERAIS,UFMG,Aca.,ENGENHARIAS I                                     ,7
32001010038P8,ENGENHARIA DE ESTRUTURAS,UNIVERSIDADE FEDERAL DE MINAS GERAIS,UFMG,Aca.,ENGENHARIAS I                                     ,5
32002017017P7,ENGENHARIA CIVIL,UNIVERSIDADE FEDERAL DE VIÇOSA,UFV,Aca.,ENGENHARIAS I                                     ,5
32006012019P5,ENGENHARIA CIVIL,UNIVERSIDADE FEDERAL DE UBERLÂNDIA,UFU,Aca.,ENGENHARIAS I                                     ,4
32007019005P0,ENGENHARIA CIVIL,UNIVERSIDADE FEDERAL DE OURO PRETO,UFOP,Aca.,ENGENHARIAS I                                     ,5
32007019010P4,ENGENHARIA GEOTÉCNICA,UNIVERSIDADE FEDERAL DE OURO PRETO,UFOP,Prof.,ENGENHARIAS I                                     ,3
32007019011P0,ENGENHARIA AMBIENTAL,UNIVERSIDADE FEDERAL DE OURO PRETO,UFOP,Aca.,ENGENHARIAS I                                     ,6
33001014015P0,ENGENHARIA URBANA,UNIVERSIDADE FEDERAL DE SÃO CARLOS,UFSCAR,Aca.,ENGENHARIAS I                                     ,4
33001014018P0,Engenharia Civil,UNIVERSIDADE FEDERAL DE SÃO CARLOS,UFSCAR,Aca.,ENGENHARIAS I                                     ,5
33002010055P9,ENGENHARIA DE TRANSPORTES,UNIVERSIDADE DE SÃO PAULO,USP,Aca.,ENGENHARIAS I                                     ,5
33002010130P0,ENGENHARIA CIVIL,UNIVERSIDADE DE SÃO PAULO,USP,Aca.,ENGENHARIAS I                                     ,6
33002010190P3,ENGENHARIA DE SISTEMAS LOGÍSTICOS,UNIVERSIDADE DE SÃO PAULO,USP,Aca.,ENGENHARIAS I                                     ,5
33002045007P0,ENGENHARIA CIVIL (ENGENHARIA DE ESTRUTURAS),UNIVERSIDADE DE SÃO PAULO - CAMPUS SÃO CARLOS,USP-SÃO CARLOS,Aca.,ENGENHARIAS I                                     ,7
33002045008P7,ENGENHARIA HIDRÁULICA E SANEAMENTO,UNIVERSIDADE DE SÃO PAULO - CAMPUS SÃO CARLOS,USP-SÃO CARLOS,Aca.,ENGENHARIAS I                                     ,7
33002045009P3,GEOTECNIA,UNIVERSIDADE DE SÃO PAULO - CAMPUS SÃO CARLOS,USP-SÃO CARLOS,Aca.,ENGENHARIAS I                                     ,5
33002045013P0,ENGENHARIA DE TRANSPORTES,UNIVERSIDADE DE SÃO PAULO - CAMPUS SÃO CARLOS,USP-SÃO CARLOS,Aca.,ENGENHARIAS I                                     ,6
33002045016P0,CIÊNCIAS DA ENGENHARIA AMBIENTAL,UNIVERSIDADE DE SÃO PAULO - CAMPUS SÃO CARLOS,USP-SÃO CARLOS,Aca.,ENGENHARIAS I                                     ,4
33003017041P4,ENGENHARIA CIVIL,UNIVERSIDADE ESTADUAL DE CAMPINAS,UNICAMP,Aca.,ENGENHARIAS I                                     ,5
33004099084P5,ENGENHARIA CIVIL,UNIVERSIDADE ESTADUAL PAULISTA JÚLIO DE MESQUITA FILHO - CAMPUS ILHA SOLTEIRA,UNESP-ILHA SOLTEIRA,Aca.,ENGENHARIAS I                                     ,3
33011010009P6,ENGENHARIA DE INFRAESTRUTURA AERONÁUTICA,INSTITUTO TECNOLÓGICO DE AERONÁUTICA,ITA,Aca.,ENGENHARIAS I                                     ,5
33032017006P3,TECNOLOGIA AMBIENTAL,UNIVERSIDADE DE RIBEIRÃO PRETO,UNAERP,Aca.,ENGENHARIAS I                                     ,3
33083010001P7,HABITAÇÃO: PLANEJAMENTO E TECNOLOGIA,INSTITUTO DE PESQUISAS TECNOLÓGICAS DO ESTADO DE SÃO PAULO,IPT,Prof.,ENGENHARIAS I                                     ,3
40001016021P0,ENGENHARIA DE RECURSOS HÍDRICOS E AMBIENTAL,UNIVERSIDADE FEDERAL DO PARANÁ,UFPR,Aca.,ENGENHARIAS I                                     ,4
40001016049P2,Engenharia Civil,UNIVERSIDADE FEDERAL DO PARANÁ,UFPR,Aca.,ENGENHARIAS I                                     ,5
40002012027P5,Engenharia Civil,UNIVERSIDADE ESTADUAL DE LONDRINA,UEL,Aca.,ENGENHARIAS I                                     ,4
41001010023P0,ENGENHARIA CIVIL,UNIVERSIDADE FEDERAL DE SANTA CATARINA,UFSC,Aca.,ENGENHARIAS I                                     ,6
41001010033P5,ENGENHARIA AMBIENTAL,UNIVERSIDADE FEDERAL DE SANTA CATARINA,UFSC,Aca.,ENGENHARIAS I                                     ,6
42001013014P0,ENGENHARIA CIVIL,UNIVERSIDADE FEDERAL DO RIO GRANDE DO SUL,UFRGS,Aca.,ENGENHARIAS I                                     ,6
42001013015P6,RECURSOS HÍDRICOS E SANEAMENTO AMBIENTAL,UNIVERSIDADE FEDERAL DO RIO GRANDE DO SUL,UFRGS,Aca.,ENGENHARIAS I                                     ,6
42002010020P0,ENGENHARIA CIVIL,UNIVERSIDADE FEDERAL DE SANTA MARIA,UFSM,Aca.,ENGENHARIAS I                                     ,4
42009014004P5,Engenharia Civil e Ambiental,UNIVERSIDADE DE PASSO FUNDO,UPF,Aca.,ENGENHARIAS I                                     ,5
51001012010P0,TECNOLOGIAS AMBIENTAIS,UNIVERSIDADE FEDERAL DE MATO GROSSO DO SUL,UFMS,Aca.,ENGENHARIAS I                                     ,5
53001010030P0,TRANSPORTES,UNIVERSIDADE DE BRASÍLIA,UNB,Aca.,ENGENHARIAS I                                     ,3
53001010032P2,GEOTECNIA,UNIVERSIDADE DE BRASÍLIA,UNB,Aca.,ENGENHARIAS I                                     ,6
53001010036P8,ESTRUTURAS E CONSTRUÇÃO CIVIL,UNIVERSIDADE DE BRASÍLIA,UNB,Aca.,ENGENHARIAS I                                     ,5
53001010041P1,TECNOLOGIA AMBIENTAL E RECURSOS HÍDRICOS,UNIVERSIDADE DE BRASÍLIA,UNB,Aca.,ENGENHARIAS I                                     ,3
26001012019P6,RECURSOS HIDRICOS E SANEAMENTO,UNIVERSIDADE FEDERAL DE ALAGOAS,UFAL,Aca.,ENGENHARIAS I                                     ,4
32001010071P5,CONSTRUÇÃO CIVIL,UNIVERSIDADE FEDERAL DE MINAS GERAIS,UFMG,Aca.,ENGENHARIAS I                                     ,4
42020018005P8,TECNOLOGIA AMBIENTAL,UNIVERSIDADE DE SANTA CRUZ DO SUL,UNISC,Aca.,ENGENHARIAS I                                     ,5
28002016008P6,ENGENHARIA CIVIL E AMBIENTAL,UNIVERSIDADE ESTADUAL DE FEIRA DE SANTANA,UEFS,Aca.,ENGENHARIAS I                                     ,3
40004015027P8,ENGENHARIA URBANA,UNIVERSIDADE ESTADUAL DE MARINGÁ,UEM,Aca.,ENGENHARIAS I                                     ,3
31040012001P5,ENGENHARIA AMBIENTAL,"INSTITUTO FEDERAL DE EDUCAÇÃO, CIÊNCIA E TECNOLOGIA FLUMINENSE",IF FLUMINENSE,Prof.,ENGENHARIAS I                                     ,3
25004018012P8,ENGENHARIA CIVIL,UNIVERSIDADE DE PERNAMBUCO,UPE,Aca.,ENGENHARIAS I                                     ,4
52001016039P0,"GEOTECNIA, ESTRUTURAS E CONSTRUÇÃO CIVIL",UNIVERSIDADE FEDERAL DE GOIÁS,UFG,Aca.,ENGENHARIAS I                                     ,4
32007019013P3,GEOTECNIA,UNIVERSIDADE FEDERAL DE OURO PRETO,UFOP,Aca.,ENGENHARIAS I                                     ,4
42007011018P3,ENGENHARIA CIVIL,UNIVERSIDADE DO VALE DO RIO DOS SINOS,UNISINOS,Aca.,ENGENHARIAS I                                     ,5
50001019018P8,RECURSOS HÍDRICOS,UNIVERSIDADE FEDERAL DE MATO GROSSO,UFMT,Aca.,ENGENHARIAS I                                     ,3
32020015004P3,ENGENHARIA CIVIL,CENTRO FEDERAL DE EDUCAÇÃO TECNOLÓGICA DE MINAS GERAIS,CEFET-MG,Aca.,ENGENHARIAS I                                     ,5
22008012001P3,TECNOLOGIA E GESTÃO AMBIENTAL,"INSTITUTO FEDERAL DE EDUCAÇÃO, CIÊNCIA E TECNOLOGIA DO CEARÁ",IFCE,Aca.,ENGENHARIAS I                                     ,4
24004014005P9,CIÊNCIA E TECNOLOGIA AMBIENTAL,UNIVERSIDADE ESTADUAL DA PARAÍBA,UEPB,Aca.,ENGENHARIAS I                                     ,4
22001018059P7,ENGENHARIA CIVIL: ESTRUTURAS E CONSTRUÇÃO CIVIL,UNIVERSIDADE FEDERAL DO CEARÁ,UFC,Aca.,ENGENHARIAS I                                     ,4
32007019017P9,ENGENHARIA DAS CONSTRUÇÕES,UNIVERSIDADE FEDERAL DE OURO PRETO,UFOP,Prof.,ENGENHARIAS I                                     ,3
30001013036P0,ENGENHARIA E DESENVOLVIMENTO SUSTENTÁVEL,UNIVERSIDADE FEDERAL DO ESPÍRITO SANTO,UFES,Prof.,ENGENHARIAS I                                     ,3
31001017132P1,ENGENHARIA URBANA,UNIVERSIDADE FEDERAL DO RIO DE JANEIRO,UFRJ,Prof.,ENGENHARIAS I                                     ,5
31001017134P4,PROJETO DE ESTRUTURAS,UNIVERSIDADE FEDERAL DO RIO DE JANEIRO,UFRJ,Prof.,ENGENHARIAS I                                     ,3
33004056089P5,ENGENHARIA CIVIL E AMBIENTAL,UNIVERSIDADE ESTADUAL PAULISTA JÚLIO DE MESQUITA FILHO - CAMPUS BAURU,UNESP-BAURU,Aca.,ENGENHARIAS I                                     ,5
40006018008P6,ENGENHARIA CIVIL,UNIVERSIDADE TECNOLÓGICA FEDERAL DO PARANÁ,UTFPR,Aca.,ENGENHARIAS I                                     ,5
31005012036P8,ENGENHARIA URBANA E AMBIENTAL,PONTIFÍCIA UNIVERSIDADE CATÓLICA DO RIO DE JANEIRO,PUC-RIO,Prof.,ENGENHARIAS I                                     ,3
32001010086P2,GEOTECNIA E TRANSPORTES,UNIVERSIDADE FEDERAL DE MINAS GERAIS,UFMG,Aca.,ENGENHARIAS I                                     ,3
28001010076P9,"Meio Ambiente , Águas e Saneamento",UNIVERSIDADE FEDERAL DA BAHIA,UFBA,Aca.,ENGENHARIAS I                                     ,4
25001019080P4,ENGENHARIA CIVIL E AMBIENTAL,UNIVERSIDADE FEDERAL DE PERNAMBUCO,UFPE,Aca.,ENGENHARIAS I                                     ,4
41001010080P3,ENGENHARIA AMBIENTAL,UNIVERSIDADE FEDERAL DE SANTA CATARINA,UFSC,Prof.,ENGENHARIAS I                                     ,1
42046017004P3,ENGENHARIA,UNIVERSIDADE FEDERAL DO PAMPA,UNIPAMPA,Aca.,ENGENHARIAS I                                     ,4
15001016069P2,Processos Construtivos e Saneamento Urbano,UNIVERSIDADE FEDERAL DO PARÁ,UFPA,Prof.,ENGENHARIAS I                                     ,3
27001016034P8,Engenharia Civil,UNIVERSIDADE FEDERAL DE SERGIPE,UFS,Aca.,ENGENHARIAS I                                     ,3
40001016075P3,Engenharia Ambiental,UNIVERSIDADE FEDERAL DO PARANÁ,UFPR,Aca.,ENGENHARIAS I                                     ,4
16003012010P3,Engenharia Ambiental,UNIVERSIDADE FEDERAL DO TOCANTINS,UFT,Prof.,ENGENHARIAS I                                     ,3
51001012035P2,EFICIÊNCIA ENERGÉTICA E SUSTENTABILIDADE,UNIVERSIDADE FEDERAL DE MATO GROSSO DO SUL,UFMS,Prof.,ENGENHARIAS I                                     ,4
42008018014P4,ENGENHARIA E CIÊNCIAS AMBIENTAIS,UNIVERSIDADE DE CAXIAS DO SUL,UCS,Prof.,ENGENHARIAS I                                     ,3
32011016011P4,Ciência e Engenharia Ambiental,UNIVERSIDADE FEDERAL DE ALFENAS,UNIFAL-MG,Aca.,ENGENHARIAS I                                     ,4
40006018023P5,Engenharia Ambiental,UNIVERSIDADE TECNOLÓGICA FEDERAL DO PARANÁ,UTFPR,Aca.,ENGENHARIAS I                                     ,4
27001016044P3,Recursos Hídricos,UNIVERSIDADE FEDERAL DE SERGIPE,UFS,Aca.,ENGENHARIAS I                                     ,4
42003016048P4,Recursos Hídricos,UNIVERSIDADE FEDERAL DE PELOTAS,UFPEL,Aca.,ENGENHARIAS I                                     ,4
42002010055P8,ENGENHARIA CIVIL E AMBIENTAL,UNIVERSIDADE FEDERAL DE SANTA MARIA,UFSM,Aca.,ENGENHARIAS I                                     ,5
40006018026P4,Tecnologias Ambientais,UNIVERSIDADE TECNOLÓGICA FEDERAL DO PARANÁ,UTFPR,Aca.,ENGENHARIAS I                                     ,4
33002010233P4,Inovação na Construção Civil,UNIVERSIDADE DE SÃO PAULO,USP,Prof.,ENGENHARIAS I                                     ,3
25003011036P8,ENGENHARIA AMBIENTAL,UNIVERSIDADE FEDERAL RURAL DE PERNAMBUCO,UFRPE,Aca.,ENGENHARIAS I                                     ,5
40004015041P0,Engenharia Civil,UNIVERSIDADE ESTADUAL DE MARINGÁ,UEM,Aca.,ENGENHARIAS I                                     ,4
40005011017P9,Engenharia Sanitária e Ambiental - UEPG / UNICENTRO,UNIVERSIDADE ESTADUAL DE PONTA GROSSA,UEPG,Aca.,ENGENHARIAS I                                     ,3
32053010005P4,Processos Construtivos,UNIVERSIDADE FUMEC,FUMEC,Prof.,ENGENHARIAS I                                     ,3
33006016014P6,Sistemas de Infraestrutura Urbana,PONTIFÍCIA UNIVERSIDADE CATÓLICA DE CAMPINAS,PUC-CAMPINAS,Aca.,ENGENHARIAS I                                     ,4
40006018030P1,Engenharia Civil (PPGEC),UNIVERSIDADE TECNOLÓGICA FEDERAL DO PARANÁ,UTFPR,Aca.,ENGENHARIAS I                                     ,3
41001010088P4,Engenharia de Transportes e Gestão Territorial,UNIVERSIDADE FEDERAL DE SANTA CATARINA,UFSC,Aca.,ENGENHARIAS I                                     ,3
41002016157P9,ENGENHARIA CIVIL,FUNDAÇÃO UNIVERSIDADE DO ESTADO DE SANTA CATARINA,UDESC,Aca.,ENGENHARIAS I                                     ,4
31004016156P7,ENGENHARIA AMBIENTAL - DEAMB,UNIVERSIDADE DO ESTADO DO RIO DE JANEIRO,UERJ,Aca.,ENGENHARIAS I                                     ,5
52001016102P4,ENGENHARIA AMBIENTAL E SANITÁRIA,UNIVERSIDADE FEDERAL DE GOIÁS,UFG,Aca.,ENGENHARIAS I                                     ,3
33032017011P7,TECNOLOGIA AMBIENTAL,UNIVERSIDADE DE RIBEIRÃO PRETO,UNAERP,Aca.,ENGENHARIAS I                                     ,4
15001016090P1,ENGENHARIA DE BARRAGEM E GESTÃO AMBIENTAL,UNIVERSIDADE FEDERAL DO PARÁ,UFPA,Prof.,ENGENHARIAS I                                     ,3
33072019005P4,ENGENHARIA CIVIL,UNIVERSIDADE SÃO JUDAS TADEU,USJT,Prof.,ENGENHARIAS I                                     ,4
32003013042P8,ENGENHARIA HÍDRICA  ,UNIVERSIDADE FEDERAL DE ITAJUBÁ - UNIFEI,UNIFEI,Prof.,ENGENHARIAS I                                     ,4
31001017171P7,ENGENHARIA AMBIENTAL,UNIVERSIDADE FEDERAL DO RIO DE JANEIRO,UFRJ,Aca.,ENGENHARIAS I                                     ,4
28001010172P8,ENGENHARIA CIVIL,UNIVERSIDADE FEDERAL DA BAHIA,UFBA,Aca.,ENGENHARIAS I                                     ,5
40006018174P3,Engenharia Ambiental: Análise e Tecnologia Ambiental,UNIVERSIDADE TECNOLÓGICA FEDERAL DO PARANÁ,UTFPR,Aca.,ENGENHARIAS I                                     ,3
15001016091P8,ENGENHARIA DE INFRAESTRUTURA E DESENVOLVIMENTO ENERGÉTICO ,UNIVERSIDADE FEDERAL DO PARÁ,UFPA,Aca.,ENGENHARIAS I                                     ,3
27001016174P4,ENGENHARIA E CIÊNCIAS AMBIENTAIS,UNIVERSIDADE FEDERAL DE SERGIPE,UFS,Aca.,ENGENHARIAS I                                     ,3
42051010004P3,ENGENHARIA CIVIL,FACULDADE ATITUS EDUCAÇÃO PASSO FUNDO,ATITUS EDUCAÇÃO,Aca.,ENGENHARIAS I                                     ,3
40043010008P4,ENGENHARIA CIVIL,UNIVERSIDADE FEDERAL DA INTEGRAÇÃO LATINO-AMERICANA,UNILA,Aca.,ENGENHARIAS I                                     ,3
52010015107P1,ENGENHARIA APLICADA E SUSTENTABILIDADE,"INSTITUTO FEDERAL DE EDUCAÇÃO, CIÊNCIA E TECNOLOGIA GOIANO",IF GOIANO,Prof.,ENGENHARIAS I                                     ,4
42033012075P7,ENGENHARIA E CIÊNCIAS AMBIENTAIS,"INSTITUTO FEDERAL DE EDUCAÇÃO, CIÊNCIA E TECNOLOGIA SUL-RIO-GRANDENSE",IFSUL,Prof.,ENGENHARIAS I                                     ,3
32005016106P9,ENGENHARIA CIVIL,UNIVERSIDADE FEDERAL DE JUIZ DE FORA,UFJF,Aca.,ENGENHARIAS I                                     ,4
42001013174P7,ENGENHARIA CIVIL: CONSTRUÇÃO E INFRAESTRUTURA,UNIVERSIDADE FEDERAL DO RIO GRANDE DO SUL,UFRGS,Aca.,ENGENHARIAS I                                     ,5
41009010002P0,"ENGENHARIA CIVIL, SANITÁRIA E AMBIENTAL",UNIVERSIDADE DO CONTESTADO,UNC,Prof.,ENGENHARIAS I                                     ,3
32004010043P4,ENGENHARIA AMBIENTAL,UNIVERSIDADE FEDERAL DE LAVRAS,UFLA,Aca.,ENGENHARIAS I                                     ,3
15001016163P9,ENGENHARIA SANITÁRIA E AMBIENTAL - PPGESA,UNIVERSIDADE FEDERAL DO PARÁ,UFPA,Prof.,ENGENHARIAS I                                     ,3
22011013006P2,ENERGIA E AMBIENTE,UNIVERSIDADE DA INTEGRAÇÃO INTERNACIONAL DA LUSOFONIA AFRO-BRASILEIRA,UNILAB,Aca.,ENGENHARIAS I                                     ,3
40001016173P5,ENGENHARIA E TECNOLOGIA AMBIENTAL ,UNIVERSIDADE FEDERAL DO PARANÁ,UFPR,Aca.,ENGENHARIAS I                                     ,4
52059006003P0,ENGENHARIA CIVIL,UNIVERSIDADE FEDERAL DE CATALÃO,UFCAT,Aca.,ENGENHARIAS I                                     ,3
24001015044P5,MÚSICA,UNIVERSIDADE FEDERAL DA PARAÍBA - CAMPUS JOÃO PESSOA,UFPB-JOÃO PESSOA,Aca.,ARTES,4
28001010026P1,MÚSICA,UNIVERSIDADE FEDERAL DA BAHIA,UFBA,Aca.,ARTES,4
28001010030P9,ARTES VISUAIS,UNIVERSIDADE FEDERAL DA BAHIA,UFBA,Aca.,ARTES,4
28001010035P0,ARTES CÊNICAS,UNIVERSIDADE FEDERAL DA BAHIA,UFBA,Aca.,ARTES,6
31001017072P9,MÚSICA,UNIVERSIDADE FEDERAL DO RIO DE JANEIRO,UFRJ,Aca.,ARTES,4
31001017089P9,ARTES VISUAIS,UNIVERSIDADE FEDERAL DO RIO DE JANEIRO,UFRJ,Aca.,ARTES,6
31003010038P1,Estudos Contemporaneos das Artes,UNIVERSIDADE FEDERAL FLUMINENSE,UFF,Aca.,ARTES,4
31021018003P0,ARTES CÊNICAS,UNIVERSIDADE FEDERAL DO ESTADO DO RIO DE JANEIRO,UNIRIO,Aca.,ARTES,6
31021018004P7,MÚSICA,UNIVERSIDADE FEDERAL DO ESTADO DO RIO DE JANEIRO,UNIRIO,Aca.,ARTES,5
32001010051P4,ARTES,UNIVERSIDADE FEDERAL DE MINAS GERAIS,UFMG,Aca.,ARTES,6
32001010058P9,MÚSICA,UNIVERSIDADE FEDERAL DE MINAS GERAIS,UFMG,Aca.,ARTES,5
33003017077P9,MÚSICA,UNIVERSIDADE ESTADUAL DE CAMPINAS,UNICAMP,Aca.,ARTES,6
33004013063P4,ARTES,UNIVERSIDADE ESTADUAL PAULISTA JÚLIO DE MESQUITA FILHO,UNESP,Aca.,ARTES,5
33004013066P3,MÚSICA,UNIVERSIDADE ESTADUAL PAULISTA JÚLIO DE MESQUITA FILHO,UNESP,Aca.,ARTES,4
41002016005P4,Artes Cênicas,FUNDAÇÃO UNIVERSIDADE DO ESTADO DE SANTA CATARINA,UDESC,Aca.,ARTES,5
42001013044P6,MÚSICA,UNIVERSIDADE FEDERAL DO RIO GRANDE DO SUL,UFRGS,Aca.,ARTES,7
42001013055P8,ARTES VISUAIS,UNIVERSIDADE FEDERAL DO RIO GRANDE DO SUL,UFRGS,Aca.,ARTES,6
52001016024P3,ARTE E CULTURA VISUAL,UNIVERSIDADE FEDERAL DE GOIÁS,UFG,Aca.,ARTES,4
53001010040P5,ARTES VISUAIS,UNIVERSIDADE DE BRASÍLIA,UNB,Aca.,ARTES,5
53001010057P5,MÚSICA,UNIVERSIDADE DE BRASÍLIA,UNB,Aca.,ARTES,4
41002016010P8,ARTES VISUAIS,FUNDAÇÃO UNIVERSIDADE DO ESTADO DE SANTA CATARINA,UDESC,Aca.,ARTES,4
31004016039P0,ARTES,UNIVERSIDADE DO ESTADO DO RIO DE JANEIRO,UERJ,Aca.,ARTES,5
28001010054P5,DANÇA,UNIVERSIDADE FEDERAL DA BAHIA,UFBA,Aca.,ARTES,5
30001013024P1,ARTES,UNIVERSIDADE FEDERAL DO ESPÍRITO SANTO,UFES,Aca.,ARTES,4
40001016055P2,MÚSICA,UNIVERSIDADE FEDERAL DO PARANÁ,UFPR,Aca.,ARTES,4
41002016014P3,MÚSICA,FUNDAÇÃO UNIVERSIDADE DO ESTADO DE SANTA CATARINA,UDESC,Aca.,ARTES,5
33002010198P4,ARTES VISUAIS,UNIVERSIDADE DE SÃO PAULO,USP,Aca.,ARTES,5
33002010200P9,ARTES CÊNICAS,UNIVERSIDADE DE SÃO PAULO,USP,Aca.,ARTES,6
42001013093P7,ARTES CÊNICAS,UNIVERSIDADE FEDERAL DO RIO GRANDE DO SUL,UFRGS,Aca.,ARTES,5
42002010037P0,ARTES VISUAIS,UNIVERSIDADE FEDERAL DE SANTA MARIA,UFSM,Aca.,ARTES,5
33002010203P8,MÚSICA,UNIVERSIDADE DE SÃO PAULO,USP,Aca.,ARTES,6
23001011044P2,ARTES CÊNICAS,UNIVERSIDADE FEDERAL DO RIO GRANDE DO NORTE,UFRN,Aca.,ARTES,4
15001016055P1,ARTES,UNIVERSIDADE FEDERAL DO PARÁ,UFPA,Aca.,ARTES,5
24001015056P3,ARTES VISUAIS (UFPB J.P. - UFPE),UNIVERSIDADE FEDERAL DA PARAÍBA - CAMPUS JOÃO PESSOA,UFPB-JOÃO PESSOA,Aca.,ARTES,4
33003017093P4,ARTES VISUAIS,UNIVERSIDADE ESTADUAL DE CAMPINAS,UNICAMP,Aca.,ARTES,5
33003017094P0,ARTES DA CENA,UNIVERSIDADE ESTADUAL DE CAMPINAS,UNICAMP,Aca.,ARTES,6
42003016044P9,Artes,UNIVERSIDADE FEDERAL DE PELOTAS,UFPEL,Aca.,ARTES,4
31021018020P2,Ensino de Artes Cênicas,UNIVERSIDADE FEDERAL DO ESTADO DO RIO DE JANEIRO,UNIRIO,Prof.,ARTES,4
22001018078P1,Artes,UNIVERSIDADE FEDERAL DO CEARÁ,UFC,Aca.,ARTES,4
23001011067P2,Música,UNIVERSIDADE FEDERAL DO RIO GRANDE DO NORTE,UFRN,Aca.,ARTES,4
28001010092P4,Música,UNIVERSIDADE FEDERAL DA BAHIA,UFBA,Prof.,ARTES,4
32005016038P3,"ARTES, CULTURA E LINGUAGENS",UNIVERSIDADE FEDERAL DE JUIZ DE FORA,UFJF,Aca.,ARTES,4
31021018024P8,Ensino das Práticas Musicais,UNIVERSIDADE FEDERAL DO ESTADO DO RIO DE JANEIRO,UNIRIO,Prof.,ARTES,3
32007019028P0,Artes Cênicas,UNIVERSIDADE FEDERAL DE OURO PRETO,UFOP,Aca.,ARTES,4
31001017157P4,Artes da Cena,UNIVERSIDADE FEDERAL DO RIO DE JANEIRO,UFRJ,Aca.,ARTES,4
53001010103P7,Artes Cênicas,UNIVERSIDADE DE BRASÍLIA,UNB,Aca.,ARTES,5
33009015086P6,História da Arte,UNIVERSIDADE FEDERAL DE SÃO PAULO,UNIFESP,Aca.,ARTES,4
32006012071P7,MÚSICA,UNIVERSIDADE FEDERAL DE UBERLÂNDIA,UFU,Aca.,ARTES,3
32025017003P9,ARTES,UNIVERSIDADE DO ESTADO DE MINAS GERAIS,UEMG,Aca.,ARTES,4
35009004001P0,ARTES,ESCOLA SUPERIOR DE ARTES CÉLIA HELENA,ESCH,Prof.,ARTES,4
32006012075P2,ARTES CÊNICAS,UNIVERSIDADE FEDERAL DE UBERLÂNDIA,UFU,Aca.,ARTES,3
24001015078P7,"COMPUTAÇÃO, COMUNICAÇÃO E ARTES",UNIVERSIDADE FEDERAL DA PARAÍBA - CAMPUS JOÃO PESSOA,UFPB-JOÃO PESSOA,Aca.,ARTES,3
31001017170P0,MÚSICA,UNIVERSIDADE FEDERAL DO RIO DE JANEIRO,UFRJ,Prof.,ARTES,4
25001019157P7,MÚSICA,UNIVERSIDADE FEDERAL DE PERNAMBUCO,UFPE,Aca.,ARTES,3
32018010042P1,ARTES CÊNICAS,UNIVERSIDADE FEDERAL DE SÃO JOÃO DEL-REI,UFSJ,Aca.,ARTES,4
22008012075P7,ARTES,"INSTITUTO FEDERAL DE EDUCAÇÃO, CIÊNCIA E TECNOLOGIA DO CEARÁ",IFCE,Prof.,ARTES,4
52001016108P2,ARTES DA CENA,UNIVERSIDADE FEDERAL DE GOIÁS,UFG,Aca.,ARTES,3
31001017175P2,DANÇA,UNIVERSIDADE FEDERAL DO RIO DE JANEIRO,UFRJ,Aca.,ARTES,3
40004015076P9,MÚSICA,UNIVERSIDADE ESTADUAL DE MARINGÁ,UEM,Aca.,ARTES,3
40076016004P3,CINEMA E ARTES DO VÍDEO,UNIVERSIDADE ESTADUAL DO PARANÁ,UNESPAR,Aca.,ARTES,3
20001010045P0,ARTES CÊNICAS,UNIVERSIDADE FEDERAL DO MARANHÃO,UFMA,Aca.,ARTES,3
40076016003P7,MÚSICA,UNIVERSIDADE ESTADUAL DO PARANÁ,UNESPAR,Aca.,ARTES,3
40076016006P6,ARTES,UNIVERSIDADE ESTADUAL DO PARANÁ,UNESPAR,Prof.,ARTES,3
28001010174P0,DANÇA,UNIVERSIDADE FEDERAL DA BAHIA,UFBA,Prof.,ARTES,3
32018010047P3,MÚSICA,UNIVERSIDADE FEDERAL DE SÃO JOÃO DEL-REI,UFSJ,Aca.,ARTES,3
11001011075P1,ARTES CÊNICAS,UNIVERSIDADE FEDERAL DO ACRE,UFAC,Aca.,ARTES,3
31004016162P7,HISTÓRIA DA ARTE,UNIVERSIDADE DO ESTADO DO RIO DE JANEIRO,UERJ,Aca.,ARTES,4
15001016010P8,ENGENHARIA QUÍMICA,UNIVERSIDADE FEDERAL DO PARÁ,UFPA,Aca.,ENGENHARIAS II                                    ,4
22001018035P0,ENGENHARIA QUÍMICA,UNIVERSIDADE FEDERAL DO CEARÁ,UFC,Aca.,ENGENHARIAS II                                    ,7
23001011011P7,ENGENHARIA QUÍMICA,UNIVERSIDADE FEDERAL DO RIO GRANDE DO NORTE,UFRN,Aca.,ENGENHARIAS II                                    ,5
24009016004P4,ENGENHARIA QUÍMICA,UNIVERSIDADE FEDERAL DE CAMPINA GRANDE,UFCG,Aca.,ENGENHARIAS II                                    ,4
24009016010P4,ENGENHARIA DE PROCESSOS,UNIVERSIDADE FEDERAL DE CAMPINA GRANDE,UFCG,Aca.,ENGENHARIAS II                                    ,4
24009016014P0,CIÊNCIA E ENGENHARIA DE MATERIAIS,UNIVERSIDADE FEDERAL DE CAMPINA GRANDE,UFCG,Aca.,ENGENHARIAS II                                    ,6
25001019020P1,TECNOLOGIAS ENERGÉTICAS E NUCLEARES,UNIVERSIDADE FEDERAL DE PERNAMBUCO,UFPE,Aca.,ENGENHARIAS II                                    ,5
25001019044P8,ENGENHARIA QUÍMICA,UNIVERSIDADE FEDERAL DE PERNAMBUCO,UFPE,Aca.,ENGENHARIAS II                                    ,5
28001010021P0,ENGENHARIA QUÍMICA,UNIVERSIDADE FEDERAL DA BAHIA,UFBA,Aca.,ENGENHARIAS II                                    ,1
31001017008P9,CIÊNCIA E TECNOLOGIA DE POLÍMEROS,UNIVERSIDADE FEDERAL DO RIO DE JANEIRO,UFRJ,Aca.,ENGENHARIAS II                                    ,6
31001017031P0,ENGENHARIA METALÚRGICA E DE MATERIAIS,UNIVERSIDADE FEDERAL DO RIO DE JANEIRO,UFRJ,Aca.,ENGENHARIAS II                                    ,6
31001017033P3,ENGENHARIA NUCLEAR,UNIVERSIDADE FEDERAL DO RIO DE JANEIRO,UFRJ,Aca.,ENGENHARIAS II                                    ,6
31001017036P2,ENGENHARIA QUÍMICA,UNIVERSIDADE FEDERAL DO RIO DE JANEIRO,UFRJ,Aca.,ENGENHARIAS II                                    ,7
31001017037P9,Engenharia de Processos Químicos e Bioquímicos,UNIVERSIDADE FEDERAL DO RIO DE JANEIRO,UFRJ,Aca.,ENGENHARIAS II                                    ,6
31002013014P5,ENGENHARIA QUÍMICA,UNIVERSIDADE FEDERAL RURAL DO RIO DE JANEIRO,UFRRJ,Aca.,ENGENHARIAS II                                    ,4
31003010032P3,ENGENHARIA METALÚRGICA,UNIVERSIDADE FEDERAL FLUMINENSE,UFF,Aca.,ENGENHARIAS II                                    ,4
31004016038P4,ENGENHARIA QUÍMICA,UNIVERSIDADE DO ESTADO DO RIO DE JANEIRO,UERJ,Aca.,ENGENHARIAS II                                    ,5
31005012013P8,"Engenharia Química, de Materiais e Processos Ambientais",PONTIFÍCIA UNIVERSIDADE CATÓLICA DO RIO DE JANEIRO,PUC-RIO,Aca.,ENGENHARIAS II                                    ,5
31007015006P4,Ciência e Engenharia de Materiais,INSTITUTO MILITAR DE ENGENHARIA,IME,Aca.,ENGENHARIAS II                                    ,7
31007015007P0,ENGENHARIA NUCLEAR,INSTITUTO MILITAR DE ENGENHARIA,IME,Aca.,ENGENHARIAS II                                    ,3
31033016005P8,ENGENHARIA E CIÊNCIA  DOS MATERIAIS,UNIVERSIDADE ESTADUAL DO NORTE FLUMINENSE DARCY RIBEIRO,UENF,Aca.,ENGENHARIAS II                                    ,4
32001010017P0,"Engenharia Metalúrgica, Materiais e de Minas",UNIVERSIDADE FEDERAL DE MINAS GERAIS,UFMG,Aca.,ENGENHARIAS II                                    ,6
32001010018P7,CIÊNCIAS TÉCNICAS NUCLEARES,UNIVERSIDADE FEDERAL DE MINAS GERAIS,UFMG,Aca.,ENGENHARIAS II                                    ,5
32001010044P8,ENGENHARIA QUÍMICA,UNIVERSIDADE FEDERAL DE MINAS GERAIS,UFMG,Aca.,ENGENHARIAS II                                    ,4
32003013005P5,Ciência e Engenharia de Materiais,UNIVERSIDADE FEDERAL DE ITAJUBÁ - UNIFEI,UNIFEI,Aca.,ENGENHARIAS II                                    ,4
32006012005P4,ENGENHARIA QUÍMICA,UNIVERSIDADE FEDERAL DE UBERLÂNDIA,UFU,Aca.,ENGENHARIAS II                                    ,7
32007019007P3,ENGENHARIA DE MATERIAIS - UFOP - UEMG,UNIVERSIDADE FEDERAL DE OURO PRETO,UFOP,Aca.,ENGENHARIAS II                                    ,4
32007019008P0,ENGENHARIA MINERAL,UNIVERSIDADE FEDERAL DE OURO PRETO,UFOP,Aca.,ENGENHARIAS II                                    ,4
32069014001P9,"CIÊNCIA E TECNOLOGIA DAS RADIAÇÕES, MINERAIS E MATERIAIS",COMISSÃO NACIONAL DE ENERGIA NUCLEAR - CENTRO DE DESENVOLVIMENTO DA TECNOLOGIA NUCLEAR,CNEN/CDTN,Aca.,ENGENHARIAS II                                    ,5
33001014004P9,CIÊNCIA E ENGENHARIA DOS MATERIAIS,UNIVERSIDADE FEDERAL DE SÃO CARLOS,UFSCAR,Aca.,ENGENHARIAS II                                    ,7
33001014006P1,ENGENHARIA QUÍMICA,UNIVERSIDADE FEDERAL DE SÃO CARLOS,UFSCAR,Aca.,ENGENHARIAS II                                    ,7
33002010048P2,ENGENHARIA METALÚRGICA,UNIVERSIDADE DE SÃO PAULO,USP,Aca.,ENGENHARIAS II                                    ,6
33002010050P7,TECNOLOGIA NUCLEAR,UNIVERSIDADE DE SÃO PAULO,USP,Aca.,ENGENHARIAS II                                    ,6
33002010053P6,ENGENHARIA QUÍMICA,UNIVERSIDADE DE SÃO PAULO,USP,Aca.,ENGENHARIAS II                                    ,7
33002010131P7,Engenharia Mineral e de Petróleo,UNIVERSIDADE DE SÃO PAULO,USP,Aca.,ENGENHARIAS II                                    ,5
33003017034P8,ENGENHARIA QUÍMICA,UNIVERSIDADE ESTADUAL DE CAMPINAS,UNICAMP,Aca.,ENGENHARIAS II                                    ,7
33083010004P6,PROCESSOS INDUSTRIAIS,INSTITUTO DE PESQUISAS TECNOLÓGICAS DO ESTADO DE SÃO PAULO,IPT,Prof.,ENGENHARIAS II                                    ,3
40004015003P1,ENGENHARIA QUÍMICA,UNIVERSIDADE ESTADUAL DE MARINGÁ,UEM,Aca.,ENGENHARIAS II                                    ,6
40005011002P1,ENGENHARIA E CIÊNCIA DE MATERIAIS,UNIVERSIDADE ESTADUAL DE PONTA GROSSA,UEPG,Aca.,ENGENHARIAS II                                    ,4
41001010028P1,ENGENHARIA QUÍMICA,UNIVERSIDADE FEDERAL DE SANTA CATARINA,UFSC,Aca.,ENGENHARIAS II                                    ,7
41002016001P9,CIÊNCIA E ENGENHARIA DE MATERIAIS,FUNDAÇÃO UNIVERSIDADE DO ESTADO DE SANTA CATARINA,UDESC,Aca.,ENGENHARIAS II                                    ,4
42001013016P2,"ENGENHARIA DE MINAS, METALÚRGICA E DE MATERIAIS",UNIVERSIDADE FEDERAL DO RIO GRANDE DO SUL,UFRGS,Aca.,ENGENHARIAS II                                    ,7
42001013058P7,ENGENHARIA QUÍMICA,UNIVERSIDADE FEDERAL DO RIO GRANDE DO SUL,UFRGS,Aca.,ENGENHARIAS II                                    ,6
42005019025P7,ENGENHARIA E TECNOLOGIA DE MATERIAIS,PONTIFÍCIA UNIVERSIDADE CATÓLICA DO RIO GRANDE DO SUL,PUCRS,Aca.,ENGENHARIAS II                                    ,6
27002012001P9,ENGENHARIA DE PROCESSOS,UNIVERSIDADE TIRADENTES,UNIT,Aca.,ENGENHARIAS II                                    ,6
25002015005P9,DESENVOLVIMENTO DE PROCESSOS AMBIENTAIS,UNIVERSIDADE CATÓLICA DE PERNAMBUCO,UNICAP,Aca.,ENGENHARIAS II                                    ,4
41004019002P8,Engenharia e Gestão de Processos Sustentáveis,UNIVERSIDADE DA REGIÃO DE JOINVILLE,UNIVILLE,Aca.,ENGENHARIAS II                                    ,3
26001012022P7,ENGENHARIA QUÍMICA,UNIVERSIDADE FEDERAL DE ALAGOAS,UFAL,Aca.,ENGENHARIAS II                                    ,4
40015017006P9,ENGENHARIA QUÍMICA,UNIVERSIDADE ESTADUAL DO OESTE DO PARANÁ,UNIOESTE,Aca.,ENGENHARIAS II                                    ,5
27001016014P7,ENGENHARIA QUÍMICA,UNIVERSIDADE FEDERAL DE SERGIPE,UFS,Aca.,ENGENHARIAS II                                    ,3
31004016049P6,CIÊNCIA E TECNOLOGIA DE MATERIAIS,UNIVERSIDADE DO ESTADO DO RIO DE JANEIRO,UERJ,Aca.,ENGENHARIAS II                                    ,3
28001010059P7,ENGENHARIA QUÍMICA - UFBA-UNIFACS,UNIVERSIDADE FEDERAL DA BAHIA,UFBA,Aca.,ENGENHARIAS II                                    ,4
40001016056P9,ENGENHARIA QUÍMICA,UNIVERSIDADE FEDERAL DO PARANÁ,UFPR,Aca.,ENGENHARIAS II                                    ,4
27001016015P3,CIÊNCIA E ENGENHARIA DE MATERIAIS,UNIVERSIDADE FEDERAL DE SERGIPE,UFS,Aca.,ENGENHARIAS II                                    ,4
42002010038P6,Engenharia Química,UNIVERSIDADE FEDERAL DE SANTA MARIA,UFSM,Aca.,ENGENHARIAS II                                    ,5
41006011009P5,ENGENHARIA QUÍMICA,UNIVERSIDADE REGIONAL DE BLUMENAU,FURB,Aca.,ENGENHARIAS II                                    ,3
33002088001P4,ENGENHARIA DE MATERIAIS,UNIVERSIDADE DE SÃO PAULO - ESCOLA DE ENGENHARIA DE LORENA,USP-EEL,Aca.,ENGENHARIAS II                                    ,5
33002088002P0,ENGENHARIA QUÍMICA,UNIVERSIDADE DE SÃO PAULO - ESCOLA DE ENGENHARIA DE LORENA,USP-EEL,Aca.,ENGENHARIAS II                                    ,4
30004012001P0,ENGENHARIA METALÚRGICA E DE MATERIAIS,"INSTITUTO FEDERAL DE EDUCAÇÃO, CIÊNCIA E TECNOLOGIA DO ESPÍRITO SANTO",IFES,Aca.,ENGENHARIAS II                                    ,4
31003010068P8,ENGENHARIA QUÍMICA,UNIVERSIDADE FEDERAL FLUMINENSE,UFF,Aca.,ENGENHARIAS II                                    ,3
31001017136P7,Tecnologia de Processos Sustentáveis,UNIVERSIDADE FEDERAL DO RIO DE JANEIRO,UFRJ,Prof.,ENGENHARIAS II                                    ,4
32020015007P2,ENGENHARIA DE MATERIAIS,CENTRO FEDERAL DE EDUCAÇÃO TECNOLÓGICA DE MINAS GERAIS,CEFET-MG,Aca.,ENGENHARIAS II                                    ,3
31058019002P4,Ciência e Tecnologia Nucleares,COMISSÃO NACIONAL DE ENERGIA NUCLEAR - INSTITUTO DE ENGENHARIA NUCLEAR,CNEN/IEN,Aca.,ENGENHARIAS II                                    ,3
32003013009P0,Engenharia de Materiais,UNIVERSIDADE FEDERAL DE ITAJUBÁ - UNIFEI,UNIFEI,Prof.,ENGENHARIAS II                                    ,3
42008018009P0,ENGENHARIA DE PROCESSOS E TECNOLOGIAS,UNIVERSIDADE DE CAXIAS DO SUL,UCS,Aca.,ENGENHARIAS II                                    ,4
41015010004P9,Ciência e Engenharia de Materiais,UNIVERSIDADE DO EXTREMO SUL CATARINENSE,UNESC,Aca.,ENGENHARIAS II                                    ,4
42046017009P5,Engenharia Mineral ,UNIVERSIDADE FEDERAL DO PAMPA,UNIPAMPA,Prof.,ENGENHARIAS II                                    ,3
42004012025P0,ENGENHARIA QUIMICA,UNIVERSIDADE FEDERAL DO RIO GRANDE,FURG,Aca.,ENGENHARIAS II                                    ,3
33027013005P7,ENGENHARIA QUÍMICA,CENTRO UNIVERSITÁRIO DA FUNDAÇÃO EDUCACIONAL INACIANA PE SABÓIA DE MEDEIROS,FEI,Aca.,ENGENHARIAS II                                    ,3
30001013054P8,Engenharia Química,UNIVERSIDADE FEDERAL DO ESPÍRITO SANTO,UFES,Aca.,ENGENHARIAS II                                    ,3
52001016069P7,Engenharia Química,UNIVERSIDADE FEDERAL DE GOIÁS,UFG,Aca.,ENGENHARIAS II                                    ,3
31001017158P0,Engenharia da Nanotecnologia,UNIVERSIDADE FEDERAL DO RIO DE JANEIRO,UFRJ,Aca.,ENGENHARIAS II                                    ,4
32018010015P4,Engenharia Química,UNIVERSIDADE FEDERAL DE SÃO JOÃO DEL-REI,UFSJ,Aca.,ENGENHARIAS II                                    ,3
42044014001P1,TECNOLOGIA E ENGENHARIA DE MATERIAIS,"INSTITUTO FEDERAL DE EDUCAÇÃO, CIÊNCIA E TECNOLOGIA DO RIO GRANDE DO SUL",IFRS,Prof.,ENGENHARIAS II                                    ,4
40006018033P0,PROCESSOS QUÍMICOS E BIOTECNOLÓGICOS,UNIVERSIDADE TECNOLÓGICA FEDERAL DO PARANÁ,UTFPR,Aca.,ENGENHARIAS II                                    ,3
32011016041P0,ENGENHARIA QUÍMICA,UNIVERSIDADE FEDERAL DE ALFENAS,UNIFAL-MG,Aca.,ENGENHARIAS II                                    ,3
24001015076P4,ENGENHARIA QUÍMICA,UNIVERSIDADE FEDERAL DA PARAÍBA - CAMPUS JOÃO PESSOA,UFPB-JOÃO PESSOA,Aca.,ENGENHARIAS II                                    ,3
15008010002P0,ENGENHARIA DE MATERIAIS,"INSTITUTO FEDERAL DE EDUCAÇÃO, CIÊNCIA E TECNOLOGIA DO PARÁ",IFPA,Prof.,ENGENHARIAS II                                    ,3
32036019004P3,ENGENHARIA QUÍMICA,UNIVERSIDADE DE UBERABA,UNIUBE,Prof.,ENGENHARIAS II                                    ,3
32002017049P6,ENGENHARIA QUIMICA,UNIVERSIDADE FEDERAL DE VIÇOSA,UFV,Aca.,ENGENHARIAS II                                    ,3
41024010002P5,ENGENHARIA METALÚRGICA,CENTRO UNIVERSITÁRIO SATC,UNISATC,Prof.,ENGENHARIAS II                                    ,3
33144010023P0,CIÊNCIA E ENGENHARIA DE MATERIAIS,UNIVERSIDADE FEDERAL DO ABC,UFABC,Aca.,ENGENHARIAS II                                    ,3
32001010174P9,"ENGENHARIA METALÚRGICA, MATERIAIS E DE MINAS",UNIVERSIDADE FEDERAL DE MINAS GERAIS,UFMG,Prof.,ENGENHARIAS II                                    ,3
33004030170P0,ENGENHARIA DE BIOMATERIAIS E BIOPROCESSOS,UNIVERSIDADE ESTADUAL PAULISTA JÚLIO DE MESQUITA FILHO - CAMPUS ARARAQUARA,UNESP-ARARAQUARA,Prof.,ENGENHARIAS II                                    ,4
23001011176P6,ENGENHARIA TÊXTIL,UNIVERSIDADE FEDERAL DO RIO GRANDE DO NORTE,UFRN,Aca.,ENGENHARIAS II                                    ,3
33009015176P5,ENGENHARIA QUÍMICA,UNIVERSIDADE FEDERAL DE SÃO PAULO,UNIFESP,Aca.,ENGENHARIAS II                                    ,3
40006018177P2,ENGENHARIA QUÍMICA,UNIVERSIDADE TECNOLÓGICA FEDERAL DO PARANÁ,UTFPR,Aca.,ENGENHARIAS II                                    ,3
40006018179P5,ENGENHARIA QUÍMICA,UNIVERSIDADE TECNOLÓGICA FEDERAL DO PARANÁ,UTFPR,Aca.,ENGENHARIAS II                                    ,3
41001028001P8,ENGENHARIA TÊXTIL,UNIVERSIDADE FEDERAL DE SANTA CATARINA - CAMPUS BLUMENAU,UFSC-BLUMENAU,Aca.,ENGENHARIAS II                                    ,3
32020015011P0,ENGENHARIA DE MINAS,CENTRO FEDERAL DE EDUCAÇÃO TECNOLÓGICA DE MINAS GERAIS,CEFET-MG,Prof.,ENGENHARIAS II                                    ,3
15001016168P0,CIÊNCIA E ENGENHARIA DE MATERIAIS,UNIVERSIDADE FEDERAL DO PARÁ,UFPA,Aca.,ENGENHARIAS II                                    ,3
12001015009P1,ENGENHARIA DE PRODUÇÃO,UNIVERSIDADE FEDERAL DO AMAZONAS,UFAM,Prof.,ENGENHARIAS III                                   ,2
15001016018P9,ENGENHARIA MECÂNICA,UNIVERSIDADE FEDERAL DO PARÁ,UFPA,Aca.,ENGENHARIAS III                                   ,4
23001011009P2,ENGENHARIA MECÂNICA,UNIVERSIDADE FEDERAL DO RIO GRANDE DO NORTE,UFRN,Aca.,ENGENHARIAS III                                   ,4
23001011021P2,ENGENHARIA DE PRODUÇÃO,UNIVERSIDADE FEDERAL DO RIO GRANDE DO NORTE,UFRN,Aca.,ENGENHARIAS III                                   ,3
24001015010P3,ENGENHARIA MECÂNICA,UNIVERSIDADE FEDERAL DA PARAÍBA - CAMPUS JOÃO PESSOA,UFPB-JOÃO PESSOA,Aca.,ENGENHARIAS III                                   ,4
25001019021P8,ENGENHARIA DE PRODUÇÃO,UNIVERSIDADE FEDERAL DE PERNAMBUCO,UFPE,Aca.,ENGENHARIAS III                                   ,7
25001019050P8,ENGENHARIA MECÂNICA,UNIVERSIDADE FEDERAL DE PERNAMBUCO,UFPE,Aca.,ENGENHARIAS III                                   ,4
28001010045P6,MECATRÔNICA,UNIVERSIDADE FEDERAL DA BAHIA,UFBA,Aca.,ENGENHARIAS III                                   ,4
30001013011P7,ENGENHARIA MECÂNICA,UNIVERSIDADE FEDERAL DO ESPÍRITO SANTO,UFES,Aca.,ENGENHARIAS III                                   ,4
31001017030P4,ENGENHARIA MECÂNICA,UNIVERSIDADE FEDERAL DO RIO DE JANEIRO,UFRJ,Aca.,ENGENHARIAS III                                   ,7
31001017032P7,ENGENHARIA OCEÂNICA,UNIVERSIDADE FEDERAL DO RIO DE JANEIRO,UFRJ,Aca.,ENGENHARIAS III                                   ,5
31001017035P6,ENGENHARIA DE PRODUÇÃO,UNIVERSIDADE FEDERAL DO RIO DE JANEIRO,UFRJ,Aca.,ENGENHARIAS III                                   ,5
31001017102P5,PLANEJAMENTO ENERGÉTICO,UNIVERSIDADE FEDERAL DO RIO DE JANEIRO,UFRJ,Aca.,ENGENHARIAS III                                   ,6
31003010019P7,ENGENHARIA DE PRODUÇÃO,UNIVERSIDADE FEDERAL FLUMINENSE,UFF,Aca.,ENGENHARIAS III                                   ,4
31003010036P9,ENGENHARIA MECÂNICA,UNIVERSIDADE FEDERAL FLUMINENSE,UFF,Aca.,ENGENHARIAS III                                   ,5
31005012012P1,ENGENHARIA MECÂNICA,PONTIFÍCIA UNIVERSIDADE CATÓLICA DO RIO DE JANEIRO,PUC-RIO,Aca.,ENGENHARIAS III                                   ,7
31005012014P4,ENGENHARIA DE PRODUÇÃO,PONTIFÍCIA UNIVERSIDADE CATÓLICA DO RIO DE JANEIRO,PUC-RIO,Aca.,ENGENHARIAS III                                   ,7
31005012028P5,METROLOGIA,PONTIFÍCIA UNIVERSIDADE CATÓLICA DO RIO DE JANEIRO,PUC-RIO,Aca.,ENGENHARIAS III                                   ,5
31022014001P4,Engenharia de Produção e Sistemas,CENTRO FEDERAL DE EDUCAÇÃO TECNOLÓGICA CELSO SUCKOW DA FONSECA,CEFET-RJ,Aca.,ENGENHARIAS III                                   ,4
31033016009P3,ENGENHARIA DE RESERVATÓRIO E DE EXPLORAÇÃO,UNIVERSIDADE ESTADUAL DO NORTE FLUMINENSE DARCY RIBEIRO,UENF,Aca.,ENGENHARIAS III                                   ,4
32001010016P4,ENGENHARIA MECÂNICA,UNIVERSIDADE FEDERAL DE MINAS GERAIS,UFMG,Aca.,ENGENHARIAS III                                   ,5
32001010050P8,ENGENHARIA DE PRODUÇÃO,UNIVERSIDADE FEDERAL DE MINAS GERAIS,UFMG,Aca.,ENGENHARIAS III                                   ,4
32003013002P6,ENGENHARIA MECÂNICA,UNIVERSIDADE FEDERAL DE ITAJUBÁ - UNIFEI,UNIFEI,Aca.,ENGENHARIAS III                                   ,4
32003013003P2,ENGENHARIA DE PRODUÇÃO,UNIVERSIDADE FEDERAL DE ITAJUBÁ - UNIFEI,UNIFEI,Aca.,ENGENHARIAS III                                   ,5
32003013004P9,ENGENHARIA DE ENERGIA,UNIVERSIDADE FEDERAL DE ITAJUBÁ - UNIFEI,UNIFEI,Aca.,ENGENHARIAS III                                   ,4
32006012002P5,ENGENHARIA MECÂNICA,UNIVERSIDADE FEDERAL DE UBERLÂNDIA,UFU,Aca.,ENGENHARIAS III                                   ,7
32008015004P0,ENGENHARIA MECÂNICA,PONTIFÍCIA UNIVERSIDADE CATÓLICA DE MINAS GERAIS,PUC MINAS,Aca.,ENGENHARIAS III                                   ,4
33001014013P8,ENGENHARIA DE PRODUÇÃO,UNIVERSIDADE FEDERAL DE SÃO CARLOS,UFSCAR,Aca.,ENGENHARIAS III                                   ,5
33002010046P0,ENGENHARIA MECÂNICA,UNIVERSIDADE DE SÃO PAULO,USP,Aca.,ENGENHARIAS III                                   ,5
33002010049P9,ENGENHARIA NAVAL E OCEÂNICA,UNIVERSIDADE DE SÃO PAULO,USP,Aca.,ENGENHARIAS III                                   ,5
33002010052P0,ENGENHARIA (ENGENHARIA DE PRODUÇÃO),UNIVERSIDADE DE SÃO PAULO,USP,Aca.,ENGENHARIAS III                                   ,5
33002045011P8,ENGENHARIA MECÂNICA,UNIVERSIDADE DE SÃO PAULO - CAMPUS SÃO CARLOS,USP-SÃO CARLOS,Aca.,ENGENHARIAS III                                   ,7
33002045018P2,ENGENHARIA DE PRODUÇÃO,UNIVERSIDADE DE SÃO PAULO - CAMPUS SÃO CARLOS,USP-SÃO CARLOS,Aca.,ENGENHARIAS III                                   ,5
33003017022P0,ENGENHARIA MECÂNICA,UNIVERSIDADE ESTADUAL DE CAMPINAS,UNICAMP,Aca.,ENGENHARIAS III                                   ,6
33003017076P2,CIÊNCIAS E ENGENHARIA DE PETRÓLEO,UNIVERSIDADE ESTADUAL DE CAMPINAS,UNICAMP,Aca.,ENGENHARIAS III                                   ,5
33004056080P8,ENGENHARIA MECÂNICA,UNIVERSIDADE ESTADUAL PAULISTA JÚLIO DE MESQUITA FILHO - CAMPUS BAURU,UNESP-BAURU,Aca.,ENGENHARIAS III                                   ,4
33004080027P6,ENGENHARIA,UNIVERSIDADE ESTADUAL PAULISTA JÚLIO DE MESQUITA FILHO - CAMPUS GUARATINGUETÁ,UNESP-GUARATINGUETÁ,Aca.,ENGENHARIAS III                                   ,5
33004099082P2,ENGENHARIA MECÂNICA,UNIVERSIDADE ESTADUAL PAULISTA JÚLIO DE MESQUITA FILHO - CAMPUS ILHA SOLTEIRA,UNESP-ILHA SOLTEIRA,Aca.,ENGENHARIAS III                                   ,4
33007012004P7,ENGENHARIA DE PRODUÇÃO,UNIVERSIDADE METODISTA DE PIRACICABA,UNIMEP,Aca.,ENGENHARIAS III                                   ,4
33010013009P6,ENGENHARIA E TECNOLOGIA ESPACIAIS,INSTITUTO NACIONAL DE PESQUISAS ESPACIAIS,INPE,Aca.,ENGENHARIAS III                                   ,2
33011010008P0,ENGENHARIA AERONÂUTICA E MECÂNICA,INSTITUTO TECNOLÓGICO DE AERONÁUTICA,ITA,Aca.,ENGENHARIAS III                                   ,6
33021015006P5,ENGENHARIA MECÂNICA,UNIVERSIDADE DE TAUBATÉ,UNITAU,Prof.,ENGENHARIAS III                                   ,3
33063010003P0,ENGENHARIA DE PRODUÇÃO,UNIVERSIDADE PAULISTA,UNIP,Aca.,ENGENHARIAS III                                   ,4
40001016030P0,MÉTODOS NUMÉRICOS EM ENGENHARIA,UNIVERSIDADE FEDERAL DO PARANÁ,UFPR,Aca.,ENGENHARIAS III                                   ,4
40001016040P5,ENGENHARIA MECÂNICA,UNIVERSIDADE FEDERAL DO PARANÁ,UFPR,Aca.,ENGENHARIAS III                                   ,5
40003019005P8,ENGENHARIA MECÂNICA,PONTIFÍCIA UNIVERSIDADE CATÓLICA DO PARANÁ,PUCPR,Aca.,ENGENHARIAS III                                   ,6
40003019010P1,ENGENHARIA DE PRODUÇÃO E SISTEMAS,PONTIFÍCIA UNIVERSIDADE CATÓLICA DO PARANÁ,PUCPR,Aca.,ENGENHARIAS III                                   ,5
40006018003P4,ENGENHARIA MECÂNICA E DE MATERIAIS,UNIVERSIDADE TECNOLÓGICA FEDERAL DO PARANÁ,UTFPR,Aca.,ENGENHARIAS III                                   ,4
40006018004P0,ENGENHARIA DE PRODUÇÃO,UNIVERSIDADE TECNOLÓGICA FEDERAL DO PARANÁ,UTFPR,Aca.,ENGENHARIAS III                                   ,5
41001010006P8,ENGENHARIA MECÂNICA,UNIVERSIDADE FEDERAL DE SANTA CATARINA,UFSC,Aca.,ENGENHARIAS III                                   ,6
41001010051P3,ENGENHARIA DE PRODUÇÃO,UNIVERSIDADE FEDERAL DE SANTA CATARINA,UFSC,Aca.,ENGENHARIAS III                                   ,6
42001013046P9,ENGENHARIA MECÂNICA,UNIVERSIDADE FEDERAL DO RIO GRANDE DO SUL,UFRGS,Aca.,ENGENHARIAS III                                   ,6
42001013059P3,ENGENHARIA DE PRODUÇÃO,UNIVERSIDADE FEDERAL DO RIO GRANDE DO SUL,UFRGS,Aca.,ENGENHARIAS III                                   ,7
42002010004P4,ENGENHARIA DE PRODUÇÃO,UNIVERSIDADE FEDERAL DE SANTA MARIA,UFSM,Aca.,ENGENHARIAS III                                   ,4
42004012004P3,ENGENHARIA OCEÂNICA,UNIVERSIDADE FEDERAL DO RIO GRANDE,FURG,Aca.,ENGENHARIAS III                                   ,4
53001010052P3,SISTEMAS MECATRÔNICOS,UNIVERSIDADE DE BRASÍLIA,UNB,Aca.,ENGENHARIAS III                                   ,4
53001010053P0,CIÊNCIAS MECÂNICAS,UNIVERSIDADE DE BRASÍLIA,UNB,Aca.,ENGENHARIAS III                                   ,5
42020018004P1,SISTEMAS E PROCESSOS INDUSTRIAIS,UNIVERSIDADE DE SANTA CRUZ DO SUL,UNISC,Aca.,ENGENHARIAS III                                   ,4
33011010012P7,Engenharia Aeronáutica,INSTITUTO TECNOLÓGICO DE AERONÁUTICA,ITA,Prof.,ENGENHARIAS III                                   ,4
42001013089P0,ENGENHARIA DE PRODUÇÃO,UNIVERSIDADE FEDERAL DO RIO GRANDE DO SUL,UFRGS,Prof.,ENGENHARIAS III                                   ,4
31005012032P2,ENGENHARIA DE PRODUÇÃO,PONTIFÍCIA UNIVERSIDADE CATÓLICA DO RIO DE JANEIRO,PUC-RIO,Prof.,ENGENHARIAS III                                   ,4
25001019065P5,ENGENHARIA DE PRODUÇÃO,UNIVERSIDADE FEDERAL DE PERNAMBUCO,UFPE,Prof.,ENGENHARIAS III                                   ,4
31004016044P4,ENGENHARIA MECÂNICA,UNIVERSIDADE DO ESTADO DO RIO DE JANEIRO,UERJ,Aca.,ENGENHARIAS III                                   ,3
42007011015P4,ENGENHARIA DE PRODUÇÃO E SISTEMAS,UNIVERSIDADE DO VALE DO RIO DOS SINOS,UNISINOS,Aca.,ENGENHARIAS III                                   ,4
33004056086P6,ENGENHARIA DE PRODUÇÃO,UNIVERSIDADE ESTADUAL PAULISTA JÚLIO DE MESQUITA FILHO - CAMPUS BAURU,UNESP-BAURU,Aca.,ENGENHARIAS III                                   ,5
23001011041P3,ENERGIA E PETRÓLEO,UNIVERSIDADE FEDERAL DO RIO GRANDE DO NORTE,UFRN,Aca.,ENGENHARIAS III                                   ,3
15001016051P6,ENGENHARIA DE RECURSOS NATURAIS DA AMAZÔNIA,UNIVERSIDADE FEDERAL DO PARÁ,UFPA,Aca.,ENGENHARIAS III                                   ,3
33027013003P4,ENGENHARIA MECÂNICA,CENTRO UNIVERSITÁRIO DA FUNDAÇÃO EDUCACIONAL INACIANA PE SABÓIA DE MEDEIROS,FEI,Aca.,ENGENHARIAS III                                   ,3
31032010003P2,PESQUISA OPERACIONAL E INTELIGÊNCIA COMPUTACIONAL,UNIVERSIDADE CÂNDIDO MENDES,UCAM,Prof.,ENGENHARIAS III                                   ,3
22001018054P5,ENGENHARIA MECÂNICA,UNIVERSIDADE FEDERAL DO CEARÁ,UFC,Aca.,ENGENHARIAS III                                   ,4
28001010062P8,ENGENHARIA INDUSTRIAL,UNIVERSIDADE FEDERAL DA BAHIA,UFBA,Aca.,ENGENHARIAS III                                   ,5
32018010006P5,Engenharia Mecânica,UNIVERSIDADE FEDERAL DE SÃO JOÃO DEL-REI,UFSJ,Aca.,ENGENHARIAS III                                   ,4
28001010071P7,ENGENHARIA INDUSTRIAL,UNIVERSIDADE FEDERAL DA BAHIA,UFBA,Prof.,ENGENHARIAS III                                   ,4
33082014002P7,Engenharia de Produção,UNIVERSIDADE DE ARARAQUARA,UNIARA,Prof.,ENGENHARIAS III                                   ,3
33092010007P4,ENGENHARIA DE PRODUÇÃO,UNIVERSIDADE NOVE DE JULHO,UNINOVE,Aca.,ENGENHARIAS III                                   ,4
31069010001P6,METROLOGIA E QUALIDADE,"INSTITUTO NACIONAL DE METROLOGIA, QUALIDADE E TECNOLOGIA",INMETRO,Prof.,ENGENHARIAS III                                   ,3
52002012015P0,Engenharia Industrial e Inteligência Artificial,PONTIFÍCIA UNIVERSIDADE CATÓLICA DE GOIÁS,PUC GOIÁS,Aca.,ENGENHARIAS III                                   ,3
24009016025P1,Engenharia Mecânica,UNIVERSIDADE FEDERAL DE CAMPINA GRANDE,UFCG,Aca.,ENGENHARIAS III                                   ,3
40001016070P1,Engenharia de Produção,UNIVERSIDADE FEDERAL DO PARANÁ,UFPR,Aca.,ENGENHARIAS III                                   ,3
42007011023P7,Engenharia Mecânica,UNIVERSIDADE DO VALE DO RIO DOS SINOS,UNISINOS,Aca.,ENGENHARIAS III                                   ,4
41002016019P5,Engenharia Mecânica,FUNDAÇÃO UNIVERSIDADE DO ESTADO DE SANTA CATARINA,UDESC,Aca.,ENGENHARIAS III                                   ,4
33001014039P7,Engenharia de Produção,UNIVERSIDADE FEDERAL DE SÃO CARLOS,UFSCAR,Aca.,ENGENHARIAS III                                   ,4
53001010086P5,Integridade de Materiais da Engenharia,UNIVERSIDADE DE BRASÍLIA,UNB,Aca.,ENGENHARIAS III                                   ,3
33087016001P2,Engenharia Mecânica,UNIVERSIDADE SANTA CECÍLIA,UNISANTA,Prof.,ENGENHARIAS III                                   ,4
42009014008P0,Projeto e Processos de Fabricação,UNIVERSIDADE DE PASSO FUNDO,UPF,Prof.,ENGENHARIAS III                                   ,3
33144010011P2,Engenharia Mecânica,UNIVERSIDADE FEDERAL DO ABC,UFABC,Aca.,ENGENHARIAS III                                   ,3
42008018013P8,Engenharia Mecânica,UNIVERSIDADE DE CAXIAS DO SUL,UCS,Prof.,ENGENHARIAS III                                   ,2
15001016072P3,ENGENHARIA INDUSTRIAL,UNIVERSIDADE FEDERAL DO PARÁ,UFPA,Prof.,ENGENHARIAS III                                   ,3
33011010013P3,Ciências e Tecnologias Espaciais,INSTITUTO TECNOLÓGICO DE AERONÁUTICA,ITA,Aca.,ENGENHARIAS III                                   ,4
31003010086P6,Engenharia de Produção e Sistemas Computacionais,UNIVERSIDADE FEDERAL FLUMINENSE,UFF,Prof.,ENGENHARIAS III                                   ,3
31003010087P2,Montagem Industrial,UNIVERSIDADE FEDERAL FLUMINENSE,UFF,Prof.,ENGENHARIAS III                                   ,4
15001016075P2,ENGENHARIA DE PROCESSOS,UNIVERSIDADE FEDERAL DO PARÁ,UFPA,Prof.,ENGENHARIAS III                                   ,3
40006018024P1,Engenharia Mecânica,UNIVERSIDADE TECNOLÓGICA FEDERAL DO PARANÁ,UTFPR,Aca.,ENGENHARIAS III                                   ,3
42004012024P4,Engenharia Mecânica,UNIVERSIDADE FEDERAL DO RIO GRANDE,FURG,Aca.,ENGENHARIAS III                                   ,3
40004015038P0,Engenharia Mecânica,UNIVERSIDADE ESTADUAL DE MARINGÁ,UEM,Aca.,ENGENHARIAS III                                   ,3
25001019090P0,Engenharia de Produção - Centro Acadêmico do Agreste,UNIVERSIDADE FEDERAL DE PERNAMBUCO,UFPE,Aca.,ENGENHARIAS III                                   ,3
33126011002P9,Gestão e Tecnologia em Sistemas Produtivos,CENTRO ESTADUAL DE EDUCAÇÃO TECNOLÓGICA PAULA SOUZA,CEETEPS,Prof.,ENGENHARIAS III                                   ,4
33003025003P0,Engenharia de Produção e de Manufatura,UNIVERSIDADE ESTADUAL DE CAMPINAS - CAMPUS LIMEIRA,UNICAMP-LIMEIRA,Aca.,ENGENHARIAS III                                   ,4
33084017003P6,Engenharia Mecânica,"INSTITUTO FEDERAL DE EDUCAÇÃO, CIÊNCIA E TECNOLOGIA DE SÃO PAULO",IFSP,Aca.,ENGENHARIAS III                                   ,3
33004080052P0,Engenharia de Produção,UNIVERSIDADE ESTADUAL PAULISTA JÚLIO DE MESQUITA FILHO - CAMPUS GUARATINGUETÁ,UNESP-GUARATINGUETÁ,Prof.,ENGENHARIAS III                                   ,3
23001011074P9,Engenharia Mecatrônica,UNIVERSIDADE FEDERAL DO RIO GRANDE DO NORTE,UFRN,Aca.,ENGENHARIAS III                                   ,3
40006018031P8,Engenharia de Produção e Sistemas (PPGEPS),UNIVERSIDADE TECNOLÓGICA FEDERAL DO PARANÁ,UTFPR,Aca.,ENGENHARIAS III                                   ,3
24001015072P9,Energias Renováveis,UNIVERSIDADE FEDERAL DA PARAÍBA - CAMPUS JOÃO PESSOA,UFPB-JOÃO PESSOA,Aca.,ENGENHARIAS III                                   ,4
15001016085P8,ENGENHARIA NAVAL,UNIVERSIDADE FEDERAL DO PARÁ,UFPA,Aca.,ENGENHARIAS III                                   ,2
41001010090P9,Engenharia e Ciências Mecânicas,UNIVERSIDADE FEDERAL DE SANTA CATARINA,UFSC,Aca.,ENGENHARIAS III                                   ,3
31003010098P4,ENGENHARIA DE PRODUÇÃO,UNIVERSIDADE FEDERAL FLUMINENSE,UFF,Prof.,ENGENHARIAS III                                   ,3
32003013040P5,ENGENHARIA DE PRODUÇÃO,UNIVERSIDADE FEDERAL DE ITAJUBÁ - UNIFEI,UNIFEI,Prof.,ENGENHARIAS III                                   ,1
33009015094P9,PESQUISA OPERACIONAL,INSTITUTO TECNOLÓGICO DE AERONÁUTICA,ITA,Aca.,ENGENHARIAS III                                   ,4
41001010159P9,ENERGIA E SUSTENTABILIDADE,UNIVERSIDADE FEDERAL DE SANTA CATARINA,UFSC,Aca.,ENGENHARIAS III                                   ,4
42008018035P1,ENGENHARIA DE PRODUÇÃO,UNIVERSIDADE DE CAXIAS DO SUL,UCS,Prof.,ENGENHARIAS III                                   ,3
33144010174P9,ENGENHARIA DE PRODUÇÃO,UNIVERSIDADE FEDERAL DO ABC,UFABC,Aca.,ENGENHARIAS III                                   ,3
40004015077P5,ENGENHARIA DE PRODUÇÃO,UNIVERSIDADE ESTADUAL DE MARINGÁ,UEM,Aca.,ENGENHARIAS III                                   ,3
33001014073P0,ENGENHARIA MECÂNICA,UNIVERSIDADE FEDERAL DE SÃO CARLOS,UFSCAR,Aca.,ENGENHARIAS III                                   ,3
21015007001P8,ENGENHARIA MECÂNICA,"INSTITUTO FEDERAL DE EDUCAÇÃO, CIÊNCIA E TECNOLOGIA DO MARANHÃO",IFMA,Aca.,ENGENHARIAS III                                   ,3
32007019053P5,Engenharia de Produção,UNIVERSIDADE FEDERAL DE OURO PRETO,UFOP,Aca.,ENGENHARIAS III                                   ,3
40001016171P2,ENGENHARIA DE MANUFATURA,UNIVERSIDADE FEDERAL DO PARANÁ,UFPR,Prof.,ENGENHARIAS III                                   ,3
52001016109P9,ENGENHARIA DE PRODUÇÃO,UNIVERSIDADE FEDERAL DE GOIÁS,UFG,Prof.,ENGENHARIAS III                                   ,3
32020015010P3,ENGENHARIA MECÂNICA,CENTRO FEDERAL DE EDUCAÇÃO TECNOLÓGICA DE MINAS GERAIS,CEFET-MG,Aca.,ENGENHARIAS III                                   ,3
32007019054P1,ENGENHARIA MECÂNICA,UNIVERSIDADE FEDERAL DE OURO PRETO,UFOP,Aca.,ENGENHARIAS III                                   ,3
23001011181P0,ENGENHARIA AEROESPACIAL,UNIVERSIDADE FEDERAL DO MARANHÃO,UFMA,Aca.,ENGENHARIAS III                                   ,3
42002010165P8,ENGENHARIA MECÂNICA,UNIVERSIDADE FEDERAL DE SANTA MARIA,UFSM,Aca.,ENGENHARIAS III                                   ,3
24001015084P7,ENGENHARIA DE PRODUÇÃO E SISTEMAS,UNIVERSIDADE FEDERAL DA PARAÍBA - CAMPUS JOÃO PESSOA,UFPB-JOÃO PESSOA,Aca.,ENGENHARIAS III                                   ,3
52059006004P7,ENGENHARIA DE PRODUÇÃO,UNIVERSIDADE FEDERAL DE CATALÃO,UFCAT,Aca.,ENGENHARIAS III                                   ,3
15001016004P8,ENGENHARIA ELÉTRICA,UNIVERSIDADE FEDERAL DO PARÁ,UFPA,Aca.,ENGENHARIAS IV                                    ,5
20001010005P9,Engenharia Elétrica,UNIVERSIDADE FEDERAL DO MARANHÃO,UFMA,Aca.,ENGENHARIAS IV                                    ,4
22001018032P1,ENGENHARIA ELÉTRICA,UNIVERSIDADE FEDERAL DO CEARÁ,UFC,Aca.,ENGENHARIAS IV                                    ,4
23001011008P6,ENGENHARIA ELÉTRICA E DE COMPUTAÇÃO,UNIVERSIDADE FEDERAL DO RIO GRANDE DO NORTE,UFRN,Aca.,ENGENHARIAS IV                                    ,5
24009016003P8,ENGENHARIA ELÉTRICA,UNIVERSIDADE FEDERAL DE CAMPINA GRANDE,UFCG,Aca.,ENGENHARIAS IV                                    ,6
25001019019P3,ENGENHARIA ELÉTRICA,UNIVERSIDADE FEDERAL DE PERNAMBUCO,UFPE,Aca.,ENGENHARIAS IV                                    ,5
28001010037P3,Engenharias Elétricas e de Computação,UNIVERSIDADE FEDERAL DA BAHIA,UFBA,Aca.,ENGENHARIAS IV                                    ,4
30001013004P0,ENGENHARIA ELÉTRICA,UNIVERSIDADE FEDERAL DO ESPÍRITO SANTO,UFES,Aca.,ENGENHARIAS IV                                    ,5
31001017027P3,ENGENHARIA BIOMÉDICA,UNIVERSIDADE FEDERAL DO RIO DE JANEIRO,UFRJ,Aca.,ENGENHARIAS IV                                    ,6
31001017029P6,ENGENHARIA ELÉTRICA,UNIVERSIDADE FEDERAL DO RIO DE JANEIRO,UFRJ,Aca.,ENGENHARIAS IV                                    ,6
31003010054P7,Engenharia Elétrica e  de Telecomunicações,UNIVERSIDADE FEDERAL FLUMINENSE,UFF,Aca.,ENGENHARIAS IV                                    ,4
31005012011P5,ENGENHARIA ELÉTRICA,PONTIFÍCIA UNIVERSIDADE CATÓLICA DO RIO DE JANEIRO,PUC-RIO,Aca.,ENGENHARIAS IV                                    ,6
31007015004P1,ENGENHARIA ELÉTRICA,INSTITUTO MILITAR DE ENGENHARIA,IME,Aca.,ENGENHARIAS IV                                    ,4
32001010015P8,ENGENHARIA ELÉTRICA,UNIVERSIDADE FEDERAL DE MINAS GERAIS,UFMG,Aca.,ENGENHARIAS IV                                    ,6
32003013001P0,ENGENHARIA ELÉTRICA,UNIVERSIDADE FEDERAL DE ITAJUBÁ - UNIFEI,UNIFEI,Aca.,ENGENHARIAS IV                                    ,5
32005016005P8,ENGENHARIA ELÉTRICA,UNIVERSIDADE FEDERAL DE JUIZ DE FORA,UFJF,Aca.,ENGENHARIAS IV                                    ,5
32006012001P9,ENGENHARIA ELÉTRICA,UNIVERSIDADE FEDERAL DE UBERLÂNDIA,UFU,Aca.,ENGENHARIAS IV                                    ,4
32008015002P8,ENGENHARIA ELÉTRICA,PONTIFÍCIA UNIVERSIDADE CATÓLICA DE MINAS GERAIS,PUC MINAS,Aca.,ENGENHARIAS IV                                    ,3
32057016001P4,ENGENHARIA ELÉTRICA,INSTITUTO NACIONAL DE TELECOMUNICAÇÕES,INATEL,Aca.,ENGENHARIAS IV                                    ,4
33002010045P3,ENGENHARIA ELÉTRICA,UNIVERSIDADE DE SÃO PAULO,USP,Aca.,ENGENHARIAS IV                                    ,6
33002045006P4,BIOENGENHARIA,UNIVERSIDADE DE SÃO PAULO - CAMPUS SÃO CARLOS,USP-SÃO CARLOS,Aca.,ENGENHARIAS IV                                    ,4
33002045010P1,ENGENHARIA ELÉTRICA,UNIVERSIDADE DE SÃO PAULO - CAMPUS SÃO CARLOS,USP-SÃO CARLOS,Aca.,ENGENHARIAS IV                                    ,7
33003017021P3,ENGENHARIA ELÉTRICA,UNIVERSIDADE ESTADUAL DE CAMPINAS,UNICAMP,Aca.,ENGENHARIAS IV                                    ,7
33004099080P0,ENGENHARIA ELÉTRICA,UNIVERSIDADE ESTADUAL PAULISTA JÚLIO DE MESQUITA FILHO - CAMPUS ILHA SOLTEIRA,UNESP-ILHA SOLTEIRA,Aca.,ENGENHARIAS IV                                    ,5
33008019006P6,ENGENHARIA BIOMÉDICA,UNIVERSIDADE DE MOGI DAS CRUZES,UMC,Aca.,ENGENHARIAS IV                                    ,3
33011010005P0,ENGENHARIA ELETRÔNICA E COMPUTAÇÃO,INSTITUTO TECNOLÓGICO DE AERONÁUTICA,ITA,Aca.,ENGENHARIAS IV                                    ,4
33024014017P6,Engenharia Elétrica e Computação,UNIVERSIDADE PRESBITERIANA MACKENZIE,MACKENZIE,Aca.,ENGENHARIAS IV                                    ,4
33051011002P5,ENGENHARIA BIOMÉDICA,UNIVERSIDADE DO VALE DO PARAÍBA,UNIVAP,Aca.,ENGENHARIAS IV                                    ,4
40001016043P4,ENGENHARIA ELÉTRICA,UNIVERSIDADE FEDERAL DO PARANÁ,UFPR,Aca.,ENGENHARIAS IV                                    ,4
40002012024P6,ENGENHARIA ELETRICA,UNIVERSIDADE ESTADUAL DE LONDRINA,UEL,Aca.,ENGENHARIAS IV                                    ,4
40006018001P1,ENGENHARIA ELÉTRICA E INFORMÁTICA INDUSTRIAL,UNIVERSIDADE TECNOLÓGICA FEDERAL DO PARANÁ,UTFPR,Aca.,ENGENHARIAS IV                                    ,6
41001010005P1,ENGENHARIA ELÉTRICA,UNIVERSIDADE FEDERAL DE SANTA CATARINA,UFSC,Aca.,ENGENHARIAS IV                                    ,7
42001013066P0,ENGENHARIA ELÉTRICA,UNIVERSIDADE FEDERAL DO RIO GRANDE DO SUL,UFRGS,Aca.,ENGENHARIAS IV                                    ,7
42001013078P8,MICROELETRÔNICA,UNIVERSIDADE FEDERAL DO RIO GRANDE DO SUL,UFRGS,Aca.,ENGENHARIAS IV                                    ,5
42002010003P8,ENGENHARIA ELÉTRICA,UNIVERSIDADE FEDERAL DE SANTA MARIA,UFSM,Aca.,ENGENHARIAS IV                                    ,7
52001016018P3,ENGENHARIA ELÉTRICA E DE COMPUTAÇÃO,UNIVERSIDADE FEDERAL DE GOIÁS,UFG,Aca.,ENGENHARIAS IV                                    ,4
33027013002P8,ENGENHARIA ELÉTRICA,CENTRO UNIVERSITÁRIO DA FUNDAÇÃO EDUCACIONAL INACIANA PE SABÓIA DE MEDEIROS,FEI,Aca.,ENGENHARIAS IV                                    ,4
22001018048P5,ENGENHARIA DE TELEINFORMÁTICA,UNIVERSIDADE FEDERAL DO CEARÁ,UFC,Aca.,ENGENHARIAS IV                                    ,6
33006016011P7,GESTÃO DE REDES DE TELECOMUNICAÇÕES,PONTIFÍCIA UNIVERSIDADE CATÓLICA DE CAMPINAS,PUC-CAMPINAS,Prof.,ENGENHARIAS IV                                    ,3
53001010059P8,ENGENHARIA ELÉTRICA,UNIVERSIDADE DE BRASÍLIA,UNB,Prof.,ENGENHARIAS IV                                    ,3
12001015021P1,ENGENHARIA ELÉTRICA,UNIVERSIDADE FEDERAL DO AMAZONAS,UFAM,Aca.,ENGENHARIAS IV                                    ,4
31004016043P8,ENGENHARIA ELETRÔNICA,UNIVERSIDADE DO ESTADO DO RIO DE JANEIRO,UERJ,Aca.,ENGENHARIAS IV                                    ,4
41002016012P0,ENGENHARIA ELÉTRICA,FUNDAÇÃO UNIVERSIDADE DO ESTADO DE SANTA CATARINA,UDESC,Prof.,ENGENHARIAS IV                                    ,4
32004010020P4,Engenharia de Sistemas e Automação,UNIVERSIDADE FEDERAL DE LAVRAS,UFLA,Aca.,ENGENHARIAS IV                                    ,4
41001010065P4,ENGENHARIA DE AUTOMAÇÃO E SISTEMAS,UNIVERSIDADE FEDERAL DE SANTA CATARINA,UFSC,Aca.,ENGENHARIAS IV                                    ,6
33004056087P2,ENGENHARIA ELÉTRICA,UNIVERSIDADE ESTADUAL PAULISTA JÚLIO DE MESQUITA FILHO - CAMPUS BAURU,UNESP-BAURU,Aca.,ENGENHARIAS IV                                    ,4
33144010004P6,ENGENHARIA DA INFORMAÇÃO,UNIVERSIDADE FEDERAL DO ABC,UFABC,Aca.,ENGENHARIAS IV                                    ,4
31022014004P3,Engenharia Elétrica,CENTRO FEDERAL DE EDUCAÇÃO TECNOLÓGICA CELSO SUCKOW DA FONSECA,CEFET-RJ,Aca.,ENGENHARIAS IV                                    ,3
40006018009P2,Engenharia Elétrica e de Computação,UNIVERSIDADE TECNOLÓGICA FEDERAL DO PARANÁ,UTFPR,Aca.,ENGENHARIAS IV                                    ,3
32018010007P1,ENGENHARIA ELÉTRICA (UFSJ - CEFET-MG),UNIVERSIDADE FEDERAL DE SÃO JOÃO DEL-REI,UFSJ,Aca.,ENGENHARIAS IV                                    ,4
41002016018P9,Engenharia Elétrica,FUNDAÇÃO UNIVERSIDADE DO ESTADO DE SANTA CATARINA,UDESC,Aca.,ENGENHARIAS IV                                    ,4
53001010080P7,ENGENHARIA ELÉTRICA,UNIVERSIDADE DE BRASÍLIA,UNB,Aca.,ENGENHARIAS IV                                    ,5
53001010081P3,ENGENHARIA DE SISTEMAS ELETRÔNICOS E DE AUTOMAÇÃO,UNIVERSIDADE DE BRASÍLIA,UNB,Aca.,ENGENHARIAS IV                                    ,3
33056013013P9,BIOENGENHARIA,UNIVERSIDADE BRASIL,UB,Prof.,ENGENHARIAS IV                                    ,4
40015017016P4,Engenharia Elétrica e Computação,UNIVERSIDADE ESTADUAL DO OESTE DO PARANÁ,UNIOESTE,Aca.,ENGENHARIAS IV                                    ,3
33056013015P1,Engenharia Biomédica,UNIVERSIDADE BRASIL,UB,Aca.,ENGENHARIAS IV                                    ,4
25004018018P6,Engenharia de Sistemas,UNIVERSIDADE DE PERNAMBUCO,UPE,Aca.,ENGENHARIAS IV                                    ,4
27001016027P1,Engenharia Elétrica,UNIVERSIDADE FEDERAL DE SERGIPE,UFS,Aca.,ENGENHARIAS IV                                    ,3
40006018012P3,Engenharia Elétrica - Cornélio Procópio,UNIVERSIDADE TECNOLÓGICA FEDERAL DO PARANÁ,UTFPR,Aca.,ENGENHARIAS IV                                    ,4
53001010083P6,ENGENHARIA BIOMÉDICA,UNIVERSIDADE DE BRASÍLIA,UNB,Aca.,ENGENHARIAS IV                                    ,3
24001015062P3,Engenharia Elétrica,UNIVERSIDADE FEDERAL DA PARAÍBA - CAMPUS JOÃO PESSOA,UFPB-JOÃO PESSOA,Aca.,ENGENHARIAS IV                                    ,3
23003014017P8,Engenharia Elétrica,UNIVERSIDADE FEDERAL RURAL DO SEMI-ÁRIDO,UFERSA,Aca.,ENGENHARIAS IV                                    ,3
33144010014P1,Engenharia Elétrica,UNIVERSIDADE FEDERAL DO ABC,UFABC,Aca.,ENGENHARIAS IV                                    ,4
24009016027P4,Engenharia Elétrica,UNIVERSIDADE FEDERAL DE CAMPINA GRANDE,UFCG,Prof.,ENGENHARIAS IV                                    ,1
40006018022P9,Engenharia Elétrica,UNIVERSIDADE TECNOLÓGICA FEDERAL DO PARANÁ,UTFPR,Aca.,ENGENHARIAS IV                                    ,4
24007013001P2,Engenharia Elétrica,"INSTITUTO FEDERAL DE EDUCAÇÃO, CIÊNCIA E TECNOLOGIA DA PARAÍBA",IFPB,Aca.,ENGENHARIAS IV                                    ,3
33144010015P8,Engenharia Biomédica,UNIVERSIDADE FEDERAL DO ABC,UFABC,Aca.,ENGENHARIAS IV                                    ,4
25001019088P5,Engenharia Biomédica,UNIVERSIDADE FEDERAL DE PERNAMBUCO,UFPE,Aca.,ENGENHARIAS IV                                    ,3
32006012034P4,ENGENHARIA BIOMÉDICA,UNIVERSIDADE FEDERAL DE UBERLÂNDIA,UFU,Aca.,ENGENHARIAS IV                                    ,4
23001011068P9,Energia Elétrica,UNIVERSIDADE FEDERAL DO RIO GRANDE DO NORTE,UFRN,Prof.,ENGENHARIAS IV                                    ,3
42007011031P0,Engenharia Elétrica,UNIVERSIDADE DO VALE DO RIO DOS SINOS,UNISINOS,Prof.,ENGENHARIAS IV                                    ,3
22008012003P6,ENGENHARIA DE TELECOMUNICAÇÕES,"INSTITUTO FEDERAL DE EDUCAÇÃO, CIÊNCIA E TECNOLOGIA DO CEARÁ",IFCE,Aca.,ENGENHARIAS IV                                    ,3
22001018081P2,Engenharia Elétrica e de Computação,UNIVERSIDADE FEDERAL DO CEARÁ,UFC,Aca.,ENGENHARIAS IV                                    ,3
33280010001P2,Neuroengenharia,INSTITUTO DE ENSINO E PESQUISA ALBERTO SANTOS DUMONT,ISD,Aca.,ENGENHARIAS IV                                    ,3
31022014007P2,Instrumentação e Óptica Aplicada,CENTRO FEDERAL DE EDUCAÇÃO TECNOLÓGICA CELSO SUCKOW DA FONSECA,CEFET-RJ,Aca.,ENGENHARIAS IV                                    ,4
42006015009P8,Engenharia Eletrônica e Computação,UNIVERSIDADE CATÓLICA DE PELOTAS,UCPEL,Aca.,ENGENHARIAS IV                                    ,3
30004012070P2,ENGENHARIA DE CONTROLE E AUTOMAÇÃO,"INSTITUTO FEDERAL DE EDUCAÇÃO, CIÊNCIA E TECNOLOGIA DO ESPÍRITO SANTO",IFES,Prof.,ENGENHARIAS IV                                    ,3
40006018038P2,SISTEMAS DE ENERGIA,UNIVERSIDADE TECNOLÓGICA FEDERAL DO PARANÁ,UTFPR,Prof.,ENGENHARIAS IV                                    ,4
32007019051P2,"INSTRUMENTAÇÃO, CONTROLE E AUTOMAÇÃO DE PROCESSOS DE MINERAÇÃO",UNIVERSIDADE FEDERAL DE OURO PRETO,UFOP,Prof.,ENGENHARIAS IV                                    ,3
33009015172P0,ENGENHARIA BIOMÉDICA,UNIVERSIDADE FEDERAL DE SÃO PAULO,UNIFESP,Aca.,ENGENHARIAS IV                                    ,3
21001014078P9,ENGENHARIA ELÉTRICA,UNIVERSIDADE FEDERAL DO PIAUÍ,UFPI,Aca.,ENGENHARIAS IV                                    ,3
40002012171P9,ENGENHARIA ELETRICA,UNIVERSIDADE ESTADUAL DE LONDRINA,UEL,Aca.,ENGENHARIAS IV                                    ,4
41011015075P8,SISTEMAS DE ENERGIA ELÉTRICA,"INSTITUTO FEDERAL DE EDUCAÇÃO, CIÊNCIA E TECNOLOGIA DE SANTA CATARINA",IFSC,Prof.,ENGENHARIAS IV                                    ,3
51001012175P9,ENGENHARIA ELÉTRICA,UNIVERSIDADE FEDERAL DE MATO GROSSO DO SUL,UFMS,Aca.,ENGENHARIAS IV                                    ,3
41006011013P2,ENGENHARIA ELÉTRICA,UNIVERSIDADE REGIONAL DE BLUMENAU,FURB,Prof.,ENGENHARIAS IV                                    ,3
33106010005P4,ENGENHARIA BIOMÉDICA,UNIVERSIDADE ANHEMBI MORUMBI,UAM,Aca.,ENGENHARIAS IV                                    ,4
33004170002P2,ENGENHARIA ELÉTRICA,UNIVERSIDADE ESTADUAL PAULISTA JÚLIO DE MESQUITA FILHO - CAMPUS SOROCABA,UNESP-SOROCABA,Aca.,ENGENHARIAS IV                                    ,3
41001010162P0,ENGENHARIA DE SISTEMAS ELETRÔNICOS,UNIVERSIDADE FEDERAL DE SANTA CATARINA,UFSC,Aca.,ENGENHARIAS IV                                    ,3
33001014072P4,ENGENHARIA ELÉTRICA,UNIVERSIDADE FEDERAL DE SÃO CARLOS,UFSCAR,Aca.,ENGENHARIAS IV                                    ,3
42046017018P4,ENGENHARIA ELÉTRICA,UNIVERSIDADE FEDERAL DO PAMPA,UNIPAMPA,Aca.,ENGENHARIAS IV                                    ,3
20001010009P4,CIÊNCIAS DA SAÚDE,UNIVERSIDADE FEDERAL DO MARANHÃO,UFMA,Aca.,MEDICINA I                                        ,5
27001016009P3,CIÊNCIAS DA SAUDE,UNIVERSIDADE FEDERAL DE SERGIPE,UFS,Aca.,MEDICINA I                                        ,6
28001010012P0,MEDICINA E SAÚDE,UNIVERSIDADE FEDERAL DA BAHIA,UFBA,Aca.,MEDICINA I                                        ,5
28008014002P6,MEDICINA E SAÚDE HUMANA,ESCOLA BAHIANA DE MEDICINA E SAÚDE PÚBLICA,EBMSP,Aca.,MEDICINA I                                        ,4
31001017041P6,MEDICINA (CARDIOLOGIA),UNIVERSIDADE FEDERAL DO RIO DE JANEIRO,UFRJ,Aca.,MEDICINA I                                        ,5
31001017044P5,MEDICINA (ENDOCRINOLOGIA),UNIVERSIDADE FEDERAL DO RIO DE JANEIRO,UFRJ,Aca.,MEDICINA I                                        ,5
31001017048P0,CLÍNICA MÉDICA,UNIVERSIDADE FEDERAL DO RIO DE JANEIRO,UFRJ,Aca.,MEDICINA I                                        ,7
31003010021P1,CIÊNCIAS CARDIOVASCULARES,UNIVERSIDADE FEDERAL FLUMINENSE,UFF,Aca.,MEDICINA I                                        ,5
31003010048P7,CIÊNCIAS MÉDICAS,UNIVERSIDADE FEDERAL FLUMINENSE,UFF,Aca.,MEDICINA I                                        ,5
31004016029P5,FISIOPATOLOGIA CLÍNICA E EXPERIMENTAL,UNIVERSIDADE DO ESTADO DO RIO DE JANEIRO,UERJ,Aca.,MEDICINA I                                        ,5
31004016036P1,CIÊNCIAS MÉDICAS,UNIVERSIDADE DO ESTADO DO RIO DE JANEIRO,UERJ,Aca.,MEDICINA I                                        ,5
31010016008P4,PESQUISA CLINICA EM DOENÇAS INFECCIOSAS,FUNDAÇÃO OSWALDO CRUZ,FIOCRUZ,Aca.,MEDICINA I                                        ,6
32001010065P5,Ciências Aplicadas à Saúde do Adulto,UNIVERSIDADE FEDERAL DE MINAS GERAIS,UFMG,Aca.,MEDICINA I                                        ,5
32006012008P3,CIÊNCIAS DA SAÚDE,UNIVERSIDADE FEDERAL DE UBERLÂNDIA,UFU,Aca.,MEDICINA I                                        ,6
33002010060P2,MEDICINA (DERMATOLOGIA),UNIVERSIDADE DE SÃO PAULO,USP,Aca.,MEDICINA I                                        ,5
33002010062P5,ENDOCRINOLOGIA,UNIVERSIDADE DE SÃO PAULO,USP,Aca.,MEDICINA I                                        ,5
33002010117P4,NEFROLOGIA,UNIVERSIDADE DE SÃO PAULO,USP,Aca.,MEDICINA I                                        ,6
33002010118P0,Ciências da Respiração,UNIVERSIDADE DE SÃO PAULO,USP,Aca.,MEDICINA I                                        ,6
33002010125P7,CARDIOLOGIA,UNIVERSIDADE DE SÃO PAULO,USP,Aca.,MEDICINA I                                        ,7
33002010154P7,ONCOLOGIA,UNIVERSIDADE DE SÃO PAULO,USP,Aca.,MEDICINA I                                        ,5
33002010171P9,CIÊNCIAS MÉDICAS,UNIVERSIDADE DE SÃO PAULO,USP,Aca.,MEDICINA I                                        ,5
33002029010P0,MEDICINA (CLÍNICA MÉDICA),UNIVERSIDADE DE SÃO PAULO - CAMPUS RIBEIRÃO PRETO,USP-RIBEIRÃO PRETO,Aca.,MEDICINA I                                        ,7
33003017023P6,CIÊNCIAS MÉDICAS,UNIVERSIDADE ESTADUAL DE CAMPINAS,UNICAMP,Aca.,MEDICINA I                                        ,5
33003017065P0,CLÍNICA MÉDICA,UNIVERSIDADE ESTADUAL DE CAMPINAS,UNICAMP,Aca.,MEDICINA I                                        ,5
33003017078P5,FISIOPATOLOGIA MÉDICA,UNIVERSIDADE ESTADUAL DE CAMPINAS,UNICAMP,Aca.,MEDICINA I                                        ,7
33004064020P0,FISIOPATOLOGIA EM CLÍNICA MÉDICA,UNIVERSIDADE ESTADUAL PAULISTA JÚLIO DE MESQUITA FILHO - CAMPUS BOTUCATU,UNESP-BOTUCATU,Aca.,MEDICINA I                                        ,6
33009015007P9,MEDICINA (CARDIOLOGIA),UNIVERSIDADE FEDERAL DE SÃO PAULO,UNIFESP,Aca.,MEDICINA I                                        ,4
33009015011P6,Medicina (Endocrinologia e Metabologia),UNIVERSIDADE FEDERAL DE SÃO PAULO,UNIFESP,Aca.,MEDICINA I                                        ,5
33009015012P2,GASTROENTEROLOGIA,UNIVERSIDADE FEDERAL DE SÃO PAULO,UNIFESP,Aca.,MEDICINA I                                        ,3
33009015016P8,MEDICINA (NEFROLOGIA),UNIVERSIDADE FEDERAL DE SÃO PAULO,UNIFESP,Aca.,MEDICINA I                                        ,6
33009015020P5,MEDICINA (PNEUMOLOGIA),UNIVERSIDADE FEDERAL DE SÃO PAULO,UNIFESP,Aca.,MEDICINA I                                        ,5
33009015045P8,Saúde Baseada em Evidências,UNIVERSIDADE FEDERAL DE SÃO PAULO,UNIFESP,Aca.,MEDICINA I                                        ,5
33019010010P1,CIÊNCIAS DA SAÚDE,FACULDADE DE CIÊNCIAS MÉDICAS DA SANTA CASA DE SÃO PAULO,FCMSCSP,Aca.,MEDICINA I                                        ,4
33031010001P5,CIÊNCIAS DA SAÚDE,FACULDADE DE MEDICINA DE SÃO JOSÉ DO RIO PRETO,FAMERP,Aca.,MEDICINA I                                        ,5
33073015001P5,ONCOLOGIA,A.C.CAMARGO CANCER CENTER,A.C.CAMARGO,Aca.,MEDICINA I                                        ,6
33112010001P5,CIÊNCIAS DA SAÚDE,CENTRO UNIVERSITÁRIO FMABC,FMABC,Aca.,MEDICINA I                                        ,4
40001016012P1,Medicina Interna e Ciências da Saúde,UNIVERSIDADE FEDERAL DO PARANÁ,UFPR,Aca.,MEDICINA I                                        ,5
40003019013P0,CIENCIAS DA SAUDE,PONTIFÍCIA UNIVERSIDADE CATÓLICA DO PARANÁ,PUCPR,Aca.,MEDICINA I                                        ,5
42001013017P9,CIÊNCIAS DA SAÚDE: CARDIOLOGIA E CIÊNCIAS CARDIOVASCULARES,UNIVERSIDADE FEDERAL DO RIO GRANDE DO SUL,UFRGS,Aca.,MEDICINA I                                        ,6
42001013018P5,CIÊNCIAS EM GASTROENTEROLOGIA E HEPATOLOGIA,UNIVERSIDADE FEDERAL DO RIO GRANDE DO SUL,UFRGS,Aca.,MEDICINA I                                        ,4
42001013020P0,CIÊNCIAS PNEUMOLÓGICAS,UNIVERSIDADE FEDERAL DO RIO GRANDE DO SUL,UFRGS,Aca.,MEDICINA I                                        ,5
42001013039P2,MEDICINA: CIÊNCIAS MÉDICAS,UNIVERSIDADE FEDERAL DO RIO GRANDE DO SUL,UFRGS,Aca.,MEDICINA I                                        ,6
42001013060P1,CIÊNCIAS MÉDICAS: ENDOCRINOLOGIA,UNIVERSIDADE FEDERAL DO RIO GRANDE DO SUL,UFRGS,Aca.,MEDICINA I                                        ,6
42005019014P5,MEDICINA E CIÊNCIAS DA SAÚDE.,PONTIFÍCIA UNIVERSIDADE CATÓLICA DO RIO GRANDE DO SUL,PUCRS,Aca.,MEDICINA I                                        ,6
42006015004P6,SAÚDE E COMPORTAMENTO,UNIVERSIDADE CATÓLICA DE PELOTAS,UCPEL,Aca.,MEDICINA I                                        ,5
42015014004P1,MEDICINA (HEPATOLOGIA),UNIVERSIDADE FEDERAL DE CIÊNCIAS DA SAÚDE DE PORTO ALEGRE,UFCSPA,Aca.,MEDICINA I                                        ,3
42015014006P4,CIÊNCIAS DA SAÚDE,UNIVERSIDADE FEDERAL DE CIÊNCIAS DA SAÚDE DE PORTO ALEGRE,UFCSPA,Aca.,MEDICINA I                                        ,5
42018013002P8,CIÊNCIAS DA SAÚDE (CARDIOLOGIA),INSTITUTO DE CARDIOLOGIA DO RIO GRANDE DO SUL,IC,Aca.,MEDICINA I                                        ,5
50001019009P9,CIÊNCIAS DA SAÚDE,UNIVERSIDADE FEDERAL DE MATO GROSSO,UFMT,Aca.,MEDICINA I                                        ,5
53001010051P7,CIENCIAS MEDICAS,UNIVERSIDADE DE BRASÍLIA,UNB,Aca.,MEDICINA I                                        ,5
22001018047P9,CIÊNCIAS MÉDICAS,UNIVERSIDADE FEDERAL DO CEARÁ,UFC,Aca.,MEDICINA I                                        ,6
31061010001P9,ONCOLOGIA,INSTITUTO NACIONAL DE CÂNCER JOSÉ ALENCAR GOMES DA SILVA,INCA,Aca.,MEDICINA I                                        ,6
41015010003P2,CIÊNCIAS DA SAÚDE,UNIVERSIDADE DO EXTREMO SUL CATARINENSE,UNESC,Aca.,MEDICINA I                                        ,7
25004018009P7,CIENCIAS DA SAUDE,UNIVERSIDADE DE PERNAMBUCO,UPE,Aca.,MEDICINA I                                        ,5
33038015007P8,CIÊNCIAS DA SAÚDE,INSTITUTO DE ASSISTÊNCIA MÉDICA AO SERVIDOR PÚBLICO ESTADUAL,IAMSPE,Aca.,MEDICINA I                                        ,4
32005016014P7,SAÚDE,UNIVERSIDADE FEDERAL DE JUIZ DE FORA,UFJF,Aca.,MEDICINA I                                        ,6
33050015007P0,CIÊNCIAS DA SAÚDE,UNIVERSIDADE SÃO FRANCISCO,USF,Aca.,MEDICINA I                                        ,5
33002010202P1,(MEDICINA) TECNOLOGIA E INTERVENÇÃO EM CARDIOLOGIA,UNIVERSIDADE DE SÃO PAULO,USP,Aca.,MEDICINA I                                        ,4
41001010070P8,CIÊNCIAS MÉDICAS,UNIVERSIDADE FEDERAL DE SANTA CATARINA,UFSC,Aca.,MEDICINA I                                        ,4
28001010072P3,CIÊNCIAS DA SAÚDE,UNIVERSIDADE FEDERAL DA BAHIA,UFBA,Aca.,MEDICINA I                                        ,4
33009015069P4,MEDICINA TRANSLACIONAL,UNIVERSIDADE FEDERAL DE SÃO PAULO,UNIFESP,Aca.,MEDICINA I                                        ,6
40002012046P0,Ciências da Saúde,UNIVERSIDADE ESTADUAL DE LONDRINA,UEL,Aca.,MEDICINA I                                        ,5
25005014003P5,CUIDADOS INTENSIVOS,INSTITUTO DE MEDICINA INTEGRAL PROFESSOR FERNANDO FIGUEIRA,IMIP,Prof.,MEDICINA I                                        ,3
25005014004P1,CUIDADOS PALIATIVOS,INSTITUTO DE MEDICINA INTEGRAL PROFESSOR FERNANDO FIGUEIRA,IMIP,Prof.,MEDICINA I                                        ,4
32006012030P9,CIÊNCIAS DA SAÚDE,UNIVERSIDADE FEDERAL DE UBERLÂNDIA,UFU,Prof.,MEDICINA I                                        ,4
32001010088P5,MEDICINA MOLECULAR,UNIVERSIDADE FEDERAL DE MINAS GERAIS,UFMG,Aca.,MEDICINA I                                        ,6
33026017001P5,Ciências da Saúde,FACULDADE DE MEDICINA DE JUNDIAÍ,FMJ,Aca.,MEDICINA I                                        ,3
32058020001P6,Medicina - Biomedicina,FACULDADE DE SAÚDE SANTA CASA BH,SANTA CASA BH,Aca.,MEDICINA I                                        ,3
33158010001P0,ONCOLOGIA,HOSPITAL DE AMOR,HA,Aca.,MEDICINA I                                        ,6
15001016071P7,Oncologia e Ciências Médicas,UNIVERSIDADE FEDERAL DO PARÁ,UFPA,Aca.,MEDICINA I                                        ,5
33092010010P5,Medicina,UNIVERSIDADE NOVE DE JULHO,UNINOVE,Aca.,MEDICINA I                                        ,4
33002029043P6,Hemoterapia e Biotecnologia,UNIVERSIDADE DE SÃO PAULO - CAMPUS RIBEIRÃO PRETO,USP-RIBEIRÃO PRETO,Prof.,MEDICINA I                                        ,4
33002029044P2,"Oncologia Clínica, Células-Tronco e Terapia Celular",UNIVERSIDADE DE SÃO PAULO - CAMPUS RIBEIRÃO PRETO,USP-RIBEIRÃO PRETO,Aca.,MEDICINA I                                        ,6
31073018001P0,Ciências Cardiovasculares,INSTITUTO NACIONAL DE CARDIOLOGIA,INC,Prof.,MEDICINA I                                        ,3
24004014016P0,CIÊNCIA E TECNOLOGIA EM SAÚDE,UNIVERSIDADE ESTADUAL DA PARAÍBA,UEPB,Prof.,MEDICINA I                                        ,3
33160015002P8,Ciências da Saúde,INSTITUTO DE ENSINO E PESQUISA DO HOSPITAL SÍRIO-LIBANÊS,IEP-HSL,Aca.,MEDICINA I                                        ,5
33002029049P4,Ciências das Imagens e Física Médica,UNIVERSIDADE DE SÃO PAULO - CAMPUS RIBEIRÃO PRETO,USP-RIBEIRÃO PRETO,Prof.,MEDICINA I                                        ,4
33002029050P2,Neurologia e Neurociencias Clinicas,UNIVERSIDADE DE SÃO PAULO - CAMPUS RIBEIRÃO PRETO,USP-RIBEIRÃO PRETO,Prof.,MEDICINA I                                        ,3
32034016001P1,Ciências da Saúde,FACULDADE DE CIÊNCIAS MÉDICAS DE MINAS GERAIS,FCMMG,Aca.,MEDICINA I                                        ,4
27001016047P2,Ciências Aplicadas à Saúde,UNIVERSIDADE FEDERAL DE SERGIPE,UFS,Aca.,MEDICINA I                                        ,4
33068011006P7,CIÊNCIAS DA SAÚDE,FACULDADE ISRAELITA DE CIÊNCIAS DA SAÚDE ALBERT EINSTEIN,FICSAE,Aca.,MEDICINA I                                        ,4
22002014007P3,Ciências Médicas,UNIVERSIDADE DE FORTALEZA,UNIFOR,Aca.,MEDICINA I                                        ,5
31004016065P1,TELESSAÚDE E SAÚDE DIGITAL,UNIVERSIDADE DO ESTADO DO RIO DE JANEIRO,UERJ,Prof.,MEDICINA I                                        ,4
33004064088P4,MEDICINA,UNIVERSIDADE ESTADUAL PAULISTA JÚLIO DE MESQUITA FILHO - CAMPUS BOTUCATU,UNESP-BOTUCATU,Prof.,MEDICINA I                                        ,4
33003017097P0,GENÉTICA HUMANA,UNIVERSIDADE ESTADUAL DE CAMPINAS,UNICAMP,Prof.,MEDICINA I                                        ,2
33078017011P2,INTERDISCIPLINAR EM CIÊNCIAS DA SAÚDE,UNIVERSIDADE CRUZEIRO DO SUL,UNICSUL,Aca.,MEDICINA I                                        ,4
33003017098P6,Hemoterapia e Hematologia,UNIVERSIDADE ESTADUAL DE CAMPINAS,UNICAMP,Prof.,MEDICINA I                                        ,3
42023017002P8,PESQUISA CLÍNICA,HOSPITAL DE CLÍNICAS DE PORTO ALEGRE,HCPA,Prof.,MEDICINA I                                        ,4
33003017170P9,Oncologia,UNIVERSIDADE ESTADUAL DE CAMPINAS,UNICAMP,Prof.,MEDICINA I                                        ,4
42008018034P5,CIÊNCIAS DA SAÚDE,UNIVERSIDADE DE CAXIAS DO SUL,UCS,Aca.,MEDICINA I                                        ,4
32002017050P4,CIÊNCIAS DA SAÚDE,UNIVERSIDADE FEDERAL DE VIÇOSA,UFV,Prof.,MEDICINA I                                        ,4
28025016002P0,PESQUISA CLINICA E TRANSLACIONAL,"FUNDAÇÃO OSWALDO CRUZ - INSTITUTO GONÇALO MONIZ, FIOCRUZ BAHIA",FIOCRUZ-IGM,Prof.,MEDICINA I                                        ,3
51020009001P2,CIÊNCIAS APLICADAS À ATENÇÃO HOSPITALAR,UNIVERSIDADE FEDERAL DE MATO GROSSO - HOSPITAL UNIVERSITÁRIO JÚLIO MÜLLER,UFMT-HUJM,Prof.,MEDICINA I                                        ,3
53029011002P7,CIÊNCIAS DA SAÚDE,UNIVERSIDADE DO DISTRITO FEDERAL,UNDF,Aca.,MEDICINA I                                        ,3
33003017171P5,CIÊNCIA APLICADA À QUALIFICAÇÃO MÉDICA,UNIVERSIDADE ESTADUAL DE CAMPINAS,UNICAMP,Prof.,MEDICINA I                                        ,4
40015017171P0,CIÊNCIAS APLICADAS A SAÚDE,UNIVERSIDADE ESTADUAL DO OESTE DO PARANÁ,UNIOESTE,Aca.,MEDICINA I                                        ,4
12008010071P7,CIÊNCIAS APLICADAS À DERMATOLOGIA,UNIVERSIDADE DO ESTADO DO AMAZONAS,UEA,Prof.,MEDICINA I                                        ,3
33002010250P6,ASSOCIADO À RESIDÊNCIA EM MEDICINA CARDIOVASCULAR,UNIVERSIDADE DE SÃO PAULO,USP,Prof.,MEDICINA I                                        ,3
26001012173P5,CIÊNCIAS MÉDICAS,UNIVERSIDADE FEDERAL DE ALAGOAS,UFAL,Aca.,MEDICINA I                                        ,3
22001018174P0,CIÊNCIAS CARDIOVASCULARES,UNIVERSIDADE FEDERAL DO CEARÁ,UFC,Aca.,MEDICINA I                                        ,3
15010015073P5,CIÊNCIAS DA SAÚDE,UNIVERSIDADE FEDERAL DO OESTE DO PARÁ,UFOPA,Aca.,MEDICINA I                                        ,3
33002029055P4,MEDICINA,UNIVERSIDADE DE SÃO PAULO - CAMPUS RIBEIRÃO PRETO,USP-RIBEIRÃO PRETO,Prof.,MEDICINA I                                        ,3
33002010251P2,ONCOLOGIA,UNIVERSIDADE DE SÃO PAULO,USP,Prof.,MEDICINA I                                        ,3
33158010002P7,INOVAÇÃO EM SAÚDE,HOSPITAL DE AMOR,HA,Prof.,MEDICINA I                                        ,3
15001016167P4,ATENÇÃO E ESTUDO CLÍNICO NO DIABETES,UNIVERSIDADE FEDERAL DO PARÁ,UFPA,Prof.,MEDICINA I                                        ,3
42014018171P9,CIÊNCIAS MÉDICAS ,UNIVERSIDADE DO VALE DO TAQUARI,UNIVATES,Aca.,MEDICINA I                                        ,3
32010010048P2,CIÊNCIAS DA SAÚDE,UNIVERSIDADE FEDERAL DOS VALES DO JEQUITINHONHA E MUCURI,UFVJM,Aca.,MEDICINA I                                        ,4
22001018178P6,MEDICINA TRANSLACIONAL,UNIVERSIDADE FEDERAL DO CEARÁ,UFC,Aca.,MEDICINA I                                        ,4
22042008003P0,CIÊNCIAS BIOMÉDICAS,UNIVERSIDADE FEDERAL DO DELTA DO PARNAÍBA,UFDPAR,Aca.,MEDICINA I                                        ,4
12008010001P9,MEDICINA TROPICAL,UNIVERSIDADE DO ESTADO DO AMAZONAS,UEA,Aca.,MEDICINA II                                       ,5
15001016015P0,DOENÇAS TROPICAIS,UNIVERSIDADE FEDERAL DO PARÁ,UFPA,Aca.,MEDICINA II                                       ,5
22001018019P5,PATOLOGIA,UNIVERSIDADE FEDERAL DO CEARÁ,UFC,Aca.,MEDICINA II                                       ,4
23001011031P8,CIÊNCIAS DA SAÚDE,UNIVERSIDADE FEDERAL DO RIO GRANDE DO NORTE,UFRN,Aca.,MEDICINA II                                       ,6
25001019024P7,MEDICINA TROPICAL,UNIVERSIDADE FEDERAL DE PERNAMBUCO,UFPE,Aca.,MEDICINA II                                       ,5
25001019026P0,SAÚDE DA CRIANÇA E DO ADOLESCENTE,UNIVERSIDADE FEDERAL DE PERNAMBUCO,UFPE,Aca.,MEDICINA II                                       ,3
25001019043P1,NEUROPSIQUIATRIA E CIÊNCIAS DO COMPORTAMENTO,UNIVERSIDADE FEDERAL DE PERNAMBUCO,UFPE,Aca.,MEDICINA II                                       ,4
25005014001P2,SAÚDE INTEGRAL,INSTITUTO DE MEDICINA INTEGRAL PROFESSOR FERNANDO FIGUEIRA,IMIP,Aca.,MEDICINA II                                       ,6
28001010011P4,PATOLOGIA HUMANA (UFBA/FIOCRUZ),UNIVERSIDADE FEDERAL DA BAHIA,UFBA,Aca.,MEDICINA II                                       ,6
30001013010P0,DOENÇAS INFECCIOSAS,UNIVERSIDADE FEDERAL DO ESPÍRITO SANTO,UFES,Aca.,MEDICINA II                                       ,5
31001017040P0,MEDICINA (ANATOMIA PATOLÓGICA),UNIVERSIDADE FEDERAL DO RIO DE JANEIRO,UFRJ,Aca.,MEDICINA II                                       ,4
31001017049P7,MEDICINA (DOENÇAS INFECCIOSAS E PARASITÁRIAS),UNIVERSIDADE FEDERAL DO RIO DE JANEIRO,UFRJ,Aca.,MEDICINA II                                       ,5
31001017056P3,PSIQUIATRIA E SAÚDE MENTAL,UNIVERSIDADE FEDERAL DO RIO DE JANEIRO,UFRJ,Aca.,MEDICINA II                                       ,5
31001017057P0,MEDICINA (RADIOLOGIA),UNIVERSIDADE FEDERAL DO RIO DE JANEIRO,UFRJ,Aca.,MEDICINA II                                       ,5
31003010017P4,PATOLOGIA,UNIVERSIDADE FEDERAL FLUMINENSE,UFF,Aca.,MEDICINA II                                       ,4
31003010025P7,Neurologia e Neurociências,UNIVERSIDADE FEDERAL FLUMINENSE,UFF,Aca.,MEDICINA II                                       ,3
31010016003P2,MEDICINA TROPICAL,FUNDAÇÃO OSWALDO CRUZ,FIOCRUZ,Aca.,MEDICINA II                                       ,6
31021018006P0,NEUROLOGIA,UNIVERSIDADE FEDERAL DO ESTADO DO RIO DE JANEIRO,UNIRIO,Aca.,MEDICINA II                                       ,4
32001010019P3,PATOLOGIA,UNIVERSIDADE FEDERAL DE MINAS GERAIS,UFMG,Aca.,MEDICINA II                                       ,6
32001010023P0,INFECTOLOGIA E MEDICINA TROPICAL,UNIVERSIDADE FEDERAL DE MINAS GERAIS,UFMG,Aca.,MEDICINA II                                       ,6
32001010035P9,CIÊNCIAS DA SAÚDE,UNIVERSIDADE FEDERAL DE MINAS GERAIS,UFMG,Aca.,MEDICINA II                                       ,4
32012012001P5,CIÊNCIAS DA SAÚDE,UNIVERSIDADE FEDERAL DO TRIÂNGULO MINEIRO,UFTM,Aca.,MEDICINA II                                       ,3
32012012003P8,MEDICINA TROPICAL E INFECTOLOGIA,UNIVERSIDADE FEDERAL DO TRIÂNGULO MINEIRO,UFTM,Aca.,MEDICINA II                                       ,4
32067011001P6,CIÊNCIAS DA SAÚDE,"FUNDAÇÃO OSWALDO CRUZ - INSTITUTO RENÉ RACHOU, FIOCRUZ MINAS",FIOCRUZ-IRR,Aca.,MEDICINA II                                       ,6
33002010056P5,PATOLOGIA,UNIVERSIDADE DE SÃO PAULO,USP,Aca.,MEDICINA II                                       ,5
33002010061P9,ALERGIA E IMUNOPATOLOGIA,UNIVERSIDADE DE SÃO PAULO,USP,Aca.,MEDICINA II                                       ,4
33002010068P3,DOENÇAS INFECCIOSAS E SAÚDE GLOBAL,UNIVERSIDADE DE SÃO PAULO,USP,Aca.,MEDICINA II                                       ,5
33002010069P0,NEUROLOGIA,UNIVERSIDADE DE SÃO PAULO,USP,Aca.,MEDICINA II                                       ,6
33002010072P0,MEDICINA (PEDIATRIA),UNIVERSIDADE DE SÃO PAULO,USP,Aca.,MEDICINA II                                       ,5
33002010073P7,PSIQUIATRIA,UNIVERSIDADE DE SÃO PAULO,USP,Aca.,MEDICINA II                                       ,7
33002010133P0,RADIOLOGIA,UNIVERSIDADE DE SÃO PAULO,USP,Aca.,MEDICINA II                                       ,5
33002010177P7,CIÊNCIAS (FISIOPATOLOGIA EXPERIMENTAL),UNIVERSIDADE DE SÃO PAULO,USP,Aca.,MEDICINA II                                       ,5
33002029007P0,PATOLOGIA,UNIVERSIDADE DE SÃO PAULO - CAMPUS RIBEIRÃO PRETO,USP-RIBEIRÃO PRETO,Aca.,MEDICINA II                                       ,5
33002029012P3,MEDICINA (NEUROLOGIA),UNIVERSIDADE DE SÃO PAULO - CAMPUS RIBEIRÃO PRETO,USP-RIBEIRÃO PRETO,Aca.,MEDICINA II                                       ,7
33002029015P2,SAÚDE DA CRIANÇA E DO ADOLESCENTE,UNIVERSIDADE DE SÃO PAULO - CAMPUS RIBEIRÃO PRETO,USP-RIBEIRÃO PRETO,Aca.,MEDICINA II                                       ,5
33002029022P9,FÍSICA APLICADA À MEDICINA E BIOLOGIA,UNIVERSIDADE DE SÃO PAULO - CAMPUS RIBEIRÃO PRETO,USP-RIBEIRÃO PRETO,Aca.,MEDICINA II                                       ,5
33002029029P3,Saúde Mental e Ciências do Comportamento,UNIVERSIDADE DE SÃO PAULO - CAMPUS RIBEIRÃO PRETO,USP-RIBEIRÃO PRETO,Aca.,MEDICINA II                                       ,7
33003017054P9,SAÚDE DA CRIANÇA E DO ADOLESCENTE,UNIVERSIDADE ESTADUAL DE CAMPINAS,UNICAMP,Aca.,MEDICINA II                                       ,5
33004064056P5,PATOLOGIA,UNIVERSIDADE ESTADUAL PAULISTA JÚLIO DE MESQUITA FILHO - CAMPUS BOTUCATU,UNESP-BOTUCATU,Aca.,MEDICINA II                                       ,5
33004064065P4,DOENÇAS TROPICAIS,UNIVERSIDADE ESTADUAL PAULISTA JÚLIO DE MESQUITA FILHO - CAMPUS BOTUCATU,UNESP-BOTUCATU,Aca.,MEDICINA II                                       ,5
33009015006P2,PATOLOGIA,UNIVERSIDADE FEDERAL DE SÃO PAULO,UNIFESP,Aca.,MEDICINA II                                       ,4
33009015015P1,Medicina (Hematologia e Oncologia) ,UNIVERSIDADE FEDERAL DE SÃO PAULO,UNIFESP,Aca.,MEDICINA II                                       ,5
33009015017P4,NEUROLOGIA - NEUROCIÊNCIAS,UNIVERSIDADE FEDERAL DE SÃO PAULO,UNIFESP,Aca.,MEDICINA II                                       ,6
33009015019P7,PEDIATRIA E CIÊNCIAS APLICADAS À PEDIATRIA,UNIVERSIDADE FEDERAL DE SÃO PAULO,UNIFESP,Aca.,MEDICINA II                                       ,5
33009015029P2,MEDICINA (RADIOLOGIA CLÍNICA),UNIVERSIDADE FEDERAL DE SÃO PAULO,UNIFESP,Aca.,MEDICINA II                                       ,4
33009015030P0,INFECTOLOGIA,UNIVERSIDADE FEDERAL DE SÃO PAULO,UNIFESP,Aca.,MEDICINA II                                       ,6
33009015031P7,CIÊNCIAS DA SAÚDE APLICADAS À REUMATOLOGIA,UNIVERSIDADE FEDERAL DE SÃO PAULO,UNIFESP,Aca.,MEDICINA II                                       ,5
33009015032P3,PSIQUIATRIA E PSICOLOGIA MÉDICA,UNIVERSIDADE FEDERAL DE SÃO PAULO,UNIFESP,Aca.,MEDICINA II                                       ,7
33009015033P0,PSICOBIOLOGIA,UNIVERSIDADE FEDERAL DE SÃO PAULO,UNIFESP,Aca.,MEDICINA II                                       ,7
33115010001P8,CIÊNCIAS,SECRETARIA DE ESTADO DA SAÚDE DE SÃO PAULO - COORDENADORIA DE CONTROLE DE DOENÇAS,SES/SP-CCD,Aca.,MEDICINA II                                       ,3
40001016013P8,SAÚDE DA CRIANÇA E DO ADOLESCENTE,UNIVERSIDADE FEDERAL DO PARANÁ,UFPR,Aca.,MEDICINA II                                       ,3
40002012026P9,PATOLOGIA EXPERIMENTAL,UNIVERSIDADE ESTADUAL DE LONDRINA,UEL,Aca.,MEDICINA II                                       ,7
40004015021P0,CIÊNCIAS DA SAÚDE,UNIVERSIDADE ESTADUAL DE MARINGÁ,UEM,Aca.,MEDICINA II                                       ,5
42001013050P6,Saúde da Criança e do Adolescente,UNIVERSIDADE FEDERAL DO RIO GRANDE DO SUL,UFRGS,Aca.,MEDICINA II                                       ,5
42001013073P6,Psiquiatria e Ciências do comportamento,UNIVERSIDADE FEDERAL DO RIO GRANDE DO SUL,UFRGS,Aca.,MEDICINA II                                       ,7
42005019020P5,MEDICINA PEDIATRIA E SAUDE DA CRIANÇA,PONTIFÍCIA UNIVERSIDADE CATÓLICA DO RIO GRANDE DO SUL,PUCRS,Aca.,MEDICINA II                                       ,7
42015014002P9,PATOLOGIA,UNIVERSIDADE FEDERAL DE CIÊNCIAS DA SAÚDE DE PORTO ALEGRE,UFCSPA,Aca.,MEDICINA II                                       ,4
52001016003P6,MEDICINA TROPICAL E SAÚDE PÚBLICA,UNIVERSIDADE FEDERAL DE GOIÁS,UFG,Aca.,MEDICINA II                                       ,6
53001010015P0,MEDICINA TROPICAL,UNIVERSIDADE DE BRASÍLIA,UNB,Aca.,MEDICINA II                                       ,5
53001010047P0,CIÊNCIAS DA SAÚDE,UNIVERSIDADE DE BRASÍLIA,UNB,Aca.,MEDICINA II                                       ,5
42004012012P6,CIÊNCIAS DA SAÚDE,UNIVERSIDADE FEDERAL DO RIO GRANDE,FURG,Aca.,MEDICINA II                                       ,5
20001010014P8,Saúde do Adulto,UNIVERSIDADE FEDERAL DO MARANHÃO,UFMA,Aca.,MEDICINA II                                       ,4
52001016034P9,CIÊNCIAS DA SAÚDE,UNIVERSIDADE FEDERAL DE GOIÁS,UFG,Aca.,MEDICINA II                                       ,4
26001012023P3,CIÊNCIAS DA SAÚDE,UNIVERSIDADE FEDERAL DE ALAGOAS,UFAL,Aca.,MEDICINA II                                       ,5
51001012024P0,DOENÇAS INFECCIOSAS E PARASITÁRIAS,UNIVERSIDADE FEDERAL DE MATO GROSSO DO SUL,UFMS,Aca.,MEDICINA II                                       ,6
33002010204P4,MEDICINA TROPICAL,UNIVERSIDADE DE SÃO PAULO,USP,Aca.,MEDICINA II                                       ,5
40037010001P3,BIOTECNOLOGIA APLICADA A SAÚDE DA CRIANÇA E DO ADOLESCENTE,FACULDADES PEQUENO PRÍNCIPE,FPP,Aca.,MEDICINA II                                       ,4
28025016001P4,BIOTECNOLOGIA EM SAÚDE E MEDICINA INVESTIGATIVA,"FUNDAÇÃO OSWALDO CRUZ - INSTITUTO GONÇALO MONIZ, FIOCRUZ BAHIA",FIOCRUZ-IGM,Aca.,MEDICINA II                                       ,6
41008014004P6,Ciências da Saúde,UNIVERSIDADE DO SUL DE SANTA CATARINA,UNISUL,Aca.,MEDICINA II                                       ,5
32018010008P8,CIÊNCIAS DA SAÚDE,UNIVERSIDADE FEDERAL DE SÃO JOÃO DEL-REI,UFSJ,Aca.,MEDICINA II                                       ,5
51005018009P7,CIÊNCIAS DA SAUDE,UNIVERSIDADE FEDERAL DA GRANDE DOURADOS,UFGD,Aca.,MEDICINA II                                       ,4
15001016064P0,Saúde na Amazônia,UNIVERSIDADE FEDERAL DO PARÁ,UFPA,Prof.,MEDICINA II                                       ,3
31010016026P2,PESQUISA CLÍNICA,FUNDAÇÃO OSWALDO CRUZ,FIOCRUZ,Prof.,MEDICINA II                                       ,4
31003010076P0,Saúde Materno-Infantil,UNIVERSIDADE FEDERAL FLUMINENSE,UFF,Prof.,MEDICINA II                                       ,4
32011016007P7,Biociências Aplicadas à Saúde,UNIVERSIDADE FEDERAL DE ALFENAS,UNIFAL-MG,Aca.,MEDICINA II                                       ,3
31010016029P1,Pesquisa aplicada à saúde da criança e da mulher,FUNDAÇÃO OSWALDO CRUZ,FIOCRUZ,Aca.,MEDICINA II                                       ,4
31004016059P1,"SAUDE, MEDICINA LABORATORIAL E TECNOLOGIA FORENSE",UNIVERSIDADE DO ESTADO DO RIO DE JANEIRO,UERJ,Prof.,MEDICINA II                                       ,3
28008014004P9,TECNOLOGIAS EM SAÚDE,ESCOLA BAHIANA DE MEDICINA E SAÚDE PÚBLICA,EBMSP,Prof.,MEDICINA II                                       ,3
23002018007P6,Saúde e Sociedade,UNIVERSIDADE DO ESTADO DO RIO GRANDE DO NORTE,UERN,Aca.,MEDICINA II                                       ,3
12001015039P8,Ciências da Saúde,UNIVERSIDADE FEDERAL DO AMAZONAS,UFAM,Aca.,MEDICINA II                                       ,2
33076014004P3,Ciências da Saúde,UNIVERSIDADE SANTO AMARO,UNISA,Aca.,MEDICINA II                                       ,3
33092010013P4,MEDICINA - BIOFOTÔNICA,UNIVERSIDADE NOVE DE JULHO,UNINOVE,Aca.,MEDICINA II                                       ,6
31021018021P9,INFECÇÃO HIV/AIDS E HEPATITES VIRAIS,UNIVERSIDADE FEDERAL DO ESTADO DO RIO DE JANEIRO,UNIRIO,Prof.,MEDICINA II                                       ,3
12008010008P3,Hematologia,UNIVERSIDADE DO ESTADO DO AMAZONAS,UEA,Aca.,MEDICINA II                                       ,3
22001018079P8,CIÊNCIAS DA SAÚDE,UNIVERSIDADE FEDERAL DO CEARÁ,UFC,Aca.,MEDICINA II                                       ,3
22021019001P2,Biotecnologia,CENTRO UNIVERSITÁRIO INTA,UNINTA,Aca.,MEDICINA II                                       ,3
42023017001P1,Prevenção e Assistência em Saúde Mental e Transtornos Aditivos,HOSPITAL DE CLÍNICAS DE PORTO ALEGRE,HCPA,Prof.,MEDICINA II                                       ,4
33103011002P6,Saúde e Meio Ambiente,UNIVERSIDADE METROPOLITANA DE SANTOS,UNIMES,Prof.,MEDICINA II                                       ,3
28007018075P7,CIÊNCIAS DA SAÚDE,UNIVERSIDADE ESTADUAL DE SANTA CRUZ,UESC,Aca.,MEDICINA II                                       ,3
33004064089P0,PESQUISA CLÍNICA,UNIVERSIDADE ESTADUAL PAULISTA JÚLIO DE MESQUITA FILHO - CAMPUS BOTUCATU,UNESP-BOTUCATU,Prof.,MEDICINA II                                       ,4
31001017162P8,SAÚDE PERINATAL,UNIVERSIDADE FEDERAL DO RIO DE JANEIRO,UFRJ,Prof.,MEDICINA II                                       ,1
31004016158P0,FÍSICA MÉDICA,UNIVERSIDADE DO ESTADO DO RIO DE JANEIRO,UERJ,Prof.,MEDICINA II                                       ,3
41011015002P0,PROTEÇÃO RADIOLÓGICA,"INSTITUTO FEDERAL DE EDUCAÇÃO, CIÊNCIA E TECNOLOGIA DE SANTA CATARINA",IFSC,Prof.,MEDICINA II                                       ,3
11001011070P0,CIÊNCIAS DA SAÚDE NA AMAZÔNIA OCIDENTAL ,UNIVERSIDADE FEDERAL DO ACRE,UFAC,Aca.,MEDICINA II                                       ,3
32016018004P0,ENSINO EM SAÚDE,UNIVERSIDADE PROFESSOR EDSON ANTÔNIO VELANO,UNIFENAS,Prof.,MEDICINA II                                       ,4
42039010005P7,CIÊNCIAS DA SAÚDE E DA VIDA,UNIVERSIDADE FRANCISCANA,UFN,Aca.,MEDICINA II                                       ,3
40002012170P2,FISIOPATOLOGIA CLÍNICA E LABORATORIAL,UNIVERSIDADE ESTADUAL DE LONDRINA,UEL,Aca.,MEDICINA II                                       ,4
22001018086P4,SAÚDE DA MULHER E DA CRIANÇA,UNIVERSIDADE FEDERAL DO CEARÁ,UFC,Prof.,MEDICINA II                                       ,3
33002010247P5,DOENÇAS INFECCIOSAS E PARASITÁRIAS ,UNIVERSIDADE DE SÃO PAULO,USP,Prof.,MEDICINA II                                       ,3
42015014013P0,PEDIATRIA: ATENÇÃO A SAÚDE DA CRIANÇA E DO ADOLESCENTE,UNIVERSIDADE FEDERAL DE CIÊNCIAS DA SAÚDE DE PORTO ALEGRE,UFCSPA,Aca.,MEDICINA II                                       ,3
33054010007P6,CIÊNCIAS DA SAÚDE,UNIVERSIDADE DO OESTE PAULISTA,UNOESTE,Aca.,MEDICINA II                                       ,4
33335001001P7,CIÊNCIAS MÉDICAS,FACULDADE IDOR DE CIÊNCIAS MÉDICAS,FACULDADE IDOR,Aca.,MEDICINA II                                       ,4
31001017173P0,SAÚDE MATERNO-INFANTIL,UNIVERSIDADE FEDERAL DO RIO DE JANEIRO,UFRJ,Aca.,MEDICINA II                                       ,3
32004010041P1,CIÊNCIAS DA SAÚDE,UNIVERSIDADE FEDERAL DE LAVRAS,UFLA,Aca.,MEDICINA II                                       ,3
33104018005P1,TECNOLOGIA DAS RADIAÇÕES EM CIÊNCIAS DA SAÚDE,INSTITUTO DE PESQUISAS ENERGÉTICAS E NUCLEARES,IPEN,Prof.,MEDICINA II                                       ,3
25001019174P9,SAÚDE TRANSLACIONAL,UNIVERSIDADE FEDERAL DE PERNAMBUCO,UFPE,Aca.,MEDICINA II                                       ,3
28049012004P2,PATOLOGIA INVESTIGATIVA,UNIVERSIDADE FEDERAL DO OESTE DA BAHIA,UFOB,Prof.,MEDICINA II                                       ,3
41020014015P0,CIÊNCIAS BIOMÉDICAS,UNIVERSIDADE FEDERAL DA FRONTEIRA SUL,UFFS,Aca.,MEDICINA II                                       ,3
22001018023P2,CIÊNCIAS MÉDICO-CIRÚRGICAS,UNIVERSIDADE FEDERAL DO CEARÁ,UFC,Aca.,MEDICINA III                                      ,5
25001019023P0,CIRURGIA,UNIVERSIDADE FEDERAL DE PERNAMBUCO,UFPE,Aca.,MEDICINA III                                      ,3
32001010022P4,Saúde da Mulher,UNIVERSIDADE FEDERAL DE MINAS GERAIS,UFMG,Aca.,MEDICINA III                                      ,3
32001010069P0,Ciências Aplicadas à Cirurgia e à Oftalmologia,UNIVERSIDADE FEDERAL DE MINAS GERAIS,UFMG,Aca.,MEDICINA III                                      ,5
33002010064P8,MEDICINA (OBSTETRÍCIA E GINECOLOGIA),UNIVERSIDADE DE SÃO PAULO,USP,Aca.,MEDICINA III                                      ,5
33002010070P8,OTORRINOLARINGOLOGIA,UNIVERSIDADE DE SÃO PAULO,USP,Aca.,MEDICINA III                                      ,4
33002010115P1,CIÊNCIAS DO SISTEMA MUSCULOESQUELÉTICO,UNIVERSIDADE DE SÃO PAULO,USP,Aca.,MEDICINA III                                      ,5
33002010122P8,OFTALMOLOGIA,UNIVERSIDADE DE SÃO PAULO,USP,Aca.,MEDICINA III                                      ,6
33002010129P2,UROLOGIA,UNIVERSIDADE DE SÃO PAULO,USP,Aca.,MEDICINA III                                      ,4
33002010132P3,"Anestesiologia, Ciências Cirúrgicas e Medicina Perioperatória",UNIVERSIDADE DE SÃO PAULO,USP,Aca.,MEDICINA III                                      ,5
33002010161P3,MEDICINA (CIRURGIA TORÁCICA E CARDIOVASCULAR),UNIVERSIDADE DE SÃO PAULO,USP,Aca.,MEDICINA III                                      ,4
33002029008P6,MEDICINA (CLÍNICA CIRÚRGICA),UNIVERSIDADE DE SÃO PAULO - CAMPUS RIBEIRÃO PRETO,USP-RIBEIRÃO PRETO,Aca.,MEDICINA III                                      ,5
33002029009P2,GINECOLOGIA E OBSTETRÍCIA,UNIVERSIDADE DE SÃO PAULO - CAMPUS RIBEIRÃO PRETO,USP-RIBEIRÃO PRETO,Aca.,MEDICINA III                                      ,7
33002029014P6,Ciências da Saúde Aplicadas ao Aparelho Locomotor,UNIVERSIDADE DE SÃO PAULO - CAMPUS RIBEIRÃO PRETO,USP-RIBEIRÃO PRETO,Aca.,MEDICINA III                                      ,4
33002029038P2,OFTALMOLOGIA OTORRINOLARINGOLOGIA E CIR. DE CABEÇA E PESCOÇO,UNIVERSIDADE DE SÃO PAULO - CAMPUS RIBEIRÃO PRETO,USP-RIBEIRÃO PRETO,Aca.,MEDICINA III                                      ,5
33003017062P1,TOCOGINECOLOGIA,UNIVERSIDADE ESTADUAL DE CAMPINAS,UNICAMP,Aca.,MEDICINA III                                      ,7
33003017063P8,CIÊNCIAS DA CIRURGIA,UNIVERSIDADE ESTADUAL DE CAMPINAS,UNICAMP,Aca.,MEDICINA III                                      ,5
33004064006P8,CIRURGIA E MEDICINA TRANSLACIONAL,UNIVERSIDADE ESTADUAL PAULISTA JÚLIO DE MESQUITA FILHO - CAMPUS BOTUCATU,UNESP-BOTUCATU,Aca.,MEDICINA III                                      ,4
33004064076P6,ANESTESIOLOGIA,UNIVERSIDADE ESTADUAL PAULISTA JÚLIO DE MESQUITA FILHO - CAMPUS BOTUCATU,UNESP-BOTUCATU,Aca.,MEDICINA III                                      ,5
33004064077P2,Tocoginecologia ,UNIVERSIDADE ESTADUAL PAULISTA JÚLIO DE MESQUITA FILHO - CAMPUS BOTUCATU,UNESP-BOTUCATU,Aca.,MEDICINA III                                      ,6
33009015009P1,Ciência Cirúrgica Interdisciplinar,UNIVERSIDADE FEDERAL DE SÃO PAULO,UNIFESP,Aca.,MEDICINA III                                      ,4
33009015013P9,MEDICINA (OBSTETRÍCIA),UNIVERSIDADE FEDERAL DE SÃO PAULO,UNIFESP,Aca.,MEDICINA III                                      ,4
33009015014P5,MEDICINA (GINECOLOGIA),UNIVERSIDADE FEDERAL DE SÃO PAULO,UNIFESP,Aca.,MEDICINA III                                      ,5
33009015018P0,MEDICINA (OTORRINOLARINGOLOGIA),UNIVERSIDADE FEDERAL DE SÃO PAULO,UNIFESP,Aca.,MEDICINA III                                      ,4
33009015021P1,MEDICINA (UROLOGIA),UNIVERSIDADE FEDERAL DE SÃO PAULO,UNIFESP,Aca.,MEDICINA III                                      ,4
33009015024P0,Oftalmologia e Ciências Visuais,UNIVERSIDADE FEDERAL DE SÃO PAULO,UNIFESP,Aca.,MEDICINA III                                      ,7
33009015038P1,CIRURGIA TRANSLACIONAL,UNIVERSIDADE FEDERAL DE SÃO PAULO,UNIFESP,Aca.,MEDICINA III                                      ,6
33019010003P5,PESQUISA EM CIRURGIA,FACULDADE DE CIÊNCIAS MÉDICAS DA SANTA CASA DE SÃO PAULO,FCMSCSP,Aca.,MEDICINA III                                      ,3
40001016018P0,MEDICINA (CLÍNICA CIRÚRGICA),UNIVERSIDADE FEDERAL DO PARANÁ,UFPR,Aca.,MEDICINA III                                      ,4
40009017001P0,PRINCÍPIOS DA CIRURGIA,FACULDADE EVANGÉLICA MACKENZIE DO PARANÁ,FEMPAR,Aca.,MEDICINA III                                      ,4
42001013054P1,MEDICINA: CIÊNCIAS CIRÚRGICAS,UNIVERSIDADE FEDERAL DO RIO GRANDE DO SUL,UFRGS,Aca.,MEDICINA III                                      ,4
31004016050P4,FISIOPATOLOGIA E CIÊNCIAS CIRÚRGICAS,UNIVERSIDADE DO ESTADO DO RIO DE JANEIRO,UERJ,Aca.,MEDICINA III                                      ,5
31001017128P4,CIÊNCIAS CIRÚRGICAS,UNIVERSIDADE FEDERAL DO RIO DE JANEIRO,UFRJ,Aca.,MEDICINA III                                      ,4
31021018012P0,MEDICINA,UNIVERSIDADE FEDERAL DO ESTADO DO RIO DE JANEIRO,UNIRIO,Prof.,MEDICINA III                                      ,3
33002010222P2,Ciências em Gastroenterologia,UNIVERSIDADE DE SÃO PAULO,USP,Aca.,MEDICINA III                                      ,6
33009015082P0,"Tecnologia, Gestão e Saúde Ocular",UNIVERSIDADE FEDERAL DE SÃO PAULO,UNIFESP,Prof.,MEDICINA III                                      ,3
32073011003P5,Ciências Aplicadas à Saúde,UNIVERSIDADE DO VALE DO SAPUCAÍ,UNIVÁS,Prof.,MEDICINA III                                      ,5
15006018007P9,Cirurgia e Pesquisa Experimental,UNIVERSIDADE DO ESTADO DO PARÁ,UEPA,Prof.,MEDICINA III                                      ,4
42001013106P1,Ciências da Saúde: Ginecologia e Obstetrícia,UNIVERSIDADE FEDERAL DO RIO GRANDE DO SUL,UFRGS,Aca.,MEDICINA III                                      ,4
40001016084P2,TOCOGINECOLOGIA E SAÚDE DA MULHER,UNIVERSIDADE FEDERAL DO PARANÁ,UFPR,Aca.,MEDICINA III                                      ,3
33009015093P2,"CIÊNCIAS, TECNOLOGIA E GESTÃO APLICADAS À REGENERAÇÃO TECIDUAL",UNIVERSIDADE FEDERAL DE SÃO PAULO,UNIFESP,Prof.,MEDICINA III                                      ,4
21001014076P6,SAÚDE DA MULHER,UNIVERSIDADE FEDERAL DO PIAUÍ,UFPI,Prof.,MEDICINA III                                      ,3
23009004001P7,TECNOLOGIA MINIMAMENTE INVASIVA E SIMULAÇÃO NA ÁREA DE SAÚDE,CENTRO UNIVERSITÁRIO CHRISTUS,UNICHRISTUS,Prof.,MEDICINA III                                      ,4
12001015065P9,CIRURGIA,UNIVERSIDADE FEDERAL DO AMAZONAS,UFAM,Prof.,MEDICINA III                                      ,3
22003010073P2,TRANSPLANTES,UNIVERSIDADE ESTADUAL DO CEARÁ,UECE,Prof.,MEDICINA III                                      ,3
33009015173P6,CIÊNCIAS DA SAÚDE APLICADA AO ESPORTE E À ATIVIDADE FÍSICA,UNIVERSIDADE FEDERAL DE SÃO PAULO,UNIFESP,Prof.,MEDICINA III                                      ,3
31027016004P5,CIÊNCIAS APLICADAS EM SAÚDE,UNIVERSIDADE DE VASSOURAS,UNIVASSOURAS,Prof.,MEDICINA III                                      ,4
40004015075P2,"GESTÃO, TECNOLOGIA E INOVAÇÃO EM URGÊNCIA E EMERGÊNCIA",UNIVERSIDADE ESTADUAL DE MARINGÁ,UEM,Prof.,MEDICINA III                                      ,3
33002010252P9,Inovação Tecnológica e de Processos Assistenciais Perioperatórios,UNIVERSIDADE DE SÃO PAULO,USP,Prof.,MEDICINA III                                      ,3
23001011183P2,CIÊNCIAS APLICADAS À SAÚDE DA MULHER,UNIVERSIDADE FEDERAL DO RIO GRANDE DO NORTE,UFRN,Aca.,MEDICINA III                                      ,3
33119015003P2,CIÊNCIAS MÉDICAS,FACULDADE SÃO LEOPOLDO MANDIC,FSLM,Aca.,MEDICINA III                                      ,3
15001016039P6,ODONTOLOGIA,UNIVERSIDADE FEDERAL DO PARÁ,UFPA,Aca.,ODONTOLOGIA                                       ,4
23001011005P7,CIÊNCIAS ODONTOLÓGICAS,UNIVERSIDADE FEDERAL DO RIO GRANDE DO NORTE,UFRN,Aca.,ODONTOLOGIA                                       ,5
24001015034P0,Odontologia,UNIVERSIDADE FEDERAL DA PARAÍBA - CAMPUS JOÃO PESSOA,UFPB-JOÃO PESSOA,Aca.,ODONTOLOGIA                                       ,4
25001019058P9,ODONTOLOGIA,UNIVERSIDADE FEDERAL DE PERNAMBUCO,UFPE,Aca.,ODONTOLOGIA                                       ,4
25004018006P8,ODONTOLOGIA,UNIVERSIDADE DE PERNAMBUCO,UPE,Aca.,ODONTOLOGIA                                       ,4
28001010029P0,ODONTOLOGIA E SAUDE,UNIVERSIDADE FEDERAL DA BAHIA,UFBA,Aca.,ODONTOLOGIA                                       ,5
31001017059P2,ODONTOLOGIA,UNIVERSIDADE FEDERAL DO RIO DE JANEIRO,UFRJ,Aca.,ODONTOLOGIA                                       ,5
31003010053P0,ODONTOLOGIA,UNIVERSIDADE FEDERAL FLUMINENSE,UFF,Aca.,ODONTOLOGIA                                       ,5
31004016008P8,ODONTOLOGIA,UNIVERSIDADE DO ESTADO DO RIO DE JANEIRO,UERJ,Aca.,ODONTOLOGIA                                       ,5
31030017001P3,ODONTOLOGIA,UNIVERSIDADE VEIGA DE ALMEIDA,UVA,Aca.,ODONTOLOGIA                                       ,4
31035019001P5,ODONTOLOGIA,UNIVERSIDADE DO GRANDE RIO PROFESSOR JOSÉ DE SOUZA HERDY,UNIGRANRIO,Aca.,ODONTOLOGIA                                       ,4
32001010025P3,ODONTOLOGIA,UNIVERSIDADE FEDERAL DE MINAS GERAIS,UFMG,Aca.,ODONTOLOGIA                                       ,7
32006012016P6,ODONTOLOGIA,UNIVERSIDADE FEDERAL DE UBERLÂNDIA,UFU,Aca.,ODONTOLOGIA                                       ,6
32008015009P2,ODONTOLOGIA,PONTIFÍCIA UNIVERSIDADE CATÓLICA DE MINAS GERAIS,PUC MINAS,Aca.,ODONTOLOGIA                                       ,4
33002010077P2,CIÊNCIAS ODONTOLÓGICAS,UNIVERSIDADE DE SÃO PAULO,USP,Aca.,ODONTOLOGIA                                       ,6
33002010138P1,"DIAGNÓSTICO BUCAL, RADIOLOGIA ODONTOLÓGICA E IMAGINOLOGIA",UNIVERSIDADE DE SÃO PAULO,USP,Aca.,ODONTOLOGIA                                       ,4
33002010141P2,ODONTOLOGIA,UNIVERSIDADE DE SÃO PAULO,USP,Aca.,ODONTOLOGIA                                       ,5
33002029019P8,ODONTOLOGIA (REABILITAÇÃO ORAL),UNIVERSIDADE DE SÃO PAULO - CAMPUS RIBEIRÃO PRETO,USP-RIBEIRÃO PRETO,Aca.,ODONTOLOGIA                                       ,5
33002029032P4,ODONTOLOGIA RESTAURADORA,UNIVERSIDADE DE SÃO PAULO - CAMPUS RIBEIRÃO PRETO,USP-RIBEIRÃO PRETO,Aca.,ODONTOLOGIA                                       ,6
33002029034P7,ODONTOLOGIA (PERIODONTIA),UNIVERSIDADE DE SÃO PAULO - CAMPUS RIBEIRÃO PRETO,USP-RIBEIRÃO PRETO,Aca.,ODONTOLOGIA                                       ,5
33002029035P3,Odontologia (Odontopediatria e Ortodontia),UNIVERSIDADE DE SÃO PAULO - CAMPUS RIBEIRÃO PRETO,USP-RIBEIRÃO PRETO,Aca.,ODONTOLOGIA                                       ,6
33003033001P3,BIOLOGIA BUCO-DENTAL,UNIVERSIDADE ESTADUAL DE CAMPINAS - CAMPUS PIRACICABA,UNICAMP-PIRACICABA,Aca.,ODONTOLOGIA                                       ,5
33003033003P6,ODONTOLOGIA,UNIVERSIDADE ESTADUAL DE CAMPINAS - CAMPUS PIRACICABA,UNICAMP-PIRACICABA,Aca.,ODONTOLOGIA                                       ,7
33003033004P2,MATERIAIS DENTÁRIOS,UNIVERSIDADE ESTADUAL DE CAMPINAS - CAMPUS PIRACICABA,UNICAMP-PIRACICABA,Aca.,ODONTOLOGIA                                       ,6
33003033005P9,RADIOLOGIA ODONTOLÓGICA,UNIVERSIDADE ESTADUAL DE CAMPINAS - CAMPUS PIRACICABA,UNICAMP-PIRACICABA,Aca.,ODONTOLOGIA                                       ,5
33003033008P8,CLÍNICA ODONTOLÓGICA,UNIVERSIDADE ESTADUAL DE CAMPINAS - CAMPUS PIRACICABA,UNICAMP-PIRACICABA,Aca.,ODONTOLOGIA                                       ,7
33003033009P4,ESTOMATOPATOLOGIA,UNIVERSIDADE ESTADUAL DE CAMPINAS - CAMPUS PIRACICABA,UNICAMP-PIRACICABA,Aca.,ODONTOLOGIA                                       ,7
33003033010P2,GESTÃO E SAÚDE COLETIVA,UNIVERSIDADE ESTADUAL DE CAMPINAS - CAMPUS PIRACICABA,UNICAMP-PIRACICABA,Prof.,ODONTOLOGIA                                       ,5
33004021011P0,ODONTOLOGIA,UNIVERSIDADE ESTADUAL PAULISTA JÚLIO DE MESQUITA FILHO - CAMPUS ARAÇATUBA,UNESP-ARAÇATUBA,Aca.,ODONTOLOGIA                                       ,5
33004021073P5,Ciências,UNIVERSIDADE ESTADUAL PAULISTA JÚLIO DE MESQUITA FILHO - CAMPUS ARAÇATUBA,UNESP-ARAÇATUBA,Aca.,ODONTOLOGIA                                       ,6
33004021074P1,Saúde Coletiva em Odontologia,UNIVERSIDADE ESTADUAL PAULISTA JÚLIO DE MESQUITA FILHO - CAMPUS ARAÇATUBA,UNESP-ARAÇATUBA,Aca.,ODONTOLOGIA                                       ,4
33004030010P2,CIÊNCIAS ODONTOLÓGICAS,UNIVERSIDADE ESTADUAL PAULISTA JÚLIO DE MESQUITA FILHO - CAMPUS ARARAQUARA,UNESP-ARARAQUARA,Aca.,ODONTOLOGIA                                       ,5
33004030059P1,ODONTOLOGIA,UNIVERSIDADE ESTADUAL PAULISTA JÚLIO DE MESQUITA FILHO - CAMPUS ARARAQUARA,UNESP-ARARAQUARA,Aca.,ODONTOLOGIA                                       ,7
33004145070P8,CIÊNCIAS APLICADAS À SAÚDE BUCAL,UNIVERSIDADE ESTADUAL PAULISTA JÚLIO DE MESQUITA FILHO - CAMPUS SÃO JOSÉ DOS CAMPOS,UNESP-SÃO JOSÉ DOS CAMPOS,Aca.,ODONTOLOGIA                                       ,5
33021015001P3,Ciências da Saúde,UNIVERSIDADE DE TAUBATÉ,UNITAU,Aca.,ODONTOLOGIA                                       ,4
33032017004P0,ODONTOLOGIA  (ENDODONTIA),UNIVERSIDADE DE RIBEIRÃO PRETO,UNAERP,Aca.,ODONTOLOGIA                                       ,5
33063010002P3,ODONTOLOGIA,UNIVERSIDADE PAULISTA,UNIP,Aca.,ODONTOLOGIA                                       ,5
33076014001P4,ODONTOLOGIA,UNIVERSIDADE SANTO AMARO,UNISA,Aca.,ODONTOLOGIA                                       ,4
33078017001P7,ODONTOLOGIA,UNIVERSIDADE CRUZEIRO DO SUL,UNICSUL,Aca.,ODONTOLOGIA                                       ,4
33114013001P8,ODONTOLOGIA,CENTRO UNIVERSITÁRIO DA FUNDAÇÃO HERMÍNIO OMETTO,FHO,Prof.,ODONTOLOGIA                                       ,4
33117012001P7,ODONTOLOGIA,UNIVERSIDADE UNIVERSUS VERITAS GUARULHOS,UNIVERITAS UNG,Aca.,ODONTOLOGIA                                       ,6
33119015001P0,ODONTOLOGIA,FACULDADE SÃO LEOPOLDO MANDIC,FSLM,Prof.,ODONTOLOGIA                                       ,4
40003019009P3,ODONTOLOGIA,PONTIFÍCIA UNIVERSIDADE CATÓLICA DO PARANÁ,PUCPR,Aca.,ODONTOLOGIA                                       ,4
40005011004P4,ODONTOLOGIA,UNIVERSIDADE ESTADUAL DE PONTA GROSSA,UEPG,Aca.,ODONTOLOGIA                                       ,5
41001010008P0,ODONTOLOGIA,UNIVERSIDADE FEDERAL DE SANTA CATARINA,UFSC,Aca.,ODONTOLOGIA                                       ,5
42001013053P5,ODONTOLOGIA,UNIVERSIDADE FEDERAL DO RIO GRANDE DO SUL,UFRGS,Aca.,ODONTOLOGIA                                       ,6
42003016001P8,ODONTOLOGIA,UNIVERSIDADE FEDERAL DE PELOTAS,UFPEL,Aca.,ODONTOLOGIA                                       ,6
42005019022P8,ODONTOLOGIA,PONTIFÍCIA UNIVERSIDADE CATÓLICA DO RIO GRANDE DO SUL,PUCRS,Aca.,ODONTOLOGIA                                       ,5
42019010001P1,ODONTOLOGIA,UNIVERSIDADE LUTERANA DO BRASIL,ULBRA,Aca.,ODONTOLOGIA                                       ,5
52001016025P0,ODONTOLOGIA,UNIVERSIDADE FEDERAL DE GOIÁS,UFG,Aca.,ODONTOLOGIA                                       ,5
22001018046P2,ODONTOLOGIA,UNIVERSIDADE FEDERAL DO CEARÁ,UFC,Aca.,ODONTOLOGIA                                       ,5
33057010002P7,ODONTOLOGIA,UNIVERSIDADE IBIRAPUERA,UNIB,Aca.,ODONTOLOGIA                                       ,4
32008015014P6,ODONTOLOGIA,PONTIFÍCIA UNIVERSIDADE CATÓLICA DE MINAS GERAIS,PUC MINAS,Prof.,ODONTOLOGIA                                       ,5
33119015002P6,ODONTOLOGIA,FACULDADE SÃO LEOPOLDO MANDIC,FSLM,Aca.,ODONTOLOGIA                                       ,5
32005016018P2,Odontologia,UNIVERSIDADE FEDERAL DE JUIZ DE FORA,UFJF,Aca.,ODONTOLOGIA                                       ,4
20009011001P4,ODONTOLOGIA,UNIVERSIDADE CEUMA,UNICEUMA,Aca.,ODONTOLOGIA                                       ,4
40004015029P0,ODONTOLOGIA INTEGRADA,UNIVERSIDADE ESTADUAL DE MARINGÁ,UEM,Aca.,ODONTOLOGIA                                       ,4
40022013003P2,ODONTOLOGIA CLÍNICA,UNIVERSIDADE POSITIVO,UP,Aca.,ODONTOLOGIA                                       ,4
32036019002P0,ODONTOLOGIA,UNIVERSIDADE DE UBERABA,UNIUBE,Aca.,ODONTOLOGIA                                       ,4
42002010042P3,CIÊNCIAS ODONTOLÓGICAS,UNIVERSIDADE FEDERAL DE SANTA MARIA,UFSM,Aca.,ODONTOLOGIA                                       ,5
40038017001P0,ODONTOLOGIA,CENTRO UNIVERSITÁRIO INGÁ,UNINGÁ,Prof.,ODONTOLOGIA                                       ,3
20001010017P7,ODONTOLOGIA,UNIVERSIDADE FEDERAL DO MARANHÃO,UFMA,Aca.,ODONTOLOGIA                                       ,5
40041018001P7,Odontologia,FACULDADE ILAPEO,ILAPEO,Prof.,ODONTOLOGIA                                       ,4
40001016065P8,ODONTOLOGIA,UNIVERSIDADE FEDERAL DO PARANÁ,UFPR,Aca.,ODONTOLOGIA                                       ,4
24004014010P2,ODONTOLOGIA,UNIVERSIDADE ESTADUAL DA PARAÍBA,UEPB,Aca.,ODONTOLOGIA                                       ,4
32010010006P8,ODONTOLOGIA,UNIVERSIDADE FEDERAL DOS VALES DO JEQUITINHONHA E MUCURI,UFVJM,Aca.,ODONTOLOGIA                                       ,4
42009014007P4,ODONTOLOGIA,UNIVERSIDADE DE PASSO FUNDO,UPF,Aca.,ODONTOLOGIA                                       ,5
33002053010P7,Ciências Odontológicas Aplicadas,UNIVERSIDADE DE SÃO PAULO - FACULDADE DE ODONTOLOGIA DE BAURU,USP-FOB,Aca.,ODONTOLOGIA                                       ,6
31018017012P2,Odontologia,UNIVERSIDADE ESTÁCIO DE SÁ,UNESA,Aca.,ODONTOLOGIA                                       ,4
33082014003P3,Ciências Odontológicas,UNIVERSIDADE DE ARARAQUARA,UNIARA,Prof.,ODONTOLOGIA                                       ,4
50008013001P2,Ciências Odontológicas Integradas,UNIVERSIDADE DE CUIABÁ,UNIC,Aca.,ODONTOLOGIA                                       ,4
21001014028P1,ODONTOLOGIA,UNIVERSIDADE FEDERAL DO PIAUÍ,UFPI,Aca.,ODONTOLOGIA                                       ,4
27001016040P8,Odontologia,UNIVERSIDADE FEDERAL DE SERGIPE,UFS,Aca.,ODONTOLOGIA                                       ,4
12001015040P6,Odontologia,UNIVERSIDADE FEDERAL DO AMAZONAS,UFAM,Aca.,ODONTOLOGIA                                       ,4
32011016009P0,Ciências Odontológicas,UNIVERSIDADE FEDERAL DE ALFENAS,UNIFAL-MG,Aca.,ODONTOLOGIA                                       ,4
26006014001P1,PESQUISA EM SAÚDE,CENTRO UNIVERSITÁRIO CESMAC,CESMAC,Prof.,ODONTOLOGIA                                       ,4
31001017152P2,ODONTOLOGIA,UNIVERSIDADE FEDERAL DO RIO DE JANEIRO,UFRJ,Prof.,ODONTOLOGIA                                       ,4
40015017025P3,ODONTOLOGIA,UNIVERSIDADE ESTADUAL DO OESTE DO PARANÁ,UNIOESTE,Aca.,ODONTOLOGIA                                       ,4
33002029048P8,Biologia Oral,UNIVERSIDADE DE SÃO PAULO - CAMPUS RIBEIRÃO PRETO,USP-RIBEIRÃO PRETO,Aca.,ODONTOLOGIA                                       ,5
31003010094P9,ODONTOLOGIA,UNIVERSIDADE FEDERAL FLUMINENSE,UFF,Aca.,ODONTOLOGIA                                       ,4
32001010096P8,Odontologia em Saúde Pública,UNIVERSIDADE FEDERAL DE MINAS GERAIS,UFMG,Prof.,ODONTOLOGIA                                       ,5
40022013007P8,Odontologia,UNIVERSIDADE POSITIVO,UP,Aca.,ODONTOLOGIA                                       ,4
22002014010P4,ODONTOLOGIA,UNIVERSIDADE DE FORTALEZA,UNIFOR,Prof.,ODONTOLOGIA                                       ,3
33004145082P6,CIÊNCIA E TECNOLOGIA APLICADA À ODONTOLOGIA,UNIVERSIDADE ESTADUAL PAULISTA JÚLIO DE MESQUITA FILHO - CAMPUS SÃO JOSÉ DOS CAMPOS,UNESP-SÃO JOSÉ DOS CAMPOS,Prof.,ODONTOLOGIA                                       ,4
33117012004P6,ORTODONTIA,UNIVERSIDADE UNIVERSUS VERITAS GUARULHOS,UNIVERITAS UNG,Prof.,ODONTOLOGIA                                       ,4
31035019006P7,ODONTOLOGIA,UNIVERSIDADE DO GRANDE RIO PROFESSOR JOSÉ DE SOUZA HERDY,UNIGRANRIO,Aca.,ODONTOLOGIA                                       ,4
15013014003P6,CLÍNICA ODONTOLÓGICA,CENTRO UNIVERSITÁRIO DO ESTADO DO PARÁ,CESUPA,Prof.,ODONTOLOGIA                                       ,4
50008013004P1,CIÊNCIAS ODONTOLÓGICAS INTEGRADAS,UNIVERSIDADE DE CUIABÁ,UNIC,Aca.,ODONTOLOGIA                                       ,4
42051010005P0,ODONTOLOGIA,FACULDADE ATITUS EDUCAÇÃO PASSO FUNDO,ATITUS EDUCAÇÃO,Aca.,ODONTOLOGIA                                       ,4
23009004004P6,CIÊNCIAS ODONTOLÓGICAS,CENTRO UNIVERSITÁRIO CHRISTUS,UNICHRISTUS,Aca.,ODONTOLOGIA                                       ,4
53001010110P3,ODONTOLOGIA,UNIVERSIDADE DE BRASÍLIA,UNB,Aca.,ODONTOLOGIA                                       ,4
20009011040P0,ODONTOLOGIA,UNIVERSIDADE CEUMA,UNICEUMA,Aca.,ODONTOLOGIA                                       ,4
31030017007P1,ODONTOLOGIA,UNIVERSIDADE VEIGA DE ALMEIDA,UVA,Aca.,ODONTOLOGIA                                       ,4
52006018002P1,ODONTOLOGIA,UNIVERSIDADE EVANGÉLICA DE GOIÁS,UNIEVANGÉLICA,Aca.,ODONTOLOGIA                                       ,3
23022000001P6,CLÍNICA ODONTOLÓGICA ,FACULDADE PAULO PICANÇO,FACPP,Prof.,ODONTOLOGIA                                       ,4
30001013109P7,CIÊNCIAS ODONTOLÓGICAS,UNIVERSIDADE FEDERAL DO ESPÍRITO SANTO,UFES,Aca.,ODONTOLOGIA                                       ,3
51003015004P2,ODONTOLOGIA,UNIVERSIDADE ANHANGUERA,UNIDERP,Aca.,ODONTOLOGIA                                       ,4
24001015015P5,PRODUTOS NATURAIS E SINTÉTICOS BIOATIVOS,UNIVERSIDADE FEDERAL DA PARAÍBA - CAMPUS JOÃO PESSOA,UFPB-JOÃO PESSOA,Aca.,FARMÁCIA                                          ,6
25001019027P6,CIÊNCIAS FARMACÊUTICAS,UNIVERSIDADE FEDERAL DE PERNAMBUCO,UFPE,Aca.,FARMÁCIA                                          ,4
31001017099P4,CIÊNCIAS FARMACÊUTICAS,UNIVERSIDADE FEDERAL DO RIO DE JANEIRO,UFRJ,Aca.,FARMÁCIA                                          ,5
32001010055P0,CIÊNCIAS FARMACÊUTICAS,UNIVERSIDADE FEDERAL DE MINAS GERAIS,UFMG,Aca.,FARMÁCIA                                          ,6
33002010078P9,TECNOLOGIA BIOQUÍMICO-FARMACÊUTICA,UNIVERSIDADE DE SÃO PAULO,USP,Aca.,FARMÁCIA                                          ,5
33002010079P5,Farmácia (Fisiopatologia e Toxicologia),UNIVERSIDADE DE SÃO PAULO,USP,Aca.,FARMÁCIA                                          ,7
33002010081P0,FÁRMACOS E MEDICAMENTOS,UNIVERSIDADE DE SÃO PAULO,USP,Aca.,FARMÁCIA                                          ,5
33002029023P5,CIÊNCIAS FARMACÊUTICAS,UNIVERSIDADE DE SÃO PAULO - CAMPUS RIBEIRÃO PRETO,USP-RIBEIRÃO PRETO,Aca.,FARMÁCIA                                          ,7
33004030078P6,CIÊNCIAS FARMACÊUTICAS,UNIVERSIDADE ESTADUAL PAULISTA JÚLIO DE MESQUITA FILHO - CAMPUS ARARAQUARA,UNESP-ARARAQUARA,Aca.,FARMÁCIA                                          ,6
33004030081P7,BIOCIÊNCIAS E BIOTECNOLOGIA APLICADAS À FARMÁCIA,UNIVERSIDADE ESTADUAL PAULISTA JÚLIO DE MESQUITA FILHO - CAMPUS ARARAQUARA,UNESP-ARARAQUARA,Aca.,FARMÁCIA                                          ,7
40001016042P8,CIÊNCIAS FARMACÊUTICAS,UNIVERSIDADE FEDERAL DO PARANÁ,UFPR,Aca.,FARMÁCIA                                          ,5
40004015018P9,CIÊNCIAS FARMACÊUTICAS,UNIVERSIDADE ESTADUAL DE MARINGÁ,UEM,Aca.,FARMÁCIA                                          ,5
40004015022P6,Biociências e Fisiopatologia,UNIVERSIDADE ESTADUAL DE MARINGÁ,UEM,Aca.,FARMÁCIA                                          ,5
41001010044P7,FARMÁCIA,UNIVERSIDADE FEDERAL DE SANTA CATARINA,UFSC,Aca.,FARMÁCIA                                          ,5
42001013023P9,CIÊNCIAS FARMACÊUTICAS,UNIVERSIDADE FEDERAL DO RIO GRANDE DO SUL,UFRGS,Aca.,FARMÁCIA                                          ,7
42002010029P7,CIÊNCIAS FARMACÊUTICAS,UNIVERSIDADE FEDERAL DE SANTA MARIA,UFSM,Aca.,FARMÁCIA                                          ,5
33002029039P9,TOXICOLOGIA,UNIVERSIDADE DE SÃO PAULO - CAMPUS RIBEIRÃO PRETO,USP-RIBEIRÃO PRETO,Aca.,FARMÁCIA                                          ,6
32011016003P1,CIÊNCIAS FARMACÊUTICAS,UNIVERSIDADE FEDERAL DE ALFENAS,UNIFAL-MG,Aca.,FARMÁCIA                                          ,4
33002029041P3,Biociências e Biotecnologia,UNIVERSIDADE DE SÃO PAULO - CAMPUS RIBEIRÃO PRETO,USP-RIBEIRÃO PRETO,Aca.,FARMÁCIA                                          ,6
23001011040P7,CIÊNCIAS FARMACÊUTICAS,UNIVERSIDADE FEDERAL DO RIO GRANDE DO NORTE,UFRN,Aca.,FARMÁCIA                                          ,4
52001016031P0,CIÊNCIAS FARMACÊUTICAS,UNIVERSIDADE FEDERAL DE GOIÁS,UFG,Aca.,FARMÁCIA                                          ,4
41005015008P2,CIÊNCIAS FARMACÊUTICAS,UNIVERSIDADE DO VALE DO ITAJAÍ,UNIVALI,Aca.,FARMÁCIA                                          ,5
15001016049P1,CIÊNCIAS FARMACÊUTICAS,UNIVERSIDADE FEDERAL DO PARÁ,UFPA,Aca.,FARMÁCIA                                          ,4
32007019014P0,CIÊNCIAS FARMACÊUTICAS,UNIVERSIDADE FEDERAL DE OURO PRETO,UFOP,Aca.,FARMÁCIA                                          ,5
33107017002P1,FARMÁCIA,UNIVERSIDADE ANHANGUERA DE SÃO PAULO,UNIAN-SP,Prof.,FARMÁCIA                                          ,3
27001016019P9,CIÊNCIAS FARMACÊUTICAS,UNIVERSIDADE FEDERAL DE SERGIPE,UFS,Aca.,FARMÁCIA                                          ,4
33065012003P9,CIÊNCIAS FARMACÊUTICAS,UNIVERSIDADE DE SOROCABA,UNISO,Aca.,FARMÁCIA                                          ,4
12001015033P0,CIÊNCIAS FARMACÊUTICAS,UNIVERSIDADE FEDERAL DO AMAZONAS,UFAM,Aca.,FARMÁCIA                                          ,3
28001010067P0,FARMÁCIA,UNIVERSIDADE FEDERAL DA BAHIA,UFBA,Aca.,FARMÁCIA                                          ,4
25001019073P8,INOVAÇÃO TERAPÊUTICA,UNIVERSIDADE FEDERAL DE PERNAMBUCO,UFPE,Aca.,FARMÁCIA                                          ,5
23001011047P1,DESENVOLVIMENTO E INOVAÇÃO TECNOLÓGICA EM MEDICAMENTOS,UNIVERSIDADE FEDERAL DA PARAÍBA - CAMPUS JOÃO PESSOA,UFPB-JOÃO PESSOA,Aca.,FARMÁCIA                                          ,4
31010016023P3,"Gestão, Pesquisa e Desenvolvimento na Indústria Farmacêutica",FUNDAÇÃO OSWALDO CRUZ,FIOCRUZ,Prof.,FARMÁCIA                                          ,4
22001018072P3,CIÊNCIAS FARMACÊUTICAS,UNIVERSIDADE FEDERAL DO CEARÁ,UFC,Aca.,FARMÁCIA                                          ,4
40014010006P2,CIÊNCIAS FARMACÊUTICAS,UNIVERSIDADE ESTADUAL DO CENTRO-OESTE,UNICENTRO,Aca.,FARMÁCIA                                          ,4
21001014022P3,CIENCIAS FARMACEUTICAS,UNIVERSIDADE FEDERAL DO PIAUÍ,UFPI,Aca.,FARMÁCIA                                          ,4
30011019003P6,Ciências Farmacêuticas,UNIVERSIDADE VILA VELHA,UVV,Aca.,FARMÁCIA                                          ,4
52001016048P0,Nanotecnologia Farmacêutica,UNIVERSIDADE FEDERAL DE GOIÁS,UFG,Aca.,FARMÁCIA                                          ,4
32005016032P5,CIÊNCIAS FARMACÊUTICAS,UNIVERSIDADE FEDERAL DE JUIZ DE FORA,UFJF,Aca.,FARMÁCIA                                          ,4
31001017143P3,Produtos Bioativos e Biociências,UNIVERSIDADE FEDERAL DO RIO DE JANEIRO,UFRJ,Aca.,FARMÁCIA                                          ,4
53001010085P9,Ciências Farmacêuticas,UNIVERSIDADE DE BRASÍLIA,UNB,Aca.,FARMÁCIA                                          ,5
33003017091P1,Ciências Farmacêuticas,UNIVERSIDADE ESTADUAL DE CAMPINAS,UNICAMP,Aca.,FARMÁCIA                                          ,4
25020013003P7,Biociências,UNIVERSIDADE FEDERAL DO VALE DO SÃO FRANCISCO,UNIVASF,Aca.,FARMÁCIA                                          ,4
24004014014P8,CIÊNCIAS FARMACÊUTICAS,UNIVERSIDADE ESTADUAL DA PARAÍBA,UEPB,Aca.,FARMÁCIA                                          ,3
51001012030P0,Farmácia,UNIVERSIDADE FEDERAL DE MATO GROSSO DO SUL,UFMS,Aca.,FARMÁCIA                                          ,4
42001013102P6,Assistência Farmacêutica,UNIVERSIDADE FEDERAL DE SANTA CATARINA,UFSC,Aca.,FARMÁCIA                                          ,4
31003010082P0,ADMINISTRAÇÃO E GESTÃO DA ASSISTÊNCIA FARMACÊUTICA,UNIVERSIDADE FEDERAL FLUMINENSE,UFF,Prof.,FARMÁCIA                                          ,4
32010010009P7,Ciências Farmacêuticas,UNIVERSIDADE FEDERAL DOS VALES DO JEQUITINHONHA E MUCURI,UFVJM,Aca.,FARMÁCIA                                          ,3
26001012036P8,CIÊNCIAS FARMACÊUTICAS,UNIVERSIDADE FEDERAL DE ALAGOAS,UFAL,Aca.,FARMÁCIA                                          ,4
32001010091P6,Medicamentos e Assistência Farmacêutica,UNIVERSIDADE FEDERAL DE MINAS GERAIS,UFMG,Aca.,FARMÁCIA                                          ,4
40015017021P8,Ciências Farmacêuticas,UNIVERSIDADE ESTADUAL DO OESTE DO PARANÁ,UNIOESTE,Aca.,FARMÁCIA                                          ,3
42046017007P2,Ciências Farmacêuticas,UNIVERSIDADE FEDERAL DO PAMPA,UNIPAMPA,Aca.,FARMÁCIA                                          ,4
52001016062P2,Inovação Farmacêutica,UNIVERSIDADE FEDERAL DO PARÁ,UFPA,Aca.,FARMÁCIA                                          ,4
32018010013P1,Ciências Farmacêuticas,UNIVERSIDADE FEDERAL DE SÃO JOÃO DEL-REI,UFSJ,Aca.,FARMÁCIA                                          ,4
14001012005P1,Ciências Farmacêuticas,UNIVERSIDADE FEDERAL DO AMAPÁ,UNIFAP,Aca.,FARMÁCIA                                          ,3
32001010093P9,ANÁLISES CLÍNICAS E TOXICOLÓGICAS,UNIVERSIDADE FEDERAL DE MINAS GERAIS,UFMG,Aca.,FARMÁCIA                                          ,4
31001017154P5,Ciência e Tecnologia Farmacêutica,UNIVERSIDADE FEDERAL DO RIO DE JANEIRO,UFRJ,Prof.,FARMÁCIA                                          ,3
28002016018P1,Ciências Farmacêuticas,UNIVERSIDADE ESTADUAL DE FEIRA DE SANTANA,UEFS,Aca.,FARMÁCIA                                          ,3
30001013056P0,Ciências Farmacêuticas,UNIVERSIDADE FEDERAL DO ESPÍRITO SANTO,UFES,Aca.,FARMÁCIA                                          ,4
52001016072P8,Assistência e Avaliação em Saúde,UNIVERSIDADE FEDERAL DE GOIÁS,UFG,Aca.,FARMÁCIA                                          ,3
15001016086P4,QUÍMICA MEDICINAL E MODELAGEM MOLECULAR,UNIVERSIDADE FEDERAL DO PARÁ,UFPA,Aca.,FARMÁCIA                                          ,3
33009015091P0,CIÊNCIAS FARMACÊUTICAS,UNIVERSIDADE FEDERAL DE SÃO PAULO,UNIFESP,Aca.,FARMÁCIA                                          ,3
40004015072P3,ASSISTÊNCIA FARMACÊUTICA,UNIVERSIDADE ESTADUAL DE MARINGÁ,UEM,Prof.,FARMÁCIA                                          ,3
42041015009P3,TOXICOLOGIA E ANÁLISES TOXICOLÓGICAS,UNIVERSIDADE FEEVALE,FEEVALE,Aca.,FARMÁCIA                                          ,3
40028011004P7,PLANTAS MEDICINAIS E FITOTERÁPICOS NA ATENÇÃO BÁSICA,UNIVERSIDADE PARANAENSE,UNIPAR,Prof.,FARMÁCIA                                          ,4
40002012172P5,CIÊNCIAS FARMACÊUTICAS,UNIVERSIDADE ESTADUAL DE LONDRINA,UEL,Aca.,FARMÁCIA                                          ,3
15001016160P0,ASSISTÊNCIA FARMACÊUTICA,UNIVERSIDADE FEDERAL DO PARÁ,UFPA,Prof.,FARMÁCIA                                          ,3
28005015073P1,CIÊNCIAS FARMACÊUTICAS ,UNIVERSIDADE DO ESTADO DA BAHIA,UNEB,Aca.,FARMÁCIA                                          ,3
31010016152P8,PESQUISA TRANSLACIONAL EM FÁRMACOS E MEDICAMENTOS,FUNDAÇÃO OSWALDO CRUZ,FIOCRUZ,Aca.,FARMÁCIA                                          ,4
52006018003P8,"Ciências Farmacêuticas, Farmacologia e Terapêutica",UNIVERSIDADE EVANGÉLICA DE GOIÁS,UNIEVANGÉLICA,Prof.,FARMÁCIA                                          ,3
22001018021P0,ENFERMAGEM,UNIVERSIDADE FEDERAL DO CEARÁ,UFC,Aca.,ENFERMAGEM                                        ,7
23001011029P3,ENFERMAGEM,UNIVERSIDADE FEDERAL DO RIO GRANDE DO NORTE,UFRN,Aca.,ENFERMAGEM                                        ,5
24001015016P1,ENFERMAGEM,UNIVERSIDADE FEDERAL DA PARAÍBA - CAMPUS JOÃO PESSOA,UFPB-JOÃO PESSOA,Aca.,ENFERMAGEM                                        ,5
28001010014P3,ENFERMAGEM E SAÚDE,UNIVERSIDADE FEDERAL DA BAHIA,UFBA,Aca.,ENFERMAGEM                                        ,5
31001017060P0,ENFERMAGEM,UNIVERSIDADE FEDERAL DO RIO DE JANEIRO,UFRJ,Aca.,ENFERMAGEM                                        ,6
31003010055P3,ENFERMAGEM,UNIVERSIDADE FEDERAL FLUMINENSE,UFF,Prof.,ENFERMAGEM                                        ,5
31004016026P6,ENFERMAGEM,UNIVERSIDADE DO ESTADO DO RIO DE JANEIRO,UERJ,Aca.,ENFERMAGEM                                        ,5
31021018001P8,ENFERMAGEM E BIOCIÊNCIAS,UNIVERSIDADE FEDERAL DO ESTADO DO RIO DE JANEIRO,UNIRIO,Aca.,ENFERMAGEM                                        ,4
32001010046P0,ENFERMAGEM,UNIVERSIDADE FEDERAL DE MINAS GERAIS,UFMG,Aca.,ENFERMAGEM                                        ,6
33002010083P2,ENFERMAGEM,UNIVERSIDADE DE SÃO PAULO,USP,Aca.,ENFERMAGEM                                        ,6
33002010120P5,ENFERMAGEM,UNIVERSIDADE DE SÃO PAULO,USP,Aca.,ENFERMAGEM                                        ,6
33002010186P6,ENFERMAGEM NA SAÚDE DO ADULTO,UNIVERSIDADE DE SÃO PAULO,USP,Aca.,ENFERMAGEM                                        ,7
33002029016P9,ENFERMAGEM PSIQUIÁTRICA,UNIVERSIDADE DE SÃO PAULO - CAMPUS RIBEIRÃO PRETO,USP-RIBEIRÃO PRETO,Aca.,ENFERMAGEM                                        ,5
33002029017P5,ENFERMAGEM FUNDAMENTAL,UNIVERSIDADE DE SÃO PAULO - CAMPUS RIBEIRÃO PRETO,USP-RIBEIRÃO PRETO,Aca.,ENFERMAGEM                                        ,7
33002029027P0,ENFERMAGEM EM SAÚDE PÚBLICA,UNIVERSIDADE DE SÃO PAULO - CAMPUS RIBEIRÃO PRETO,USP-RIBEIRÃO PRETO,Aca.,ENFERMAGEM                                        ,7
33003017072P7,ENFERMAGEM,UNIVERSIDADE ESTADUAL DE CAMPINAS,UNICAMP,Aca.,ENFERMAGEM                                        ,5
33009015035P2,ENFERMAGEM,UNIVERSIDADE FEDERAL DE SÃO PAULO,UNIFESP,Aca.,ENFERMAGEM                                        ,6
33117012002P3,ENFERMAGEM,UNIVERSIDADE UNIVERSUS VERITAS GUARULHOS,UNIVERITAS UNG,Aca.,ENFERMAGEM                                        ,4
40001016045P7,ENFERMAGEM,UNIVERSIDADE FEDERAL DO PARANÁ,UFPR,Aca.,ENFERMAGEM                                        ,5
40004015024P9,ENFERMAGEM,UNIVERSIDADE ESTADUAL DE MARINGÁ,UEM,Aca.,ENFERMAGEM                                        ,5
41001010009P7,ENFERMAGEM,UNIVERSIDADE FEDERAL DE SANTA CATARINA,UFSC,Aca.,ENFERMAGEM                                        ,6
42001013067P6,ENFERMAGEM,UNIVERSIDADE FEDERAL DO RIO GRANDE DO SUL,UFRGS,Aca.,ENFERMAGEM                                        ,5
42004012009P5,ENFERMAGEM,UNIVERSIDADE FEDERAL DO RIO GRANDE,FURG,Aca.,ENFERMAGEM                                        ,5
52001016023P7,Enfermagem e Saúde (PPGENFS),UNIVERSIDADE FEDERAL DE GOIÁS,UFG,Aca.,ENFERMAGEM                                        ,5
22003010012P3,Cuidados Clínicos em Enfermagem e Saúde,UNIVERSIDADE ESTADUAL DO CEARÁ,UECE,Aca.,ENFERMAGEM                                        ,5
50001019015P9,ENFERMAGEM,UNIVERSIDADE FEDERAL DE MATO GROSSO,UFMT,Aca.,ENFERMAGEM                                        ,4
33004064081P0,ENFERMAGEM,UNIVERSIDADE ESTADUAL PAULISTA JÚLIO DE MESQUITA FILHO - CAMPUS BOTUCATU,UNESP-BOTUCATU,Prof.,ENFERMAGEM                                        ,5
42002010035P7,ENFERMAGEM,UNIVERSIDADE FEDERAL DE SANTA MARIA,UFSM,Aca.,ENFERMAGEM                                        ,5
21001014012P8,ENFERMAGEM,UNIVERSIDADE FEDERAL DO PIAUÍ,UFPI,Aca.,ENFERMAGEM                                        ,5
42003016030P8,ENFERMAGEM,UNIVERSIDADE FEDERAL DE PELOTAS,UFPEL,Aca.,ENFERMAGEM                                        ,5
33001014028P5,ENFERMAGEM,UNIVERSIDADE FEDERAL DE SÃO CARLOS,UFSCAR,Aca.,ENFERMAGEM                                        ,5
32012012004P4,ATENÇÃO À SAÚDE,UNIVERSIDADE FEDERAL DO TRIÂNGULO MINEIRO,UFTM,Aca.,ENFERMAGEM                                        ,5
25004018015P7,ENFERMAGEM - FESP-UPE - UEPB,UNIVERSIDADE DE PERNAMBUCO,UPE,Aca.,ENFERMAGEM                                        ,4
31003010067P1,ENFERMAGEM,UNIVERSIDADE FEDERAL FLUMINENSE,UFF,Aca.,ENFERMAGEM                                        ,4
28006011007P5,ENFERMAGEM E SAÚDE,UNIVERSIDADE ESTADUAL DO SUDOESTE DA BAHIA,UESB,Aca.,ENFERMAGEM                                        ,4
41001010079P5,Gestão do Cuidado em Enfermagem,UNIVERSIDADE FEDERAL DE SANTA CATARINA,UFSC,Prof.,ENFERMAGEM                                        ,5
25001019082P7,ENFERMAGEM,UNIVERSIDADE FEDERAL DE PERNAMBUCO,UFPE,Aca.,ENFERMAGEM                                        ,4
33002010213P3,Gerenciamento em Enfermagem,UNIVERSIDADE DE SÃO PAULO,USP,Aca.,ENFERMAGEM                                        ,5
53001010082P0,ENFERMAGEM,UNIVERSIDADE DE BRASÍLIA,UNB,Aca.,ENFERMAGEM                                        ,4
15006018003P3,Enfermagem,UNIVERSIDADE DO ESTADO DO PARÁ,UEPA,Aca.,ENFERMAGEM                                        ,4
40002012047P6,Enfermagem,UNIVERSIDADE ESTADUAL DE LONDRINA,UEL,Aca.,ENFERMAGEM                                        ,4
32005016033P1,Enfermagem,UNIVERSIDADE FEDERAL DE JUIZ DE FORA,UFJF,Aca.,ENFERMAGEM                                        ,4
31021018013P6,Enfermagem e Biociências,UNIVERSIDADE FEDERAL DO ESTADO DO RIO DE JANEIRO,UNIRIO,Aca.,ENFERMAGEM                                        ,4
32011016006P0,Enfermagem,UNIVERSIDADE FEDERAL DE ALFENAS,UNIFAL-MG,Aca.,ENFERMAGEM                                        ,4
28002016013P0,ENFERMAGEM,UNIVERSIDADE ESTADUAL DE FEIRA DE SANTANA,UEFS,Prof.,ENFERMAGEM                                        ,3
40001016073P0,PRÁTICA DO CUIDADO EM SAÚDE,UNIVERSIDADE FEDERAL DO PARANÁ,UFPR,Prof.,ENFERMAGEM                                        ,4
26001012030P0,ENFERMAGEM,UNIVERSIDADE FEDERAL DE ALAGOAS,UFAL,Aca.,ENFERMAGEM                                        ,4
15001016066P3,ENFERMAGEM,UNIVERSIDADE FEDERAL DO PARÁ,UFPA,Aca.,ENFERMAGEM                                        ,3
30001013048P8,Enfermagem,UNIVERSIDADE FEDERAL DO ESPÍRITO SANTO,UFES,Prof.,ENFERMAGEM                                        ,4
20001010025P0,Enfermagem,UNIVERSIDADE FEDERAL DO MARANHÃO,UFMA,Aca.,ENFERMAGEM                                        ,3
42007011025P0,Enfermagem,UNIVERSIDADE DO VALE DO RIO DOS SINOS,UNISINOS,Prof.,ENFERMAGEM                                        ,4
21005010001P5,SAÚDE DA FAMÍLIA,CENTRO UNIVERSITÁRIO UNINOVAFAPI,UNINOVAFAPI,Prof.,ENFERMAGEM                                        ,3
51001012036P9,ENFERMAGEM,UNIVERSIDADE FEDERAL DE MATO GROSSO DO SUL,UFMS,Aca.,ENFERMAGEM                                        ,3
53022017001P6,Ciências para a Saúde,ESCOLA DE SAÚDE PÚBLICA DO DISTRITO FEDERAL,ESP/DF,Prof.,ENFERMAGEM                                        ,4
33031010002P1,Enfermagem,FACULDADE DE MEDICINA DE SÃO JOSÉ DO RIO PRETO,FAMERP,Aca.,ENFERMAGEM                                        ,4
33004064085P5,ENFERMAGEM,UNIVERSIDADE ESTADUAL PAULISTA JÚLIO DE MESQUITA FILHO - CAMPUS BOTUCATU,UNESP-BOTUCATU,Aca.,ENFERMAGEM                                        ,4
33002010231P1,Enfermagem na Atenção Primária em Saúde no SUS,UNIVERSIDADE DE SÃO PAULO,USP,Prof.,ENFERMAGEM                                        ,4
33002029047P1,Tecnologia e Inovação em Enfermagem,UNIVERSIDADE DE SÃO PAULO - CAMPUS RIBEIRÃO PRETO,USP-RIBEIRÃO PRETO,Prof.,ENFERMAGEM                                        ,4
31021018022P5,SAÚDE e TECNOLOGIA no ESPAÇO HOSPITALAR,UNIVERSIDADE FEDERAL DO ESTADO DO RIO DE JANEIRO,UNIRIO,Prof.,ENFERMAGEM                                        ,3
52002012016P7,ATENÇÃO À SAÚDE,PONTIFÍCIA UNIVERSIDADE CATÓLICA DE GOIÁS,PUC GOIÁS,Aca.,ENFERMAGEM                                        ,3
32018010014P8,Enfermagem,UNIVERSIDADE FEDERAL DE SÃO JOÃO DEL-REI,UFSJ,Aca.,ENFERMAGEM                                        ,4
33068011005P0,Enfermagem,FACULDADE ISRAELITA DE CIÊNCIAS DA SAÚDE ALBERT EINSTEIN,FICSAE,Prof.,ENFERMAGEM                                        ,4
27001016048P9,Enfermagem,UNIVERSIDADE FEDERAL DE SERGIPE,UFS,Aca.,ENFERMAGEM                                        ,4
22005013002P0,Enfermagem,UNIVERSIDADE REGIONAL DO CARIRI,URCA,Aca.,ENFERMAGEM                                        ,3
40015017071P5,SAÚDE PÚBLICA EM REGIÃO DE FRONTEIRA,UNIVERSIDADE ESTADUAL DO OESTE DO PARANÁ,UNIOESTE,Aca.,ENFERMAGEM                                        ,3
25046004001P0,SAÚDE DA FAMÍLIA,FACULDADE DE ENFERMAGEM NOVA ESPERANÇA,FACENE,Prof.,ENFERMAGEM                                        ,3
42039010004P0,SAÚDE MATERNO INFANTIL,UNIVERSIDADE FRANCISCANA,UFN,Prof.,ENFERMAGEM                                        ,4
42015014011P8,ENFERMAGEM,UNIVERSIDADE FEDERAL DE CIÊNCIAS DA SAÚDE DE PORTO ALEGRE,UFCSPA,Prof.,ENFERMAGEM                                        ,3
24001015077P0,GERONTOLOGIA,UNIVERSIDADE FEDERAL DA PARAÍBA - CAMPUS JOÃO PESSOA,UFPB-JOÃO PESSOA,Prof.,ENFERMAGEM                                        ,4
41001010156P0,INFORMÁTICA EM SAÚDE ,UNIVERSIDADE FEDERAL DE SANTA CATARINA,UFSC,Prof.,ENFERMAGEM                                        ,4
22011013003P3,ENFERMAGEM,UNIVERSIDADE DA INTEGRAÇÃO INTERNACIONAL DA LUSOFONIA AFRO-BRASILEIRA,UNILAB,Aca.,ENFERMAGEM                                        ,4
22002014012P7,TECNOLOGIA E INOVAÇÃO EM ENFERMAGEM,UNIVERSIDADE DE FORTALEZA,UNIFOR,Prof.,ENFERMAGEM                                        ,3
41002016166P8,Enfermagem na Atenção Primária à Saúde,FUNDAÇÃO UNIVERSIDADE DO ESTADO DE SANTA CATARINA,UDESC,Prof.,ENFERMAGEM                                        ,4
23001011177P2,SAÚDE E SOCIEDADE,UNIVERSIDADE FEDERAL DO RIO GRANDE DO NORTE,UFRN,Prof.,ENFERMAGEM                                        ,3
51001012176P5,ENFERMAGEM,UNIVERSIDADE FEDERAL DE MATO GROSSO DO SUL,UFMS,Aca.,ENFERMAGEM                                        ,3
12001015173P6,ENFERMAGEM NO CONTEXTO AMAZÔNICO,UNIVERSIDADE FEDERAL DO AMAZONAS,UFAM,Prof.,ENFERMAGEM                                        ,3
12008010072P3,ENFERMAGEM EM SAÚDE PÚBLICA,UNIVERSIDADE DO ESTADO DO AMAZONAS,UEA,Prof.,ENFERMAGEM                                        ,3
28007018077P0,ENFERMAGEM,UNIVERSIDADE ESTADUAL DE SANTA CRUZ,UESC,Prof.,ENFERMAGEM                                        ,3
32001010040P2,CIÊNCIAS DO ESPORTE,UNIVERSIDADE FEDERAL DE MINAS GERAIS,UFMG,Aca.,"EDUCAÇÃO FÍSICA, FISIOTERAPIA, FONOAUDIOLOGIA E TERAPIA OCUPACIONAL",6
32001010062P6,CIÊNCIAS DA REABILITAÇÃO,UNIVERSIDADE FEDERAL DE MINAS GERAIS,UFMG,Aca.,"EDUCAÇÃO FÍSICA, FISIOTERAPIA, FONOAUDIOLOGIA E TERAPIA OCUPACIONAL",6
33001014016P7,FISIOTERAPIA,UNIVERSIDADE FEDERAL DE SÃO CARLOS,UFSCAR,Aca.,"EDUCAÇÃO FÍSICA, FISIOTERAPIA, FONOAUDIOLOGIA E TERAPIA OCUPACIONAL",7
33002010084P9,EDUCAÇÃO FÍSICA E ESPORTE,UNIVERSIDADE DE SÃO PAULO,USP,Aca.,"EDUCAÇÃO FÍSICA, FISIOTERAPIA, FONOAUDIOLOGIA E TERAPIA OCUPACIONAL",7
33003017046P6,EDUCAÇÃO FÍSICA,UNIVERSIDADE ESTADUAL DE CAMPINAS,UNICAMP,Aca.,"EDUCAÇÃO FÍSICA, FISIOTERAPIA, FONOAUDIOLOGIA E TERAPIA OCUPACIONAL",5
33004137062P0,Ciências do Movimento,UNIVERSIDADE ESTADUAL PAULISTA JÚLIO DE MESQUITA FILHO - CAMPUS RIO CLARO,UNESP-RIO CLARO,Aca.,"EDUCAÇÃO FÍSICA, FISIOTERAPIA, FONOAUDIOLOGIA E TERAPIA OCUPACIONAL",5
33005010024P9,Comunicação Humana e Saúde,PONTIFÍCIA UNIVERSIDADE CATÓLICA DE SÃO PAULO,PUCSP,Aca.,"EDUCAÇÃO FÍSICA, FISIOTERAPIA, FONOAUDIOLOGIA E TERAPIA OCUPACIONAL",4
33009015026P3,DISTÚRBIOS DA COMUNICAÇÃO HUMANA (FONOAUDIOLOGIA),UNIVERSIDADE FEDERAL DE SÃO PAULO,UNIFESP,Aca.,"EDUCAÇÃO FÍSICA, FISIOTERAPIA, FONOAUDIOLOGIA E TERAPIA OCUPACIONAL",5
33072019002P5,EDUCAÇÃO FÍSICA,UNIVERSIDADE SÃO JUDAS TADEU,USJT,Aca.,"EDUCAÇÃO FÍSICA, FISIOTERAPIA, FONOAUDIOLOGIA E TERAPIA OCUPACIONAL",5
40001016047P0,EDUCAÇÃO FÍSICA,UNIVERSIDADE FEDERAL DO PARANÁ,UFPR,Aca.,"EDUCAÇÃO FÍSICA, FISIOTERAPIA, FONOAUDIOLOGIA E TERAPIA OCUPACIONAL",6
40020010001P7,SAÚDE DA COMUNICAÇÃO HUMANA,UNIVERSIDADE TUIUTI DO PARANÁ,UTP,Aca.,"EDUCAÇÃO FÍSICA, FISIOTERAPIA, FONOAUDIOLOGIA E TERAPIA OCUPACIONAL",5
41001010039P3,EDUCAÇÃO FÍSICA,UNIVERSIDADE FEDERAL DE SANTA CATARINA,UFSC,Aca.,"EDUCAÇÃO FÍSICA, FISIOTERAPIA, FONOAUDIOLOGIA E TERAPIA OCUPACIONAL",7
41002016004P8,CIÊNCIAS DO MOVIMENTO HUMANO,FUNDAÇÃO UNIVERSIDADE DO ESTADO DE SANTA CATARINA,UDESC,Aca.,"EDUCAÇÃO FÍSICA, FISIOTERAPIA, FONOAUDIOLOGIA E TERAPIA OCUPACIONAL",5
42001013051P2,CIÊNCIAS DO MOVIMENTO HUMANO,UNIVERSIDADE FEDERAL DO RIO GRANDE DO SUL,UFRGS,Aca.,"EDUCAÇÃO FÍSICA, FISIOTERAPIA, FONOAUDIOLOGIA E TERAPIA OCUPACIONAL",6
42002010017P9,DISTÚRBIOS DA COMUNICAÇÃO HUMANA,UNIVERSIDADE FEDERAL DE SANTA MARIA,UFSM,Aca.,"EDUCAÇÃO FÍSICA, FISIOTERAPIA, FONOAUDIOLOGIA E TERAPIA OCUPACIONAL",5
53003012007P7,EDUCAÇÃO FÍSICA,UNIVERSIDADE CATÓLICA DE BRASÍLIA,UCB,Aca.,"EDUCAÇÃO FÍSICA, FISIOTERAPIA, FONOAUDIOLOGIA E TERAPIA OCUPACIONAL",5
33002010194P9,CIÊNCIAS DA REABILITAÇÃO,UNIVERSIDADE DE SÃO PAULO,USP,Aca.,"EDUCAÇÃO FÍSICA, FISIOTERAPIA, FONOAUDIOLOGIA E TERAPIA OCUPACIONAL",6
33002053009P9,FONOAUDIOLOGIA,UNIVERSIDADE DE SÃO PAULO - FACULDADE DE ODONTOLOGIA DE BAURU,USP-FOB,Aca.,"EDUCAÇÃO FÍSICA, FISIOTERAPIA, FONOAUDIOLOGIA E TERAPIA OCUPACIONAL",5
33052018005P0,FISIOTERAPIA,UNIVERSIDADE CIDADE DE SÃO PAULO,UNICID,Aca.,"EDUCAÇÃO FÍSICA, FISIOTERAPIA, FONOAUDIOLOGIA E TERAPIA OCUPACIONAL",5
40002012029P8,EDUCAÇÃO FÍSICA,UNIVERSIDADE ESTADUAL DE LONDRINA,UEL,Aca.,"EDUCAÇÃO FÍSICA, FISIOTERAPIA, FONOAUDIOLOGIA E TERAPIA OCUPACIONAL",5
30001013025P8,EDUCAÇÃO FÍSICA,UNIVERSIDADE FEDERAL DO ESPÍRITO SANTO,UFES,Aca.,"EDUCAÇÃO FÍSICA, FISIOTERAPIA, FONOAUDIOLOGIA E TERAPIA OCUPACIONAL",5
53001010066P4,EDUCAÇÃO FÍSICA,UNIVERSIDADE DE BRASÍLIA,UNB,Aca.,"EDUCAÇÃO FÍSICA, FISIOTERAPIA, FONOAUDIOLOGIA E TERAPIA OCUPACIONAL",5
31025013002P0,CIÊNCIAS DA ATIVIDADE FÍSICA,UNIVERSIDADE SALGADO DE OLIVEIRA,UNIVERSO,Aca.,"EDUCAÇÃO FÍSICA, FISIOTERAPIA, FONOAUDIOLOGIA E TERAPIA OCUPACIONAL",3
42003016026P0,EDUCAÇÃO FÍSICA,UNIVERSIDADE FEDERAL DE PELOTAS,UFPEL,Aca.,"EDUCAÇÃO FÍSICA, FISIOTERAPIA, FONOAUDIOLOGIA E TERAPIA OCUPACIONAL",5
23001011043P6,FISIOTERAPIA,UNIVERSIDADE FEDERAL DO RIO GRANDE DO NORTE,UFRN,Aca.,"EDUCAÇÃO FÍSICA, FISIOTERAPIA, FONOAUDIOLOGIA E TERAPIA OCUPACIONAL",5
32002017034P9,EDUCAÇÃO FÍSICA,UNIVERSIDADE FEDERAL DE VIÇOSA,UFV,Aca.,"EDUCAÇÃO FÍSICA, FISIOTERAPIA, FONOAUDIOLOGIA E TERAPIA OCUPACIONAL",5
33092010004P5,CIÊNCIAS DA REABILITAÇÃO,UNIVERSIDADE NOVE DE JULHO,UNINOVE,Aca.,"EDUCAÇÃO FÍSICA, FISIOTERAPIA, FONOAUDIOLOGIA E TERAPIA OCUPACIONAL",6
25004018014P0,EDUCAÇÃO FÍSICA,UNIVERSIDADE DE PERNAMBUCO,UPE,Aca.,"EDUCAÇÃO FÍSICA, FISIOTERAPIA, FONOAUDIOLOGIA E TERAPIA OCUPACIONAL",5
25001019072P1,FISIOTERAPIA,UNIVERSIDADE FEDERAL DE PERNAMBUCO,UFPE,Aca.,"EDUCAÇÃO FÍSICA, FISIOTERAPIA, FONOAUDIOLOGIA E TERAPIA OCUPACIONAL",4
31001017131P5,EDUCAÇÃO FÍSICA,UNIVERSIDADE FEDERAL DO RIO DE JANEIRO,UFRJ,Aca.,"EDUCAÇÃO FÍSICA, FISIOTERAPIA, FONOAUDIOLOGIA E TERAPIA OCUPACIONAL",4
40002012042P4,CIÊNCIAS DA REABILITAÇÃO,UNIVERSIDADE ESTADUAL DE LONDRINA,UEL,Aca.,"EDUCAÇÃO FÍSICA, FISIOTERAPIA, FONOAUDIOLOGIA E TERAPIA OCUPACIONAL",5
33001014036P8,TERAPIA OCUPACIONAL,UNIVERSIDADE FEDERAL DE SÃO CARLOS,UFSCAR,Aca.,"EDUCAÇÃO FÍSICA, FISIOTERAPIA, FONOAUDIOLOGIA E TERAPIA OCUPACIONAL",5
31063012002P4,Ciências da Reabilitação,CENTRO UNIVERSITÁRIO AUGUSTO MOTTA,UNISUAM,Aca.,"EDUCAÇÃO FÍSICA, FISIOTERAPIA, FONOAUDIOLOGIA E TERAPIA OCUPACIONAL",4
41002016021P0,FISIOTERAPIA,FUNDAÇÃO UNIVERSIDADE DO ESTADO DE SANTA CATARINA,UDESC,Aca.,"EDUCAÇÃO FÍSICA, FISIOTERAPIA, FONOAUDIOLOGIA E TERAPIA OCUPACIONAL",4
42015014008P7,Ciências da Reabilitação,UNIVERSIDADE FEDERAL DE CIÊNCIAS DA SAÚDE DE PORTO ALEGRE,UFCSPA,Aca.,"EDUCAÇÃO FÍSICA, FISIOTERAPIA, FONOAUDIOLOGIA E TERAPIA OCUPACIONAL",4
23001011060P8,Educação Física,UNIVERSIDADE FEDERAL DO RIO GRANDE DO NORTE,UFRN,Aca.,"EDUCAÇÃO FÍSICA, FISIOTERAPIA, FONOAUDIOLOGIA E TERAPIA OCUPACIONAL",4
32012012007P3,Educação Física,UNIVERSIDADE FEDERAL DO TRIÂNGULO MINEIRO,UFTM,Aca.,"EDUCAÇÃO FÍSICA, FISIOTERAPIA, FONOAUDIOLOGIA E TERAPIA OCUPACIONAL",4
33004110045P7,Ciências da Saúde e Comunicação Humana,UNIVERSIDADE ESTADUAL PAULISTA JÚLIO DE MESQUITA FILHO - CAMPUS MARÍLIA,UNESP-MARÍLIA,Aca.,"EDUCAÇÃO FÍSICA, FISIOTERAPIA, FONOAUDIOLOGIA E TERAPIA OCUPACIONAL",4
33002029045P9,Reabilitação e Desempenho Funcional,UNIVERSIDADE DE SÃO PAULO - CAMPUS RIBEIRÃO PRETO,USP-RIBEIRÃO PRETO,Aca.,"EDUCAÇÃO FÍSICA, FISIOTERAPIA, FONOAUDIOLOGIA E TERAPIA OCUPACIONAL",6
27001016042P0,Ciências do Movimento,UNIVERSIDADE FEDERAL DE SERGIPE,UFS,Aca.,"EDUCAÇÃO FÍSICA, FISIOTERAPIA, FONOAUDIOLOGIA E TERAPIA OCUPACIONAL",4
50001019035P0,Educação Física,UNIVERSIDADE FEDERAL DE MATO GROSSO,UFMT,Aca.,"EDUCAÇÃO FÍSICA, FISIOTERAPIA, FONOAUDIOLOGIA E TERAPIA OCUPACIONAL",3
42002010054P1,CIÊNCIAS DO MOVIMENTO E REABILITAÇÃO,UNIVERSIDADE FEDERAL DE SANTA MARIA,UFSM,Aca.,"EDUCAÇÃO FÍSICA, FISIOTERAPIA, FONOAUDIOLOGIA E TERAPIA OCUPACIONAL",4
40024016004P1,EXERCICIO FISICO NA PROMOÇÂO DA SAUDE,UNIVERSIDADE PITÁGORAS UNOPAR ANHANGUERA,UNOPAR,Prof.,"EDUCAÇÃO FÍSICA, FISIOTERAPIA, FONOAUDIOLOGIA E TERAPIA OCUPACIONAL",4
33019010013P0,Saúde da Comunicação Humana,FACULDADE DE CIÊNCIAS MÉDICAS DA SANTA CASA DE SÃO PAULO,FCMSCSP,Prof.,"EDUCAÇÃO FÍSICA, FISIOTERAPIA, FONOAUDIOLOGIA E TERAPIA OCUPACIONAL",4
33007012011P3,Ciências do Movimento Humano,UNIVERSIDADE METODISTA DE PIRACICABA,UNIMEP,Aca.,"EDUCAÇÃO FÍSICA, FISIOTERAPIA, FONOAUDIOLOGIA E TERAPIA OCUPACIONAL",5
32001010094P5,Ciências Fonoaudiológicas,UNIVERSIDADE FEDERAL DE MINAS GERAIS,UFMG,Aca.,"EDUCAÇÃO FÍSICA, FISIOTERAPIA, FONOAUDIOLOGIA E TERAPIA OCUPACIONAL",4
33002010241P7,Ciências da Atividade Física,UNIVERSIDADE DE SÃO PAULO,USP,Aca.,"EDUCAÇÃO FÍSICA, FISIOTERAPIA, FONOAUDIOLOGIA E TERAPIA OCUPACIONAL",3
31004016066P8,CIÊNCIAS DO EXERCÍCIO E DO ESPORTE,UNIVERSIDADE DO ESTADO DO RIO DE JANEIRO,UERJ,Aca.,"EDUCAÇÃO FÍSICA, FISIOTERAPIA, FONOAUDIOLOGIA E TERAPIA OCUPACIONAL",4
32010010041P8,REABILITAÇÃO E DESEMPENHO FUNCIONAL,UNIVERSIDADE FEDERAL DOS VALES DO JEQUITINHONHA E MUCURI,UFVJM,Aca.,"EDUCAÇÃO FÍSICA, FISIOTERAPIA, FONOAUDIOLOGIA E TERAPIA OCUPACIONAL",4
53001010107P2,CIÊNCIAS DA REABILITAÇÃO,UNIVERSIDADE DE BRASÍLIA,UNB,Aca.,"EDUCAÇÃO FÍSICA, FISIOTERAPIA, FONOAUDIOLOGIA E TERAPIA OCUPACIONAL",3
33002029053P1,EDUCAÇÃO FÍSICA E ESPORTE,UNIVERSIDADE DE SÃO PAULO - CAMPUS RIBEIRÃO PRETO,USP-RIBEIRÃO PRETO,Aca.,"EDUCAÇÃO FÍSICA, FISIOTERAPIA, FONOAUDIOLOGIA E TERAPIA OCUPACIONAL",4
25020013010P3,EDUCAÇÃO FÍSICA,UNIVERSIDADE FEDERAL DO VALE DO SÃO FRANCISCO,UNIVASF,Aca.,"EDUCAÇÃO FÍSICA, FISIOTERAPIA, FONOAUDIOLOGIA E TERAPIA OCUPACIONAL",3
25001019156P0,EDUCAÇÃO FÍSICA,UNIVERSIDADE FEDERAL DE PERNAMBUCO,UFPE,Aca.,"EDUCAÇÃO FÍSICA, FISIOTERAPIA, FONOAUDIOLOGIA E TERAPIA OCUPACIONAL",3
41001010160P7,CIÊNCIAS DA REABILITAÇÃO,UNIVERSIDADE FEDERAL DE SANTA CATARINA,UFSC,Aca.,"EDUCAÇÃO FÍSICA, FISIOTERAPIA, FONOAUDIOLOGIA E TERAPIA OCUPACIONAL",3
32012012170P1,FISIOTERAPIA ,UNIVERSIDADE FEDERAL DO TRIÂNGULO MINEIRO,UFTM,Aca.,"EDUCAÇÃO FÍSICA, FISIOTERAPIA, FONOAUDIOLOGIA E TERAPIA OCUPACIONAL",3
32011016042P7,CIÊNCIAS DA REABILITAÇÃO,UNIVERSIDADE FEDERAL DE ALFENAS,UNIFAL-MG,Aca.,"EDUCAÇÃO FÍSICA, FISIOTERAPIA, FONOAUDIOLOGIA E TERAPIA OCUPACIONAL",3
40006018173P7,Educação Física ,UNIVERSIDADE TECNOLÓGICA FEDERAL DO PARANÁ,UTFPR,Aca.,"EDUCAÇÃO FÍSICA, FISIOTERAPIA, FONOAUDIOLOGIA E TERAPIA OCUPACIONAL",3
32005016071P0,CIÊNCIAS DA REABILITAÇÃO E DESEMPENHO FÍSICO-FUNCIONAL,UNIVERSIDADE FEDERAL DE JUIZ DE FORA,UFJF,Aca.,"EDUCAÇÃO FÍSICA, FISIOTERAPIA, FONOAUDIOLOGIA E TERAPIA OCUPACIONAL",3
20001010043P8,EDUCAÇÃO FÍSICA,UNIVERSIDADE FEDERAL DO MARANHÃO,UFMA,Aca.,"EDUCAÇÃO FÍSICA, FISIOTERAPIA, FONOAUDIOLOGIA E TERAPIA OCUPACIONAL",3
33009015175P9,CIÊNCIAS DO MOVIMENTO HUMANO E REABILITAÇÃO,UNIVERSIDADE FEDERAL DE SÃO PAULO,UNIFESP,Aca.,"EDUCAÇÃO FÍSICA, FISIOTERAPIA, FONOAUDIOLOGIA E TERAPIA OCUPACIONAL",4
23001011173P7,CIÊNCIAS DA REABILITAÇÃO,UNIVERSIDADE FEDERAL DO RIO GRANDE DO NORTE,UFRN,Aca.,"EDUCAÇÃO FÍSICA, FISIOTERAPIA, FONOAUDIOLOGIA E TERAPIA OCUPACIONAL",4
25001019172P6,SAÚDE DA COMUNICAÇÃO HUMANA,UNIVERSIDADE FEDERAL DE PERNAMBUCO,UFPE,Aca.,"EDUCAÇÃO FÍSICA, FISIOTERAPIA, FONOAUDIOLOGIA E TERAPIA OCUPACIONAL",4
24001015081P8,FONOAUDIOLOGIA,UNIVERSIDADE FEDERAL DA PARAÍBA - CAMPUS JOÃO PESSOA,UFPB-JOÃO PESSOA,Aca.,"EDUCAÇÃO FÍSICA, FISIOTERAPIA, FONOAUDIOLOGIA E TERAPIA OCUPACIONAL",4
24001015082P4,FISIOTERAPIA,UNIVERSIDADE FEDERAL DA PARAÍBA - CAMPUS JOÃO PESSOA,UFPB-JOÃO PESSOA,Aca.,"EDUCAÇÃO FÍSICA, FISIOTERAPIA, FONOAUDIOLOGIA E TERAPIA OCUPACIONAL",3
52001016110P7,EDUCAÇÃO FÍSICA,UNIVERSIDADE FEDERAL DE GOIÁS,UFG,Aca.,"EDUCAÇÃO FÍSICA, FISIOTERAPIA, FONOAUDIOLOGIA E TERAPIA OCUPACIONAL",3
32001010178P4,ESTUDOS DA OCUPAÇÃO,UNIVERSIDADE FEDERAL DE MINAS GERAIS,UFMG,Aca.,"EDUCAÇÃO FÍSICA, FISIOTERAPIA, FONOAUDIOLOGIA E TERAPIA OCUPACIONAL",3
15001016165P1,CIÊNCIAS DO MOVIMENTO HUMANO,UNIVERSIDADE FEDERAL DO PARÁ,UFPA,Aca.,"EDUCAÇÃO FÍSICA, FISIOTERAPIA, FONOAUDIOLOGIA E TERAPIA OCUPACIONAL",3
22001018175P7,FISIOTERAPIA E FUNCIONALIDADE,UNIVERSIDADE FEDERAL DO CEARÁ,UFC,Aca.,"EDUCAÇÃO FÍSICA, FISIOTERAPIA, FONOAUDIOLOGIA E TERAPIA OCUPACIONAL",3
33002010253P5,TERAPIA OCUPACIONAL E PROCESSOS DE INCLUSÃO SOCIAL,UNIVERSIDADE DE SÃO PAULO,USP,Prof.,"EDUCAÇÃO FÍSICA, FISIOTERAPIA, FONOAUDIOLOGIA E TERAPIA OCUPACIONAL",3
51001012180P2,CIÊNCIAS DO MOVIMENTO,UNIVERSIDADE FEDERAL DE MATO GROSSO DO SUL,UFMS,Aca.,"EDUCAÇÃO FÍSICA, FISIOTERAPIA, FONOAUDIOLOGIA E TERAPIA OCUPACIONAL",3
52006018004P4,MOVIMENTO HUMANO E REABILITAÇÃO,UNIVERSIDADE EVANGÉLICA DE GOIÁS,UNIEVANGÉLICA,Aca.,"EDUCAÇÃO FÍSICA, FISIOTERAPIA, FONOAUDIOLOGIA E TERAPIA OCUPACIONAL",4
25004018074P3,REABILITAÇÃO E DESEMPENHO FUNCIONAL,UNIVERSIDADE DE PERNAMBUCO,UPE,Aca.,"EDUCAÇÃO FÍSICA, FISIOTERAPIA, FONOAUDIOLOGIA E TERAPIA OCUPACIONAL",4
40031012072P0,CIÊNCIAS DO MOVIMENTO HUMANO,UNIVERSIDADE ESTADUAL DO NORTE DO PARANÁ,UENP,Aca.,"EDUCAÇÃO FÍSICA, FISIOTERAPIA, FONOAUDIOLOGIA E TERAPIA OCUPACIONAL",3
22001018025P5,SAÚDE PÚBLICA,UNIVERSIDADE FEDERAL DO CEARÁ,UFC,Aca.,SAÚDE COLETIVA                                    ,5
22002014004P4,SAÚDE COLETIVA,UNIVERSIDADE DE FORTALEZA,UNIFOR,Aca.,SAÚDE COLETIVA                                    ,5
22003010004P0,SAÚDE COLETIVA,UNIVERSIDADE ESTADUAL DO CEARÁ,UECE,Aca.,SAÚDE COLETIVA                                    ,4
23001011033P0,Saúde Coletiva,UNIVERSIDADE FEDERAL DO RIO GRANDE DO NORTE,UFRN,Aca.,SAÚDE COLETIVA                                    ,5
25007017001P5,SAÚDE PÚBLICA,"FUNDAÇÃO OSWALDO CRUZ - INSTITUTO AGGEU MAGALHÃES, FIOCRUZ PERNAMBUCO",FIOCRUZ-IAM,Aca.,SAÚDE COLETIVA                                    ,5
28001010013P7,SAÚDE COLETIVA,UNIVERSIDADE FEDERAL DA BAHIA,UFBA,Aca.,SAÚDE COLETIVA                                    ,7
28002016004P0,SAÚDE COLETIVA,UNIVERSIDADE ESTADUAL DE FEIRA DE SANTANA,UEFS,Aca.,SAÚDE COLETIVA                                    ,5
30001013018P1,SAÚDE COLETIVA,UNIVERSIDADE FEDERAL DO ESPÍRITO SANTO,UFES,Aca.,SAÚDE COLETIVA                                    ,5
31001017111P4,SAÚDE COLETIVA,UNIVERSIDADE FEDERAL DO RIO DE JANEIRO,UFRJ,Aca.,SAÚDE COLETIVA                                    ,5
31004016004P2,SAÚDE COLETIVA,UNIVERSIDADE DO ESTADO DO RIO DE JANEIRO,UERJ,Aca.,SAÚDE COLETIVA                                    ,7
31010016002P6,SAÚDE PÚBLICA,FUNDAÇÃO OSWALDO CRUZ,FIOCRUZ,Aca.,SAÚDE COLETIVA                                    ,6
31010016005P5,SAÚDE DA CRIANÇA E DA MULHER,FUNDAÇÃO OSWALDO CRUZ,FIOCRUZ,Aca.,SAÚDE COLETIVA                                    ,6
32001010045P4,SAÚDE PÚBLICA,UNIVERSIDADE FEDERAL DE MINAS GERAIS,UFMG,Aca.,SAÚDE COLETIVA                                    ,7
33002010066P0,Saúde Coletiva,UNIVERSIDADE DE SÃO PAULO,USP,Aca.,SAÚDE COLETIVA                                    ,7
33002010067P7,SAÚDE PÚBLICA,UNIVERSIDADE DE SÃO PAULO,USP,Aca.,SAÚDE COLETIVA                                    ,6
33002029011P7,Saúde Pública,UNIVERSIDADE DE SÃO PAULO - CAMPUS RIBEIRÃO PRETO,USP-RIBEIRÃO PRETO,Aca.,SAÚDE COLETIVA                                    ,4
33003017058P4,SAÚDE COLETIVA,UNIVERSIDADE ESTADUAL DE CAMPINAS,UNICAMP,Aca.,SAÚDE COLETIVA                                    ,5
33004064078P9,SAÚDE COLETIVA,UNIVERSIDADE ESTADUAL PAULISTA JÚLIO DE MESQUITA FILHO - CAMPUS BOTUCATU,UNESP-BOTUCATU,Aca.,SAÚDE COLETIVA                                    ,4
33019010012P4,SAÚDE COLETIVA,FACULDADE DE CIÊNCIAS MÉDICAS DA SANTA CASA DE SÃO PAULO,FCMSCSP,Prof.,SAÚDE COLETIVA                                    ,5
40002012008P0,SAÚDE COLETIVA,UNIVERSIDADE ESTADUAL DE LONDRINA,UEL,Aca.,SAÚDE COLETIVA                                    ,4
41001010040P1,SAÚDE COLETIVA,UNIVERSIDADE FEDERAL DE SANTA CATARINA,UFSC,Aca.,SAÚDE COLETIVA                                    ,6
42001013074P2,EPIDEMIOLOGIA,UNIVERSIDADE FEDERAL DO RIO GRANDE DO SUL,UFRGS,Aca.,SAÚDE COLETIVA                                    ,6
42003016011P3,EPIDEMIOLOGIA,UNIVERSIDADE FEDERAL DE PELOTAS,UFPEL,Aca.,SAÚDE COLETIVA                                    ,7
42007011012P5,SAÚDE COLETIVA,UNIVERSIDADE DO VALE DO RIO DOS SINOS,UNISINOS,Aca.,SAÚDE COLETIVA                                    ,5
50001019010P7,SAUDE COLETIVA,UNIVERSIDADE FEDERAL DE MATO GROSSO,UFMT,Aca.,SAÚDE COLETIVA                                    ,4
31018017011P6,SAÚDE DA FAMÍLA,UNIVERSIDADE ESTÁCIO DE SÁ,UNESA,Prof.,SAÚDE COLETIVA                                    ,5
33020019005P2,SAÚDE COLETIVA,UNIVERSIDADE CATÓLICA DE SANTOS,UNISANTOS,Aca.,SAÚDE COLETIVA                                    ,4
31010016012P1,SAÚDE PÚBLICA,FUNDAÇÃO OSWALDO CRUZ,FIOCRUZ,Prof.,SAÚDE COLETIVA                                    ,5
28001010051P6,SAÚDE COLETIVA,UNIVERSIDADE FEDERAL DA BAHIA,UFBA,Prof.,SAÚDE COLETIVA                                    ,5
31010016014P4,SAÚDE DA CRIANÇA E DA MULHER,FUNDAÇÃO OSWALDO CRUZ,FIOCRUZ,Prof.,SAÚDE COLETIVA                                    ,4
25007017002P1,SAÚDE PÚBLICA,"FUNDAÇÃO OSWALDO CRUZ - INSTITUTO AGGEU MAGALHÃES, FIOCRUZ PERNAMBUCO",FIOCRUZ-IAM,Prof.,SAÚDE COLETIVA                                    ,5
31004016042P1,SAÚDE COLETIVA,UNIVERSIDADE DO ESTADO DO RIO DE JANEIRO,UERJ,Prof.,SAÚDE COLETIVA                                    ,4
31010016015P0,SAÚDE PÚBLICA E MEIO  AMBIENTE,FUNDAÇÃO OSWALDO CRUZ,FIOCRUZ,Aca.,SAÚDE COLETIVA                                    ,5
33009015067P1,SAÚDE COLETIVA,UNIVERSIDADE FEDERAL DE SÃO PAULO,UNIFESP,Aca.,SAÚDE COLETIVA                                    ,5
28001010060P5,"SAÚDE, AMBIENTE E TRABALHO",UNIVERSIDADE FEDERAL DA BAHIA,UFBA,Aca.,SAÚDE COLETIVA                                    ,4
20001010015P4,SAÚDE COLETIVA,UNIVERSIDADE FEDERAL DO MARANHÃO,UFMA,Aca.,SAÚDE COLETIVA                                    ,5
32005016021P3,SAÚDE COLETIVA,UNIVERSIDADE FEDERAL DE JUIZ DE FORA,UFJF,Aca.,SAÚDE COLETIVA                                    ,4
33002010199P0,NUTRIÇÃO EM SAÚDE PÚBLICA,UNIVERSIDADE DE SÃO PAULO,USP,Aca.,SAÚDE COLETIVA                                    ,7
31010016019P6,EPIDEMIOLOGIA EM SAÚDE PÚBLICA,FUNDAÇÃO OSWALDO CRUZ,FIOCRUZ,Aca.,SAÚDE COLETIVA                                    ,6
31003010061P3,SAÚDE COLETIVA,UNIVERSIDADE FEDERAL FLUMINENSE,UFF,Aca.,SAÚDE COLETIVA                                    ,4
11001011005P3,SAÚDE COLETIVA,UNIVERSIDADE FEDERAL DO ACRE,UFAC,Aca.,SAÚDE COLETIVA                                    ,4
25001019074P4,SAÚDE COLETIVA ,UNIVERSIDADE FEDERAL DE PERNAMBUCO,UFPE,Aca.,SAÚDE COLETIVA                                    ,4
24004014009P4,SAÚDE PÚBLICA,UNIVERSIDADE ESTADUAL DA PARAÍBA,UEPB,Aca.,SAÚDE COLETIVA                                    ,3
31010016024P0,Epidemiologia em Saúde Pública,FUNDAÇÃO OSWALDO CRUZ,FIOCRUZ,Prof.,SAÚDE COLETIVA                                    ,5
52001016046P7,Saude Coletiva,UNIVERSIDADE FEDERAL DE GOIÁS,UFG,Prof.,SAÚDE COLETIVA                                    ,4
25005014002P9,Avaliação em Saúde,INSTITUTO DE MEDICINA INTEGRAL PROFESSOR FERNANDO FIGUEIRA,IMIP,Prof.,SAÚDE COLETIVA                                    ,5
31001017141P0,"BIOÉTICA, ÉTICA APLICADA E SAÚDE COLETIVA",FUNDAÇÃO OSWALDO CRUZ,FIOCRUZ,Aca.,SAÚDE COLETIVA                                    ,4
22001018073P0,SAÚDE DA FAMÍLIA,UNIVERSIDADE FEDERAL DO CEARÁ,UFC,Aca.,SAÚDE COLETIVA                                    ,3
33001014038P0,Gestão da clínica,UNIVERSIDADE FEDERAL DE SÃO CARLOS,UFSCAR,Prof.,SAÚDE COLETIVA                                    ,4
41001010084P9,Saúde mental e atenção psicossocial,UNIVERSIDADE FEDERAL DE SANTA CATARINA,UFSC,Prof.,SAÚDE COLETIVA                                    ,3
31010016027P9,Saúde da Família,FUNDAÇÃO OSWALDO CRUZ,FIOCRUZ,Prof.,SAÚDE COLETIVA                                    ,4
33003017090P5,SAÚDE COLETIVA: POLÍTICAS E GESTÃO EM SAÚDE,UNIVERSIDADE ESTADUAL DE CAMPINAS,UNICAMP,Prof.,SAÚDE COLETIVA                                    ,4
28002016014P6,SAÚDE COLETIVA,UNIVERSIDADE ESTADUAL DE FEIRA DE SANTANA,UEFS,Prof.,SAÚDE COLETIVA                                    ,3
53001010090P2,Saúde Coletiva,UNIVERSIDADE DE BRASÍLIA,UNB,Aca.,SAÚDE COLETIVA                                    ,4
33115028001P0,SAÚDE COLETIVA,SECRETARIA DE ESTADO DA SAÚDE DE SÃO PAULO - COORDENADORIA DE RECURSOS HUMANOS,SES/SP-CRH,Prof.,SAÚDE COLETIVA                                    ,4
42001013103P2,Ensino na Saúde,UNIVERSIDADE FEDERAL DO RIO GRANDE DO SUL,UFRGS,Prof.,SAÚDE COLETIVA                                    ,4
32010010008P0,Ensino em Saúde,UNIVERSIDADE FEDERAL DOS VALES DO JEQUITINHONHA E MUCURI,UFVJM,Prof.,SAÚDE COLETIVA                                    ,4
32001010090P0,Promoção de Saúde e Prevenção da Violência,UNIVERSIDADE FEDERAL DE MINAS GERAIS,UFMG,Prof.,SAÚDE COLETIVA                                    ,5
53001010092P5,Saúde Coletiva,UNIVERSIDADE DE BRASÍLIA,UNB,Prof.,SAÚDE COLETIVA                                    ,4
31010016031P6,Saúde Coletiva,FUNDAÇÃO OSWALDO CRUZ,FIOCRUZ,Aca.,SAÚDE COLETIVA                                    ,5
42001013104P9,Saúde Coletiva,UNIVERSIDADE FEDERAL DO RIO GRANDE DO SUL,UFRGS,Aca.,SAÚDE COLETIVA                                    ,4
51001012037P5,SAÚDE DA FAMILIA,UNIVERSIDADE FEDERAL DE MATO GROSSO DO SUL,UFMS,Prof.,SAÚDE COLETIVA                                    ,4
42006015008P1,Saúde no Ciclo Vital,UNIVERSIDADE CATÓLICA DE PELOTAS,UCPEL,Prof.,SAÚDE COLETIVA                                    ,4
41006011012P6,Saúde Coletiva,UNIVERSIDADE REGIONAL DE BLUMENAU,FURB,Prof.,SAÚDE COLETIVA                                    ,3
31073018002P6,Avaliação de tecnologias em saúde,INSTITUTO NACIONAL DE CARDIOLOGIA,INC,Prof.,SAÚDE COLETIVA                                    ,4
20009011003P7,GESTÃO E ATENÇÃO À SAÚDE,UNIVERSIDADE CEUMA,UNICEUMA,Prof.,SAÚDE COLETIVA                                    ,3
33002029046P5,Gestão de Organizações de Saúde,UNIVERSIDADE DE SÃO PAULO - CAMPUS RIBEIRÃO PRETO,USP-RIBEIRÃO PRETO,Prof.,SAÚDE COLETIVA                                    ,4
33019010014P7,Saúde Coletiva,FACULDADE DE CIÊNCIAS MÉDICAS DA SANTA CASA DE SÃO PAULO,FCMSCSP,Aca.,SAÚDE COLETIVA                                    ,4
33002010236P3,SAÚDE GLOBAL E SUSTENTABILIDADE,UNIVERSIDADE DE SÃO PAULO,USP,Aca.,SAÚDE COLETIVA                                    ,4
42004012026P7,SAÚDE PÚBLICA,UNIVERSIDADE FEDERAL DO RIO GRANDE,FURG,Aca.,SAÚDE COLETIVA                                    ,3
15001016079P8,Saúde Coletiva na Amazônia,UNIVERSIDADE FEDERAL DO PARÁ,UFPA,Aca.,SAÚDE COLETIVA                                    ,3
23001011072P6,Gestão da Qualidade em Serviços de Saúde,UNIVERSIDADE FEDERAL DO RIO GRANDE DO NORTE,UFRN,Prof.,SAÚDE COLETIVA                                    ,4
33002010242P3,Epidemiologia,UNIVERSIDADE DE SÃO PAULO,USP,Aca.,SAÚDE COLETIVA                                    ,4
43001009001P2,AVALIAÇÃO DE TECNOLOGIAS PARA O SUS,FACULDADE DE CIÊNCIAS DA SAÚDE DO GRUPO HOSPITALAR CONCEIÇÃO,FACS-GHC,Prof.,SAÚDE COLETIVA                                    ,4
40001016103P7,SAÚDE COLETIVA,UNIVERSIDADE FEDERAL DO PARANÁ,UFPR,Aca.,SAÚDE COLETIVA                                    ,3
21001014075P0,SAÚDE E COMUNIDADE,UNIVERSIDADE FEDERAL DO PIAUÍ,UFPI,Aca.,SAÚDE COLETIVA                                    ,3
41015010007P8,SAÚDE COLETIVA,UNIVERSIDADE DO EXTREMO SUL CATARINENSE,UNESC,Prof.,SAÚDE COLETIVA                                    ,3
32006012073P0,SAÚDE AMBIENTAL E SAÚDE DO TRABALHADOR,UNIVERSIDADE FEDERAL DE UBERLÂNDIA,UFU,Prof.,SAÚDE COLETIVA                                    ,3
53044002001P7,POLÍTICAS PÚBLICAS EM SAÚDE,"FUNDAÇÃO OSWALDO CRUZ - DIRETORIA REGIONAL DE BRASÍLIA, FIOCRUZ BRASÍLIA",FIOCRUZ-DIREB,Prof.,SAÚDE COLETIVA                                    ,4
33002010246P9,ENTOMOLOGIA EM SAÚDE PÚBLICA ,UNIVERSIDADE DE SÃO PAULO,USP,Prof.,SAÚDE COLETIVA                                    ,4
31001017163P4,ATENÇÃO PRIMÁRIA À SAÚDE,UNIVERSIDADE FEDERAL DO RIO DE JANEIRO,UFRJ,Prof.,SAÚDE COLETIVA                                    ,3
13009001040P4,CONDIÇÕES DE VIDA E SITUAÇÕES DE SAÚDE NA AMAZÔNIA,"FUNDAÇÃO OSWALDO CRUZ - INSTITUTO LEONIDAS E MARIA DEANE, FIOCRUZ AMAZÔNIA",FIOCRUZ-ILMD,Aca.,SAÚDE COLETIVA                                    ,3
33303002001P9,Saúde da Família,ASSOCIAÇÃO BRASILEIRA DE SAÚDE COLETIVA,ABRASCO,Prof.,SAÚDE COLETIVA                                    ,4
22003010071P0,GESTÃO EM SAÚDE,UNIVERSIDADE ESTADUAL DO CEARÁ,UECE,Prof.,SAÚDE COLETIVA                                    ,3
23001011171P4,SAÚDE COLETIVA,UNIVERSIDADE FEDERAL DO RIO GRANDE DO NORTE,UFRN,Aca.,SAÚDE COLETIVA                                    ,4
15012018002P3,EPIDEMIOLOGIA E VIGILÂNCIA EM SAÚDE,INSTITUTO EVANDRO CHAGAS,IEC,Aca.,SAÚDE COLETIVA                                    ,3
28001010170P5,SAÚDE COLETIVA,UNIVERSIDADE FEDERAL DA BAHIA,UFBA,Aca.,SAÚDE COLETIVA                                    ,4
31010016151P1,Vigilância e Controle de Vetores,FUNDAÇÃO OSWALDO CRUZ,FIOCRUZ,Prof.,SAÚDE COLETIVA                                    ,4
32001010176P1,GESTÃO DE SERVIÇOS DE SAÚDE,UNIVERSIDADE FEDERAL DE MINAS GERAIS,UFMG,Prof.,SAÚDE COLETIVA                                    ,3
24001015083P0,SAÚDE COLETIVA,UNIVERSIDADE FEDERAL DA PARAÍBA - CAMPUS JOÃO PESSOA,UFPB-JOÃO PESSOA,Aca.,SAÚDE COLETIVA                                    ,3
23001011178P9,"Gestão, trabalho, educação e saúde",UNIVERSIDADE FEDERAL DO RIO GRANDE DO NORTE,UFRN,Prof.,SAÚDE COLETIVA                                    ,3
28005015076P0,SAÚDE COLETIVA,UNIVERSIDADE DO ESTADO DA BAHIA,UNEB,Prof.,SAÚDE COLETIVA                                    ,3
27001016179P6,GESTÃO E INOVAÇÃO TECNOLÓGICA EM SAÚDE,UNIVERSIDADE FEDERAL DE SERGIPE,UFS,Prof.,SAÚDE COLETIVA                                    ,3
28022017016P2,SAÚDE DA POPULAÇÃO NEGRA E INDÍGENA,UNIVERSIDADE FEDERAL DO RECÔNCAVO DA BAHIA,UFRB,Prof.,SAÚDE COLETIVA                                    ,3
13009001042P7,SAÚDE PÚBLICA NA AMAZÔNIA,"FUNDAÇÃO OSWALDO CRUZ - INSTITUTO LEONIDAS E MARIA DEANE, FIOCRUZ AMAZÔNIA",FIOCRUZ-ILMD,Aca.,SAÚDE COLETIVA                                    ,4
15001016028P4,CIÊNCIA ANIMAL,UNIVERSIDADE FEDERAL DO PARÁ,UFPA,Aca.,ZOOTECNIA / RECURSOS PESQUEIROS                   ,4
21001014002P2,ZOOTECNIA TROPICAL,UNIVERSIDADE FEDERAL DO PIAUÍ,UFPI,Aca.,ZOOTECNIA / RECURSOS PESQUEIROS                   ,4
22001018020P3,ENGENHARIA DE PESCA,UNIVERSIDADE FEDERAL DO CEARÁ,UFC,Aca.,ZOOTECNIA / RECURSOS PESQUEIROS                   ,4
24009016013P3,Ciência Animal,UNIVERSIDADE FEDERAL DE CAMPINA GRANDE,UFCG,Aca.,ZOOTECNIA / RECURSOS PESQUEIROS                   ,3
25003011006P1,ZOOTECNIA,UNIVERSIDADE FEDERAL RURAL DE PERNAMBUCO,UFRPE,Aca.,ZOOTECNIA / RECURSOS PESQUEIROS                   ,4
25003011009P0,ZOOTECNIA,UNIVERSIDADE FEDERAL DO CEARÁ,UFC,Aca.,ZOOTECNIA / RECURSOS PESQUEIROS                   ,5
25003011011P5,RECURSOS PESQUEIROS E AQUICULTURA,UNIVERSIDADE FEDERAL RURAL DE PERNAMBUCO,UFRPE,Aca.,ZOOTECNIA / RECURSOS PESQUEIROS                   ,5
28006011002P3,ZOOTECNIA,UNIVERSIDADE ESTADUAL DO SUDOESTE DA BAHIA,UESB,Aca.,ZOOTECNIA / RECURSOS PESQUEIROS                   ,5
31033016008P7,CIÊNCIA ANIMAL,UNIVERSIDADE ESTADUAL DO NORTE FLUMINENSE DARCY RIBEIRO,UENF,Aca.,ZOOTECNIA / RECURSOS PESQUEIROS                   ,4
32001010029P9,ZOOTECNIA,UNIVERSIDADE FEDERAL DE MINAS GERAIS,UFMG,Aca.,ZOOTECNIA / RECURSOS PESQUEIROS                   ,5
32002017011P9,ZOOTECNIA,UNIVERSIDADE FEDERAL DE VIÇOSA,UFV,Aca.,ZOOTECNIA / RECURSOS PESQUEIROS                   ,7
32004010004P9,ZOOTECNIA,UNIVERSIDADE FEDERAL DE LAVRAS,UFLA,Aca.,ZOOTECNIA / RECURSOS PESQUEIROS                   ,6
32016018001P0,CIÊNCIA ANIMAL,UNIVERSIDADE PROFESSOR EDSON ANTÔNIO VELANO,UNIFENAS,Aca.,ZOOTECNIA / RECURSOS PESQUEIROS                   ,3
33002010098P0,NUTRIÇÃO E PRODUÇÃO ANIMAL,UNIVERSIDADE DE SÃO PAULO,USP,Aca.,ZOOTECNIA / RECURSOS PESQUEIROS                   ,5
33002010165P9,ZOOTECNIA,UNIVERSIDADE DE SÃO PAULO,USP,Aca.,ZOOTECNIA / RECURSOS PESQUEIROS                   ,5
33002037013P5,CIÊNCIA ANIMAL E PASTAGENS,UNIVERSIDADE DE SÃO PAULO - ESCOLA SUPERIOR DE AGRICULTURA LUIZ DE QUEIROZ,USP-ESALQ,Aca.,ZOOTECNIA / RECURSOS PESQUEIROS                   ,7
33004064048P2,ZOOTECNIA,UNIVERSIDADE ESTADUAL PAULISTA JÚLIO DE MESQUITA FILHO - CAMPUS BOTUCATU,UNESP-BOTUCATU,Aca.,ZOOTECNIA / RECURSOS PESQUEIROS                   ,6
33004102002P0,Ciência Animal,UNIVERSIDADE ESTADUAL PAULISTA JÚLIO DE MESQUITA FILHO - CAMPUS JABOTICABAL,UNESP-JABOTICABAL,Aca.,ZOOTECNIA / RECURSOS PESQUEIROS                   ,7
33004102049P7,AQÜICULTURA,UNIVERSIDADE ESTADUAL PAULISTA JÚLIO DE MESQUITA FILHO - CAMPUS JABOTICABAL,UNESP-JABOTICABAL,Aca.,ZOOTECNIA / RECURSOS PESQUEIROS                   ,5
40004015006P0,ZOOTECNIA,UNIVERSIDADE ESTADUAL DE MARINGÁ,UEM,Aca.,ZOOTECNIA / RECURSOS PESQUEIROS                   ,6
41001010019P2,AQUICULTURA,UNIVERSIDADE FEDERAL DE SANTA CATARINA,UFSC,Aca.,ZOOTECNIA / RECURSOS PESQUEIROS                   ,6
42001013036P3,ZOOTECNIA,UNIVERSIDADE FEDERAL DO RIO GRANDE DO SUL,UFRGS,Aca.,ZOOTECNIA / RECURSOS PESQUEIROS                   ,6
42002010010P4,ZOOTECNIA,UNIVERSIDADE FEDERAL DE SANTA MARIA,UFSM,Aca.,ZOOTECNIA / RECURSOS PESQUEIROS                   ,4
42003016007P6,ZOOTECNIA,UNIVERSIDADE FEDERAL DE PELOTAS,UFPEL,Aca.,ZOOTECNIA / RECURSOS PESQUEIROS                   ,4
42004012011P0,AQÜICULTURA,UNIVERSIDADE FEDERAL DO RIO GRANDE,FURG,Aca.,ZOOTECNIA / RECURSOS PESQUEIROS                   ,6
51001012013P9,CIÊNCIA ANIMAL,UNIVERSIDADE FEDERAL DE MATO GROSSO DO SUL,UFMS,Aca.,ZOOTECNIA / RECURSOS PESQUEIROS                   ,4
33132011001P9,AQUICULTURA E PESCA,SECRETARIA DE AGRICULTURA E ABASTECIMENTO DO ESTADO DE SÃO PAULO - INSTITUTO DE PESCA,SAA/SP-IP,Aca.,ZOOTECNIA / RECURSOS PESQUEIROS                   ,4
16003012002P0,INTEGRADO EM ZOOTECNIA NOS TRÓPICOS,UNIVERSIDADE FEDERAL DO NORTE DO TOCANTINS,UFNT,Aca.,ZOOTECNIA / RECURSOS PESQUEIROS                   ,4
50001019014P2,CIÊNCIA ANIMAL,UNIVERSIDADE FEDERAL DE MATO GROSSO,UFMT,Aca.,ZOOTECNIA / RECURSOS PESQUEIROS                   ,4
32002017032P6,ZOOTECNIA,UNIVERSIDADE FEDERAL DE VIÇOSA,UFV,Prof.,ZOOTECNIA / RECURSOS PESQUEIROS                   ,3
40015017009P8,ZOOTECNIA,UNIVERSIDADE ESTADUAL DO OESTE DO PARANÁ,UNIOESTE,Aca.,ZOOTECNIA / RECURSOS PESQUEIROS                   ,4
12001015025P7,Ciência Animal e Recursos Pesqueiros,UNIVERSIDADE FEDERAL DO AMAZONAS,UFAM,Aca.,ZOOTECNIA / RECURSOS PESQUEIROS                   ,4
22004017002P4,ZOOTECNIA,UNIVERSIDADE ESTADUAL VALE DO ACARAÚ,UVA,Aca.,ZOOTECNIA / RECURSOS PESQUEIROS                   ,3
32010010003P9,ZOOTECNIA,UNIVERSIDADE FEDERAL DOS VALES DO JEQUITINHONHA E MUCURI,UFVJM,Aca.,ZOOTECNIA / RECURSOS PESQUEIROS                   ,4
33056013012P2,PRODUÇÃO ANIMAL,UNIVERSIDADE BRASIL,UB,Prof.,ZOOTECNIA / RECURSOS PESQUEIROS                   ,4
32014015005P3,ZOOTECNIA,UNIVERSIDADE ESTADUAL DE MONTES CLAROS,UNIMONTES,Aca.,ZOOTECNIA / RECURSOS PESQUEIROS                   ,3
25020013002P0,CIÊNCIA ANIMAL,UNIVERSIDADE FEDERAL DO VALE DO SÃO FRANCISCO,UNIVASF,Aca.,ZOOTECNIA / RECURSOS PESQUEIROS                   ,4
28022017004P4,Zootecnia,UNIVERSIDADE FEDERAL DE SERGIPE,UFS,Aca.,ZOOTECNIA / RECURSOS PESQUEIROS                   ,4
40015017011P2,RECURSOS PESQUEIROS E ENGENHARIA DE PESCA,UNIVERSIDADE ESTADUAL DO OESTE DO PARANÁ,UNIOESTE,Aca.,ZOOTECNIA / RECURSOS PESQUEIROS                   ,4
51005018008P0,Zootecnia,UNIVERSIDADE FEDERAL DA GRANDE DOURADOS,UFGD,Aca.,ZOOTECNIA / RECURSOS PESQUEIROS                   ,4
33148015001P9,PRODUÇÃO ANIMAL SUSTENTÁVEL,SECRETARIA DE AGRICULTURA E ABASTECIMENTO DO ESTADO DE SÃO PAULO - INSTITUTO DE ZOOTECNIA,SAA/SP-IZ,Aca.,ZOOTECNIA / RECURSOS PESQUEIROS                   ,4
23001011050P2,PRODUÇÃO ANIMAL,UNIVERSIDADE FEDERAL RURAL DO SEMI-ÁRIDO,UFERSA,Aca.,ZOOTECNIA / RECURSOS PESQUEIROS                   ,3
15002012005P0,Aquicultura e Recursos Aquáticos Tropicais,UNIVERSIDADE FEDERAL RURAL DA AMAZÔNIA,UFRA,Aca.,ZOOTECNIA / RECURSOS PESQUEIROS                   ,3
12006017003P5,AQUICULTURA,UNIVERSIDADE NILTON LINS,UNINILTONLINS,Aca.,ZOOTECNIA / RECURSOS PESQUEIROS                   ,4
51004011003P2,Zootecnia,UNIVERSIDADE ESTADUAL DE MATO GROSSO DO SUL,UEMS,Aca.,ZOOTECNIA / RECURSOS PESQUEIROS                   ,3
25003011027P9,Ciência Animal e Pastagens,UNIVERSIDADE FEDERAL RURAL DE PERNAMBUCO,UFRPE,Aca.,ZOOTECNIA / RECURSOS PESQUEIROS                   ,3
28001010088P7,Zootecnia,UNIVERSIDADE FEDERAL DA BAHIA,UFBA,Aca.,ZOOTECNIA / RECURSOS PESQUEIROS                   ,4
52010015002P5,Zootecnia,"INSTITUTO FEDERAL DE EDUCAÇÃO, CIÊNCIA E TECNOLOGIA GOIANO",IF GOIANO,Aca.,ZOOTECNIA / RECURSOS PESQUEIROS                   ,3
20001010026P6,Ciência Animal,UNIVERSIDADE FEDERAL DO MARANHÃO,UFMA,Aca.,ZOOTECNIA / RECURSOS PESQUEIROS                   ,3
50001019033P7,Zootecnia,UNIVERSIDADE FEDERAL DE MATO GROSSO,UFMT,Aca.,ZOOTECNIA / RECURSOS PESQUEIROS                   ,4
33004099086P8,Ciência e Tecnologia Animal,UNIVERSIDADE ESTADUAL PAULISTA JÚLIO DE MESQUITA FILHO - CAMPUS ILHA SOLTEIRA,UNESP-ILHA SOLTEIRA,Aca.,ZOOTECNIA / RECURSOS PESQUEIROS                   ,4
40001016078P2,Aquicultura e Desenvolvimento Sustentável,UNIVERSIDADE FEDERAL DO PARANÁ,UFPR,Aca.,ZOOTECNIA / RECURSOS PESQUEIROS                   ,4
52001016064P5,Zootecnia,UNIVERSIDADE FEDERAL DE GOIÁS,UFG,Aca.,ZOOTECNIA / RECURSOS PESQUEIROS                   ,4
32001010098P0,Produção Animal,UNIVERSIDADE FEDERAL DE MINAS GERAIS,UFMG,Aca.,ZOOTECNIA / RECURSOS PESQUEIROS                   ,4
40001016082P0,Zootecnia,UNIVERSIDADE FEDERAL DO PARANÁ,UFPR,Aca.,ZOOTECNIA / RECURSOS PESQUEIROS                   ,4
41002016156P2,ZOOTECNIA,FUNDAÇÃO UNIVERSIDADE DO ESTADO DE SANTA CATARINA,UDESC,Aca.,ZOOTECNIA / RECURSOS PESQUEIROS                   ,4
52012018010P0,Produção Animal e Forragicultura ,UNIVERSIDADE ESTADUAL DE GOIÁS,UEG,Prof.,ZOOTECNIA / RECURSOS PESQUEIROS                   ,3
40005011042P3,ZOOTECNIA,UNIVERSIDADE ESTADUAL DE PONTA GROSSA,UEPG,Aca.,ZOOTECNIA / RECURSOS PESQUEIROS                   ,4
32044011002P0,NUTRIÇÃO E PRODUÇÃO ANIMAL,"INSTITUTO FEDERAL DE EDUCAÇÃO, CIÊNCIA E TECNOLOGIA DO SUDESTE DE MINAS GERAIS",IFSEMG,Prof.,ZOOTECNIA / RECURSOS PESQUEIROS                   ,3
50001019173P3,ZOOTECNIA,UNIVERSIDADE FEDERAL DE MATO GROSSO,UFMT,Aca.,ZOOTECNIA / RECURSOS PESQUEIROS                   ,3
32004010049P2,CIÊNCIA E TECNOLOGIA DA PRODUÇÃO ANIMAL ,UNIVERSIDADE FEDERAL DE LAVRAS,UFLA,Prof.,ZOOTECNIA / RECURSOS PESQUEIROS                   ,3
22003010001P1,CIÊNCIAS VETERINÁRIAS,UNIVERSIDADE ESTADUAL DO CEARÁ,UECE,Aca.,MEDICINA VETERINÁRIA                              ,6
24009016011P0,Ciência e Saúde Animal,UNIVERSIDADE FEDERAL DE CAMPINA GRANDE,UFCG,Aca.,MEDICINA VETERINÁRIA                              ,5
25003011005P5,MEDICINA VETERINÁRIA,UNIVERSIDADE FEDERAL RURAL DE PERNAMBUCO,UFRPE,Aca.,MEDICINA VETERINÁRIA                              ,4
28001010036P7,CIÊNCIA ANIMAL NOS TRÓPICOS,UNIVERSIDADE FEDERAL DA BAHIA,UFBA,Aca.,MEDICINA VETERINÁRIA                              ,5
31002013003P3,CIÊNCIAS VETERINÁRIAS,UNIVERSIDADE FEDERAL RURAL DO RIO DE JANEIRO,UFRRJ,Aca.,MEDICINA VETERINÁRIA                              ,6
31003010015P1,MEDIC.VETERIN.(HIG.VETER.PROC.TECN.PROD.ORIG.ANIMAL),UNIVERSIDADE FEDERAL FLUMINENSE,UFF,Aca.,MEDICINA VETERINÁRIA                              ,5
31003010024P0,MEDICINA VETERINÁRIA ( CLÍNICA e REPRODUÇÃO ANIMAL),UNIVERSIDADE FEDERAL FLUMINENSE,UFF,Aca.,MEDICINA VETERINÁRIA                              ,5
32001010042P5,CIÊNCIA ANIMAL,UNIVERSIDADE FEDERAL DE MINAS GERAIS,UFMG,Aca.,MEDICINA VETERINÁRIA                              ,7
32002017022P0,MEDICINA VETERINÁRIA,UNIVERSIDADE FEDERAL DE VIÇOSA,UFV,Aca.,MEDICINA VETERINÁRIA                              ,7
32004010015P0,CIÊNCIAS VETERINÁRIAS,UNIVERSIDADE FEDERAL DE LAVRAS,UFLA,Aca.,MEDICINA VETERINÁRIA                              ,5
32006012014P3,CIÊNCIAS VETERINÁRIAS,UNIVERSIDADE FEDERAL DE UBERLÂNDIA,UFU,Aca.,MEDICINA VETERINÁRIA                              ,5
33002010047P6,REPRODUÇÃO ANIMAL,UNIVERSIDADE DE SÃO PAULO,USP,Aca.,MEDICINA VETERINÁRIA                              ,6
33002010057P1,PATOLOGIA EXPERIMENTAL E COMPARADA,UNIVERSIDADE DE SÃO PAULO,USP,Aca.,MEDICINA VETERINÁRIA                              ,6
33002010099P6,ANATOMIA DOS ANIMAIS DOMÉSTICOS E  SILVESTRES,UNIVERSIDADE DE SÃO PAULO,USP,Aca.,MEDICINA VETERINÁRIA                              ,7
33002010123P4,Epidemiologia e Saúde Única,UNIVERSIDADE DE SÃO PAULO,USP,Aca.,MEDICINA VETERINÁRIA                              ,7
33002010150P1,CLÍNICA VETERINÁRIA,UNIVERSIDADE DE SÃO PAULO,USP,Aca.,MEDICINA VETERINÁRIA                              ,5
33002010155P3,CLÍNICA CIRÚRGICA VETERINÁRIA,UNIVERSIDADE DE SÃO PAULO,USP,Aca.,MEDICINA VETERINÁRIA                              ,4
33004021075P8,CIÊNCIA ANIMAL,UNIVERSIDADE ESTADUAL PAULISTA JÚLIO DE MESQUITA FILHO - CAMPUS ARAÇATUBA,UNESP-ARAÇATUBA,Aca.,MEDICINA VETERINÁRIA                              ,5
33004064022P3,MEDICINA VETERINÁRIA,UNIVERSIDADE ESTADUAL PAULISTA JÚLIO DE MESQUITA FILHO - CAMPUS BOTUCATU,UNESP-BOTUCATU,Aca.,MEDICINA VETERINÁRIA                              ,7
33004102072P9,Ciências Veterinárias,UNIVERSIDADE ESTADUAL PAULISTA JÚLIO DE MESQUITA FILHO - CAMPUS JABOTICABAL,UNESP-JABOTICABAL,Aca.,MEDICINA VETERINÁRIA                              ,6
33063010005P2,Patologia Ambiental e Experimental,UNIVERSIDADE PAULISTA,UNIP,Aca.,MEDICINA VETERINÁRIA                              ,5
40001016023P3,CIÊNCIAS VETERINÁRIAS,UNIVERSIDADE FEDERAL DO PARANÁ,UFPR,Aca.,MEDICINA VETERINÁRIA                              ,6
40002012009P7,CIÊNCIA ANIMAL,UNIVERSIDADE ESTADUAL DE LONDRINA,UEL,Aca.,MEDICINA VETERINÁRIA                              ,7
41002016008P3,CIENCIA ANIMAL,FUNDAÇÃO UNIVERSIDADE DO ESTADO DE SANTA CATARINA,UDESC,Aca.,MEDICINA VETERINÁRIA                              ,5
42001013030P5,CIÊNCIAS VETERINÁRIAS,UNIVERSIDADE FEDERAL DO RIO GRANDE DO SUL,UFRGS,Aca.,MEDICINA VETERINÁRIA                              ,7
42002010011P0,MEDICINA VETERINÁRIA,UNIVERSIDADE FEDERAL DE SANTA MARIA,UFSM,Aca.,MEDICINA VETERINÁRIA                              ,7
42003016008P2,VETERINÁRIA,UNIVERSIDADE FEDERAL DE PELOTAS,UFPEL,Aca.,MEDICINA VETERINÁRIA                              ,6
52001016014P8,CIÊNCIA ANIMAL,UNIVERSIDADE FEDERAL DE GOIÁS,UFG,Aca.,MEDICINA VETERINÁRIA                              ,5
23003014013P2,CIÊNCIA ANIMAL,UNIVERSIDADE FEDERAL RURAL DO SEMI-ÁRIDO,UFERSA,Aca.,MEDICINA VETERINÁRIA                              ,5
20002017002P6,Ciência Animal,UNIVERSIDADE ESTADUAL DO MARANHÃO,UEMA,Aca.,MEDICINA VETERINÁRIA                              ,5
31002013016P8,MEDICINA VETERINÁRIA (PATOLOGIA E CIÊNCIAS CLÍNICAS),UNIVERSIDADE FEDERAL RURAL DO RIO DE JANEIRO,UFRRJ,Aca.,MEDICINA VETERINÁRIA                              ,4
40028011002P4,CIÊNCIA ANIMAL COM ÊNFASE EM PRODUTOS BIOATIVOS,UNIVERSIDADE PARANAENSE,UNIPAR,Aca.,MEDICINA VETERINÁRIA                              ,4
33054010004P7,CIÊNCIA ANIMAL,UNIVERSIDADE DO OESTE PAULISTA,UNOESTE,Aca.,MEDICINA VETERINÁRIA                              ,4
28007018007P1,CIÊNCIA ANIMAL,UNIVERSIDADE ESTADUAL DE SANTA CRUZ,UESC,Aca.,MEDICINA VETERINÁRIA                              ,5
50001019017P1,CIÊNCIAS VETERINÁRIAS,UNIVERSIDADE FEDERAL DE MATO GROSSO,UFMT,Aca.,MEDICINA VETERINÁRIA                              ,5
53001010067P0,CIÊNCIAS ANIMAIS,UNIVERSIDADE DE BRASÍLIA,UNB,Aca.,MEDICINA VETERINÁRIA                              ,6
53001010070P1,SAÚDE ANIMAL,UNIVERSIDADE DE BRASÍLIA,UNB,Aca.,MEDICINA VETERINÁRIA                              ,4
33093016006P0,CIÊNCIA ANIMAL,UNIVERSIDADE DE FRANCA,UNIFRAN,Aca.,MEDICINA VETERINÁRIA                              ,4
40003019016P0,CIÊNCIA ANIMAL,PONTIFÍCIA UNIVERSIDADE CATÓLICA DO PARANÁ,PUCPR,Aca.,MEDICINA VETERINÁRIA                              ,4
30001013033P0,CIÊNCIAS VETERINÁRIAS,UNIVERSIDADE FEDERAL DO ESPÍRITO SANTO,UFES,Aca.,MEDICINA VETERINÁRIA                              ,4
25003011022P7,BIOCIÊNCIA ANIMAL,UNIVERSIDADE FEDERAL RURAL DE PERNAMBUCO,UFRPE,Aca.,MEDICINA VETERINÁRIA                              ,6
30011019002P0,CIÊNCIA ANIMAL,UNIVERSIDADE VILA VELHA,UVV,Aca.,MEDICINA VETERINÁRIA                              ,4
31003010069P4,"HIGIENE, INSPEÇÃO E TECNOLOGIA DE ALIMENTOS DE ORIGEM ANIMAL",UNIVERSIDADE FEDERAL FLUMINENSE,UFF,Prof.,MEDICINA VETERINÁRIA                              ,2
15001016057P4,SAÚDE ANIMAL NA AMAZÔNIA,UNIVERSIDADE FEDERAL DO PARÁ,UFPA,Aca.,MEDICINA VETERINÁRIA                              ,4
42001013099P5,MEDICINA ANIMAL: EQÜINOS,UNIVERSIDADE FEDERAL DO RIO GRANDE DO SUL,UFRGS,Aca.,MEDICINA VETERINÁRIA                              ,3
32016018003P3,"REPRODUÇÃO, SANIDADE E BEM-ESTAR ANIMAL",UNIVERSIDADE PROFESSOR EDSON ANTÔNIO VELANO,UNIFENAS,Aca.,MEDICINA VETERINÁRIA                              ,4
15002012006P7,SAÚDE E PRODUÇÃO ANIMAL NA AMAZÔNIA,UNIVERSIDADE FEDERAL RURAL DA AMAZÔNIA,UFRA,Aca.,MEDICINA VETERINÁRIA                              ,5
25003011025P6,Sanidade e Reprodução de Animais de Produção,UNIVERSIDADE FEDERAL RURAL DE PERNAMBUCO,UFRPE,Aca.,MEDICINA VETERINÁRIA                              ,4
32036019003P7,Sanidade e Produção Animal nos Trópicos,UNIVERSIDADE DE UBERABA,UNIUBE,Aca.,MEDICINA VETERINÁRIA                              ,4
50008013002P9,Biociência Animal,UNIVERSIDADE DE CUIABÁ,UNIC,Aca.,MEDICINA VETERINÁRIA                              ,4
42046017005P0,CIÊNCIA ANIMAL,UNIVERSIDADE FEDERAL DO PAMPA,UNIPAMPA,Aca.,MEDICINA VETERINÁRIA                              ,4
20002017005P5,Defesa sanitária animal,UNIVERSIDADE ESTADUAL DO MARANHÃO,UEMA,Prof.,MEDICINA VETERINÁRIA                              ,5
24001031025P1,Ciência Animal,UNIVERSIDADE FEDERAL DA PARAÍBA - CAMPUS AREIA,UFPB-AREIA,Aca.,MEDICINA VETERINÁRIA                              ,4
40001016077P6,Ciência Animal,UNIVERSIDADE FEDERAL DO PARANÁ,UFPR,Aca.,MEDICINA VETERINÁRIA                              ,4
40024016003P5,Saúde e Produção Animal,UNIVERSIDADE PITÁGORAS UNOPAR ANHANGUERA,UNOPAR,Aca.,MEDICINA VETERINÁRIA                              ,4
42009014009P7,Bioexperimentação,UNIVERSIDADE DE PASSO FUNDO,UPF,Aca.,MEDICINA VETERINÁRIA                              ,4
33002010235P7,Gestão e Inovação na Indústria Animal,UNIVERSIDADE DE SÃO PAULO,USP,Prof.,MEDICINA VETERINÁRIA                              ,3
25020013006P6,Ciências Veterinárias no Semiárido,UNIVERSIDADE FEDERAL DO VALE DO SÃO FRANCISCO,UNIVASF,Aca.,MEDICINA VETERINÁRIA                              ,5
33002010238P6,Biociência Animal,UNIVERSIDADE DE SÃO PAULO,USP,Aca.,MEDICINA VETERINÁRIA                              ,5
33076014005P0,Saúde Única,UNIVERSIDADE SANTO AMARO,UNISA,Aca.,MEDICINA VETERINÁRIA                              ,4
33004064086P1,BIOTECNOLOGIA ANIMAL,UNIVERSIDADE ESTADUAL PAULISTA JÚLIO DE MESQUITA FILHO - CAMPUS BOTUCATU,UNESP-BOTUCATU,Aca.,MEDICINA VETERINÁRIA                              ,6
40002012049P9,Clínicas Veterinárias,UNIVERSIDADE ESTADUAL DE LONDRINA,UEL,Prof.,MEDICINA VETERINÁRIA                              ,4
11001011008P2,Sanidade e Produção Animal Sustentável na Amazônia Ocidental,UNIVERSIDADE FEDERAL DO ACRE,UFAC,Aca.,MEDICINA VETERINÁRIA                              ,4
51001012040P6,CIÊNCIAS VETERINÁRIAS,UNIVERSIDADE FEDERAL DE MATO GROSSO DO SUL,UFMS,Aca.,MEDICINA VETERINÁRIA                              ,4
40004015070P0,PRODUÇÃO SUSTENTÁVEL E SAÚDE ANIMAL,UNIVERSIDADE ESTADUAL DE MARINGÁ,UEM,Aca.,MEDICINA VETERINÁRIA                              ,4
40014010042P9,CIÊNCIAS VETERINÁRIAS,UNIVERSIDADE ESTADUAL DO CENTRO-OESTE,UNICENTRO,Aca.,MEDICINA VETERINÁRIA                              ,4
42001013157P5,ALIMENTOS DE ORIGEM ANIMAL,UNIVERSIDADE FEDERAL DO RIO GRANDE DO SUL,UFRGS,Prof.,MEDICINA VETERINÁRIA                              ,4
31010016148P0,CIÊNCIA EM ANIMAIS DE LABORATÓRIO,FUNDAÇÃO OSWALDO CRUZ,FIOCRUZ,Prof.,MEDICINA VETERINÁRIA                              ,4
33004064090P9,ANIMAIS SELVAGENS,UNIVERSIDADE ESTADUAL PAULISTA JÚLIO DE MESQUITA FILHO - CAMPUS BOTUCATU,UNESP-BOTUCATU,Aca.,MEDICINA VETERINÁRIA                              ,5
41012011001P0,PRODUÇÃO E SANIDADE ANIMAL,"INSTITUTO FEDERAL DE EDUCAÇÃO, CIÊNCIA E TECNOLOGIA CATARINENSE",IFCATARINENSE,Prof.,MEDICINA VETERINÁRIA                              ,5
26001012170P6,CIÊNCIA ANIMAL,UNIVERSIDADE FEDERAL DE ALAGOAS,UFAL,Aca.,MEDICINA VETERINÁRIA                              ,4
33103011004P9,MEDICINA VETERINÁRIA NO MEIO AMBIENTE LITORANEO,UNIVERSIDADE METROPOLITANA DE SANTOS,UNIMES,Aca.,MEDICINA VETERINÁRIA                              ,4
41007018007P9,Sanidade e Produção Animal,UNIVERSIDADE DO OESTE DE SANTA CATARINA,UNOESC,Aca.,MEDICINA VETERINÁRIA                              ,4
42041015010P1,VIROLOGIA,UNIVERSIDADE FEEVALE,FEEVALE,Aca.,MEDICINA VETERINÁRIA                              ,4
32043015001P7,REPRODUÇÃO E NUTRIÇÃO ANIMAL,"INSTITUTO FEDERAL DE EDUCAÇÃO, CIÊNCIA E TECNOLOGIA DO NORTE DE MINAS GERAIS",IFNMG,Prof.,MEDICINA VETERINÁRIA                              ,3
31027016005P1,Diagnóstico em Medicina Veterinária,UNIVERSIDADE DE VASSOURAS,UNIVASSOURAS,Prof.,MEDICINA VETERINÁRIA                              ,3
41020014011P5,"SAÚDE, BEM-ESTAR E PRODUÇÃO ANIMAL SUSTENTÁVEL NA FRONTEIRA SUL",UNIVERSIDADE FEDERAL DA FRONTEIRA SUL,UFFS,Aca.,MEDICINA VETERINÁRIA                              ,4
21001014080P3,TECNOLOGIAS APLICADAS A ANIMAIS DE INTERESSE REGIONAL,UNIVERSIDADE FEDERAL DO PIAUÍ,UFPI,Aca.,MEDICINA VETERINÁRIA                              ,4
42008018036P8,SAÚDE ANIMAL,UNIVERSIDADE DE CAXIAS DO SUL,UCS,Prof.,MEDICINA VETERINÁRIA                              ,3
25003011073P0,SAÚDE ÚNICA,UNIVERSIDADE FEDERAL RURAL DE PERNAMBUCO,UFRPE,Prof.,MEDICINA VETERINÁRIA                              ,3
43043003001P2,SAÚDE ANIMAL,CENTRO ESTADUAL DE DIAGNÓSTICO E PESQUISA EM SAÚDE ANIMAL DESIDÉRIO FINAMOR,IPVDF,Aca.,MEDICINA VETERINÁRIA                              ,4
15001059001P0,REPRODUÇÃO ANIMAL NA AMAZÔNIA,UNIVERSIDADE FEDERAL RURAL DA AMAZÔNIA,UFRA,Aca.,MEDICINA VETERINÁRIA                              ,4
52060004002P9,Biociência e Saúde Única,UNIVERSIDADE FEDERAL DE JATAÍ,UFJ,Aca.,MEDICINA VETERINÁRIA                              ,4
17010004003P7,SANIDADE ANIMAL  E SAÚDE  PÚBLICA NOS TRÓPICOS,UNIVERSIDADE FEDERAL DO NORTE DO TOCANTINS,UFNT,Aca.,MEDICINA VETERINÁRIA                              ,4
15001016038P0,CIÊNCIA E TECNOLOGIA DE ALIMENTOS,UNIVERSIDADE FEDERAL DO PARÁ,UFPA,Aca.,CIÊNCIA DE ALIMENTOS                              ,5
22001018017P2,CIÊNCIA E TECNOLOGIA DE ALIMENTOS,UNIVERSIDADE FEDERAL DO CEARÁ,UFC,Aca.,CIÊNCIA DE ALIMENTOS                              ,4
24001015025P0,CIÊNCIA E TECNOLOGIA DE ALIMENTOS,UNIVERSIDADE FEDERAL DA PARAÍBA - CAMPUS JOÃO PESSOA,UFPB-JOÃO PESSOA,Aca.,CIÊNCIA DE ALIMENTOS                              ,5
31001017112P0,CIÊNCIA  DE ALIMENTOS,UNIVERSIDADE FEDERAL DO RIO DE JANEIRO,UFRJ,Aca.,CIÊNCIA DE ALIMENTOS                              ,6
31002013006P2,CIÊNCIA E TECNOLOGIA DE ALIMENTOS,UNIVERSIDADE FEDERAL RURAL DO RIO DE JANEIRO,UFRRJ,Aca.,CIÊNCIA DE ALIMENTOS                              ,4
32001010031P3,CIÊNCIAS DE ALIMENTOS,UNIVERSIDADE FEDERAL DE MINAS GERAIS,UFMG,Aca.,CIÊNCIA DE ALIMENTOS                              ,4
32002017013P1,CIÊNCIA E TECNOLOGIA DE ALIMENTOS,UNIVERSIDADE FEDERAL DE VIÇOSA,UFV,Aca.,CIÊNCIA DE ALIMENTOS                              ,6
32004010005P5,CIÊNCIAS DOS ALIMENTOS,UNIVERSIDADE FEDERAL DE LAVRAS,UFLA,Aca.,CIÊNCIA DE ALIMENTOS                              ,6
33002010101P0,Interunidades Sistemas Integrados em Alimentos,UNIVERSIDADE DE SÃO PAULO,USP,Aca.,CIÊNCIA DE ALIMENTOS                              ,5
33002037015P8,CIÊNCIA E TECNOLOGIA DE ALIMENTOS,UNIVERSIDADE DE SÃO PAULO - ESCOLA SUPERIOR DE AGRICULTURA LUIZ DE QUEIROZ,USP-ESALQ,Aca.,CIÊNCIA DE ALIMENTOS                              ,5
33003017027P1,CIÊNCIA DE ALIMENTOS,UNIVERSIDADE ESTADUAL DE CAMPINAS,UNICAMP,Aca.,CIÊNCIA DE ALIMENTOS                              ,7
33003017028P8,TECNOLOGIA DE ALIMENTOS,UNIVERSIDADE ESTADUAL DE CAMPINAS,UNICAMP,Aca.,CIÊNCIA DE ALIMENTOS                              ,5
33003017029P4,ENGENHARIA DE ALIMENTOS,UNIVERSIDADE ESTADUAL DE CAMPINAS,UNICAMP,Aca.,CIÊNCIA DE ALIMENTOS                              ,7
33003017042P0,ALIMENTOS E NUTRIÇÃO,UNIVERSIDADE ESTADUAL DE CAMPINAS,UNICAMP,Aca.,CIÊNCIA DE ALIMENTOS                              ,6
33004153070P3,"ALIMENTOS, NUTRIÇÃO E ENGENHARIA DE ALIMENTOS",UNIVERSIDADE ESTADUAL PAULISTA JÚLIO DE MESQUITA FILHO - CAMPUS SÃO JOSÉ DO RIO PRETO,UNESP-SÃO JOSÉ DO RIO PRETO,Aca.,CIÊNCIA DE ALIMENTOS                              ,5
40001016019P6,ENGENHARIA DE ALIMENTOS,UNIVERSIDADE FEDERAL DO PARANÁ,UFPR,Aca.,CIÊNCIA DE ALIMENTOS                              ,6
40002012003P9,CIÊNCIAS DE ALIMENTOS,UNIVERSIDADE ESTADUAL DE LONDRINA,UEL,Aca.,CIÊNCIA DE ALIMENTOS                              ,4
40005011007P3,CIÊNCIA E TECNOLOGIA DE ALIMENTOS,UNIVERSIDADE ESTADUAL DE PONTA GROSSA,UEPG,Aca.,CIÊNCIA DE ALIMENTOS                              ,4
41001010021P7,CIÊNCIAS DOS ALIMENTOS,UNIVERSIDADE FEDERAL DE SANTA CATARINA,UFSC,Aca.,CIÊNCIA DE ALIMENTOS                              ,6
41001010046P0,ENGENHARIA DE ALIMENTOS,UNIVERSIDADE FEDERAL DE SANTA CATARINA,UFSC,Aca.,CIÊNCIA DE ALIMENTOS                              ,7
42002010013P3,CIÊNCIA E TECNOLOGIA DOS ALIMENTOS,UNIVERSIDADE FEDERAL DE SANTA MARIA,UFSM,Aca.,CIÊNCIA DE ALIMENTOS                              ,5
42003016009P9,CIÊNCIA E TECNOLOGIA DE ALIMENTOS,UNIVERSIDADE FEDERAL DE PELOTAS,UFPEL,Aca.,CIÊNCIA DE ALIMENTOS                              ,6
42004012005P0,ENGENHARIA E CIÊNCIA DE ALIMENTOS,UNIVERSIDADE FEDERAL DO RIO GRANDE,FURG,Aca.,CIÊNCIA DE ALIMENTOS                              ,7
42010012001P0,ENGENHARIA DE ALIMENTOS,UNIVERSIDADE REGIONAL INTEGRADA DO ALTO URUGUAI E DAS MISSÕES,URI,Aca.,CIÊNCIA DE ALIMENTOS                              ,4
52001016029P5,CIÊNCIA E TECNOLOGIA DE ALIMENTOS,UNIVERSIDADE FEDERAL DE GOIÁS,UFG,Aca.,CIÊNCIA DE ALIMENTOS                              ,4
42001013079P4,CIÊNCIA E TECNOLOGIA DE ALIMENTOS,UNIVERSIDADE FEDERAL DO RIO GRANDE DO SUL,UFRGS,Aca.,CIÊNCIA DE ALIMENTOS                              ,5
28006011004P6,ENGENHARIA E CIÊNCIA DE ALIMENTOS,UNIVERSIDADE ESTADUAL DO SUDOESTE DA BAHIA,UESB,Aca.,CIÊNCIA DE ALIMENTOS                              ,4
28001010057P4,CIÊNCIA DE ALIMENTOS,UNIVERSIDADE FEDERAL DA BAHIA,UFBA,Aca.,CIÊNCIA DE ALIMENTOS                              ,4
25003011021P0,CIÊNCIA E TECNOLOGIA DE ALIMENTOS,UNIVERSIDADE FEDERAL RURAL DE PERNAMBUCO,UFRPE,Aca.,CIÊNCIA DE ALIMENTOS                              ,3
27001016016P0,CIÊNCIA E TECNOLOGIA DE ALIMENTOS,UNIVERSIDADE FEDERAL DE SERGIPE,UFS,Aca.,CIÊNCIA DE ALIMENTOS                              ,3
24001015054P0,TECNOLOGIA AGROALIMENTAR,UNIVERSIDADE FEDERAL DA PARAÍBA - CAMPUS JOÃO PESSOA,UFPB-JOÃO PESSOA,Aca.,CIÊNCIA DE ALIMENTOS                              ,3
33002010209P6,ENGENHARIA DE ALIMENTOS,UNIVERSIDADE DE SÃO PAULO,USP,Aca.,CIÊNCIA DE ALIMENTOS                              ,5
21001014020P0,ALIMENTOS E NUTRIÇÃO,UNIVERSIDADE FEDERAL DO PIAUÍ,UFPI,Aca.,CIÊNCIA DE ALIMENTOS                              ,4
32005016028P8,CIÊNCIA E TECNOLOGIA DO LEITE E DERIVADOS,UNIVERSIDADE FEDERAL DE JUIZ DE FORA,UFJF,Prof.,CIÊNCIA DE ALIMENTOS                              ,4
40004015034P4,CIÊNCIA   DE  ALIMENTOS,UNIVERSIDADE ESTADUAL DE MARINGÁ,UEM,Aca.,CIÊNCIA DE ALIMENTOS                              ,4
31050018002P3,CIÊNCIA E TECNOLOGIA DE ALIMENTOS,"INSTITUTO FEDERAL DE EDUCAÇÃO, CIÊNCIA E TECNOLOGIA DO RIO DE JANEIRO",IFRJ,Prof.,CIÊNCIA DE ALIMENTOS                              ,5
40006018015P2,Tecnologia de Alimentos,UNIVERSIDADE TECNOLÓGICA FEDERAL DO PARANÁ,UTFPR,Prof.,CIÊNCIA DE ALIMENTOS                              ,4
40006018016P9,Tecnologia de Alimentos,UNIVERSIDADE TECNOLÓGICA FEDERAL DO PARANÁ,UTFPR,Aca.,CIÊNCIA DE ALIMENTOS                              ,4
30001013046P5,Ciência e Tecnologia de Alimentos,UNIVERSIDADE FEDERAL DO ESPÍRITO SANTO,UFES,Aca.,CIÊNCIA DE ALIMENTOS                              ,4
32048017001P9,Ciência e Tecnologia de Alimentos,"INSTITUTO FEDERAL DE EDUCAÇÃO, CIÊNCIA E TECNOLOGIA DO TRIÂNGULO MINEIRO",IFTM,Prof.,CIÊNCIA DE ALIMENTOS                              ,4
50005014001P3,Ciência e Tecnologia de Alimentos,"INSTITUTO FEDERAL DE EDUCAÇÃO, CIÊNCIA E TECNOLOGIA DE MATO GROSSO",IFMT,Aca.,CIÊNCIA DE ALIMENTOS                              ,3
31021018017P1,ALIMENTOS E NUTRIÇÃO,UNIVERSIDADE FEDERAL DO ESTADO DO RIO DE JANEIRO,UNIRIO,Aca.,CIÊNCIA DE ALIMENTOS                              ,4
22008012002P0,TECNOLOGIA DE ALIMENTOS,"INSTITUTO FEDERAL DE EDUCAÇÃO, CIÊNCIA E TECNOLOGIA DO CEARÁ",IFCE,Aca.,CIÊNCIA DE ALIMENTOS                              ,3
16003012012P6,CIÊNCIA E TECNOLOGIA DE ALIMENTOS,UNIVERSIDADE FEDERAL DO TOCANTINS,UFT,Aca.,CIÊNCIA DE ALIMENTOS                              ,4
32044011001P3,Ciência e Tecnologia de Alimentos,"INSTITUTO FEDERAL DE EDUCAÇÃO, CIÊNCIA E TECNOLOGIA DO SUDESTE DE MINAS GERAIS",IFSEMG,Prof.,CIÊNCIA DE ALIMENTOS                              ,4
42009014010P5,Ciência e Tecnologia de Alimentos,UNIVERSIDADE DE PASSO FUNDO,UPF,Aca.,CIÊNCIA DE ALIMENTOS                              ,4
33299013001P1,Ciência e Tecnologia de Alimentos,SECRETARIA DE AGRICULTURA E ABASTECIMENTO DO ESTADO DE SÃO PAULO - INSTITUTO DE TECNOLOGIA DE ALIMENTOS,SAA/SP-ITAL,Aca.,CIÊNCIA DE ALIMENTOS                              ,4
42003016054P4,CIÊNCIA E TECNOLOGIA DE ALIMENTOS,UNIVERSIDADE FEDERAL DE PELOTAS,UFPEL,Prof.,CIÊNCIA DE ALIMENTOS                              ,4
32082010001P8,CIÊNCIA E TECNOLOGIA DE ALIMENTOS,"INSTITUTO FEDERAL DE EDUCAÇÃO, CIÊNCIA E TECNOLOGIA DO SUL DE MINAS GERAIS",IFSULDEMINAS,Prof.,CIÊNCIA DE ALIMENTOS                              ,4
52010015103P6,TECNOLOGIA DE ALIMENTOS,"INSTITUTO FEDERAL DE EDUCAÇÃO, CIÊNCIA E TECNOLOGIA GOIANO",IF GOIANO,Prof.,CIÊNCIA DE ALIMENTOS                              ,4
40004015073P0,ENGENHARIA DE ALIMENTOS,UNIVERSIDADE ESTADUAL DE MARINGÁ,UEM,Aca.,CIÊNCIA DE ALIMENTOS                              ,3
41020014010P9,CIÊNCIA E TECNOLOGIA DE ALIMENTOS,UNIVERSIDADE FEDERAL DA FRONTEIRA SUL,UFFS,Aca.,CIÊNCIA DE ALIMENTOS                              ,3
32010010044P7,CIÊNCIA E TECNOLOGIA DE ALIMENTOS,UNIVERSIDADE FEDERAL DOS VALES DO JEQUITINHONHA E MUCURI,UFVJM,Aca.,CIÊNCIA DE ALIMENTOS                              ,3
41002016164P5,CIÊNCIA E TECNOLOGIA DE ALIMENTOS,FUNDAÇÃO UNIVERSIDADE DO ESTADO DE SANTA CATARINA,UDESC,Aca.,CIÊNCIA DE ALIMENTOS                              ,3
51005018171P9,CIÊNCIA E TECNOLOGIA DE ALIMENTOS,UNIVERSIDADE FEDERAL DA GRANDE DOURADOS,UFGD,Aca.,CIÊNCIA DE ALIMENTOS                              ,3
32006012172P8,ENGENHARIA DE ALIMENTOS,UNIVERSIDADE FEDERAL DE UBERLÂNDIA,UFU,Aca.,CIÊNCIA DE ALIMENTOS                              ,3
32004010042P8,ENGENHARIA DE ALIMENTOS,UNIVERSIDADE FEDERAL DE LAVRAS,UFLA,Aca.,CIÊNCIA DE ALIMENTOS                              ,3
42045010003P0,CIÊNCIA E TECNOLOGIA DE ALIMENTOS,UNIVERSIDADE ESTADUAL DO RIO GRANDE DO SUL,UERGS,Prof.,CIÊNCIA DE ALIMENTOS                              ,3
24009016173P0,ENGENHARIA DE ALIMENTOS,UNIVERSIDADE FEDERAL DE CAMPINA GRANDE,UFCG,Aca.,CIÊNCIA DE ALIMENTOS                              ,3
12008010002P5,DIREITO AMBIENTAL,UNIVERSIDADE DO ESTADO DO AMAZONAS,UEA,Aca.,DIREITO                                           ,4
15001016003P1,DIREITO,UNIVERSIDADE FEDERAL DO PARÁ,UFPA,Aca.,DIREITO                                           ,5
22001018011P4,DIREITO,UNIVERSIDADE FEDERAL DO CEARÁ,UFC,Aca.,DIREITO                                           ,4
22002014003P8,DIREITO CONSTITUCIONAL,UNIVERSIDADE DE FORTALEZA,UNIFOR,Aca.,DIREITO                                           ,6
23001011034P7,DIREITO,UNIVERSIDADE FEDERAL DO RIO GRANDE DO NORTE,UFRN,Aca.,DIREITO                                           ,3
24001015037P9,CIÊNCIAS JURÍDICAS,UNIVERSIDADE FEDERAL DA PARAÍBA - CAMPUS JOÃO PESSOA,UFPB-JOÃO PESSOA,Aca.,DIREITO                                           ,4
25001019029P9,DIREITO,UNIVERSIDADE FEDERAL DE PERNAMBUCO,UFPE,Aca.,DIREITO                                           ,5
26001012018P0,DIREITO,UNIVERSIDADE FEDERAL DE ALAGOAS,UFAL,Aca.,DIREITO                                           ,3
28001010015P0,DIREITO,UNIVERSIDADE FEDERAL DA BAHIA,UFBA,Aca.,DIREITO                                           ,5
30010012001P7,DIREITO,FACULDADE DE DIREITO DE VITÓRIA,FDV,Aca.,DIREITO                                           ,5
31004016015P4,DIREITO,UNIVERSIDADE DO ESTADO DO RIO DE JANEIRO,UERJ,Aca.,DIREITO                                           ,6
31005012020P4,DIREITO,PONTIFÍCIA UNIVERSIDADE CATÓLICA DO RIO DE JANEIRO,PUC-RIO,Aca.,DIREITO                                           ,6
31018017007P9,DIREITO,UNIVERSIDADE ESTÁCIO DE SÁ,UNESA,Aca.,DIREITO                                           ,5
31032010002P6,DIREITO,UNIVERSIDADE CÂNDIDO MENDES,UCAM,Aca.,DIREITO                                           ,2
32001010027P6,DIREITO,UNIVERSIDADE FEDERAL DE MINAS GERAIS,UFMG,Aca.,DIREITO                                           ,7
32008015005P7,DIREITO,PONTIFÍCIA UNIVERSIDADE CATÓLICA DE MINAS GERAIS,PUC MINAS,Aca.,DIREITO                                           ,6
32040016001P8,Direito nas Relações Econômicas e Sociais,FACULDADE MILTON CAMPOS,FMC,Aca.,DIREITO                                           ,3
33002010119P7,DIREITO,UNIVERSIDADE DE SÃO PAULO,USP,Aca.,DIREITO                                           ,7
33004072068P9,DIREITO,UNIVERSIDADE ESTADUAL PAULISTA JÚLIO DE MESQUITA FILHO - CAMPUS FRANCA,UNESP-FRANCA,Aca.,DIREITO                                           ,4
33005010019P5,DIREITO,PONTIFÍCIA UNIVERSIDADE CATÓLICA DE SÃO PAULO,PUCSP,Aca.,DIREITO                                           ,5
33007012005P3,DIREITO,UNIVERSIDADE METODISTA DE PIRACICABA,UNIMEP,Aca.,DIREITO                                           ,2
33020019001P7,DIREITO,UNIVERSIDADE CATÓLICA DE SANTOS,UNISANTOS,Aca.,DIREITO                                           ,4
33024014018P2,DIREITO POLÍTICO E ECONÔMICO,UNIVERSIDADE PRESBITERIANA MACKENZIE,MACKENZIE,Aca.,DIREITO                                           ,6
33034010006P0,DIREITO,UNIVERSIDADE DE MARÍLIA,UNIMAR,Aca.,DIREITO                                           ,5
33079013001P3,DIREITO,CENTRO UNIVERSITÁRIO FIEO,UNIFIEO,Aca.,DIREITO                                           ,3
33105014001P2,SISTEMA CONSTITUCIONAL DE GARANTIA DE DIREITOS,CENTRO UNIVERSITÁRIO DE BAURU,CEUB,Aca.,DIREITO                                           ,5
33111014001P9,DIREITO,CENTRO UNIVERSITÁRIO EURÍPEDES DE MARÍLIA,UNIVEM,Aca.,DIREITO                                           ,3
40001016017P3,DIREITO,UNIVERSIDADE FEDERAL DO PARANÁ,UFPR,Aca.,DIREITO                                           ,6
40002012002P2,DIREITO NEGOCIAL,UNIVERSIDADE ESTADUAL DE LONDRINA,UEL,Aca.,DIREITO                                           ,4
40003019006P4,DIREITO,PONTIFÍCIA UNIVERSIDADE CATÓLICA DO PARANÁ,PUCPR,Aca.,DIREITO                                           ,6
40028011001P8,DIREITO PROCESSUAL E CIDADANIA,UNIVERSIDADE PARANAENSE,UNIPAR,Aca.,DIREITO                                           ,4
40031012001P5,CIÊNCIA JURÍDICA,UNIVERSIDADE ESTADUAL DO NORTE DO PARANÁ,UENP,Aca.,DIREITO                                           ,4
41001010011P1,DIREITO,UNIVERSIDADE FEDERAL DE SANTA CATARINA,UFSC,Aca.,DIREITO                                           ,6
41005015001P8,CIÊNCIA JURÍDICA,UNIVERSIDADE DO VALE DO ITAJAÍ,UNIVALI,Aca.,DIREITO                                           ,6
42001013042P3,DIREITO,UNIVERSIDADE FEDERAL DO RIO GRANDE DO SUL,UFRGS,Aca.,DIREITO                                           ,6
42005019013P9,DIREITO,PONTIFÍCIA UNIVERSIDADE CATÓLICA DO RIO GRANDE DO SUL,PUCRS,Aca.,DIREITO                                           ,6
42005019023P4,CIÊNCIAS CRIMINAIS,PONTIFÍCIA UNIVERSIDADE CATÓLICA DO RIO GRANDE DO SUL,PUCRS,Aca.,DIREITO                                           ,5
42007011005P9,DIREITO,UNIVERSIDADE DO VALE DO RIO DOS SINOS,UNISINOS,Aca.,DIREITO                                           ,6
42008018004P9,DIREITO,UNIVERSIDADE DE CAXIAS DO SUL,UCS,Aca.,DIREITO                                           ,4
42020018002P9,DIREITO,UNIVERSIDADE DE SANTA CRUZ DO SUL,UNISC,Aca.,DIREITO                                           ,5
53001010017P3,DIREITO,UNIVERSIDADE DE BRASÍLIA,UNB,Aca.,DIREITO                                           ,7
53003012008P3,DIREITO,UNIVERSIDADE CATÓLICA DE BRASÍLIA,UCB,Aca.,DIREITO                                           ,5
53005015001P1,DIREITO,CENTRO UNIVERSITÁRIO DE BRASÍLIA,UNICEUB,Aca.,DIREITO                                           ,5
25002015006P5,DIREITO,UNIVERSIDADE CATÓLICA DE PERNAMBUCO,UNICAP,Aca.,DIREITO                                           ,5
40030016001P9,CIÊNCIAS JURÍDICAS,UNIVERSIDADE CESUMAR,UNICESUMAR,Aca.,DIREITO                                           ,4
33136017001P4,FUNÇÃO SOCIAL DO DIREITO,FACULDADE AUTÔNOMA DE DIREITO,FADISP,Aca.,DIREITO                                           ,5
40029018001P4,DIREITO,CENTRO UNIVERSITÁRIO CURITIBA,UNICURITIBA,Aca.,DIREITO                                           ,5
42010012003P3,DIREITO,UNIVERSIDADE REGIONAL INTEGRADA DO ALTO URUGUAI E DAS MISSÕES,URI,Aca.,DIREITO                                           ,4
30001013027P0,Direito Processual,UNIVERSIDADE FEDERAL DO ESPÍRITO SANTO,UFES,Aca.,DIREITO                                           ,4
40036014001P7,DIREITO,CENTRO UNIVERSITÁRIO AUTÔNOMO DO BRASIL,UNIBRASIL,Aca.,DIREITO                                           ,5
33142017001P0,DIREITO DA SOCIEDADE DA INFORMAÇÃO,CENTRO UNIVERSITÁRIO DAS FACULDADES METROPOLITANAS UNIDAS,FMU,Aca.,DIREITO                                           ,3
53019016001P9,Direito Constitucional,"INSTITUTO BRASILEIRO DE ENSINO, DESENVOLVIMENTO E PESQUISA DE BRASÍLIA",IDP-BSB,Aca.,DIREITO                                           ,5
52001016041P5,DIREITO AGRÁRIO,UNIVERSIDADE FEDERAL DE GOIÁS,UFG,Aca.,DIREITO                                           ,4
33145016001P0,Direito,FUNDAÇÃO GETULIO VARGAS - ESCOLA DE DIREITO DE SÃO PAULO,FGV-DIREITO SP,Aca.,DIREITO                                           ,5
31001017130P9,DIREITO,UNIVERSIDADE FEDERAL DO RIO DE JANEIRO,UFRJ,Aca.,DIREITO                                           ,6
32006012027P8,Direito,UNIVERSIDADE FEDERAL DE UBERLÂNDIA,UFU,Aca.,DIREITO                                           ,4
50001019025P4,DIREITO ,UNIVERSIDADE FEDERAL DE MATO GROSSO,UFMT,Aca.,DIREITO                                           ,4
32079010001P4,Direito,FACULDADE DE DIREITO DO SUL DE MINAS,FDSM,Aca.,DIREITO                                           ,4
32053010002P5,"Instituições Sociais, Direito e Democracia",UNIVERSIDADE FUMEC,FUMEC,Aca.,DIREITO                                           ,4
27001016035P4,DIREITO,UNIVERSIDADE FEDERAL DE SERGIPE,UFS,Aca.,DIREITO                                           ,4
31003010080P8,Direito Constitucional,UNIVERSIDADE FEDERAL FLUMINENSE,UFF,Aca.,DIREITO                                           ,4
31021018015P9,DIREITO,UNIVERSIDADE FEDERAL DO ESTADO DO RIO DE JANEIRO,UNIRIO,Aca.,DIREITO                                           ,4
42043018003P8,Direito,CENTRO UNIVERSITÁRIO RITTER DOS REIS,UNIRITTER,Aca.,DIREITO                                           ,3
32083017001P4,Direito Ambiental e Desenvolvimento Sustentável,ESCOLA SUPERIOR DOM HELDER CÂMARA,ESDHC,Aca.,DIREITO                                           ,4
31019013002P3,DIREITO,UNIVERSIDADE CATÓLICA DE PETRÓPOLIS,UCP,Aca.,DIREITO                                           ,4
32017014001P7,Direitos Fundamentais,UNIVERSIDADE DE ITAÚNA,UI,Aca.,DIREITO                                           ,4
33032017009P2,Direitos Coletivos e Cidadania,UNIVERSIDADE DE RIBEIRÃO PRETO,UNAERP,Aca.,DIREITO                                           ,4
42024013004P7,Direitos Humanos,UNIVERSIDADE REGIONAL DO NOROESTE DO ESTADO DO RIO GRANDE DO SUL,UNIJUÍ,Aca.,DIREITO                                           ,4
33092010011P1,DIREITO,UNIVERSIDADE NOVE DE JULHO,UNINOVE,Aca.,DIREITO                                           ,4
15013014001P3,"Direito, Políticas Públicas e Desenvolvimento Regional",CENTRO UNIVERSITÁRIO DO ESTADO DO PARÁ,CESUPA,Aca.,DIREITO                                           ,4
20001010029P5,DIREITO E INSTITUIÇÕES DO SISTEMA DE JUSTIÇA,UNIVERSIDADE FEDERAL DO MARANHÃO,UFMA,Aca.,DIREITO                                           ,4
33131015005P8,Direito,CENTRO UNIVERSITÁRIO SALESIANO DE SÃO PAULO,UNISAL,Aca.,DIREITO                                           ,3
33145016002P6,Direito,FUNDAÇÃO GETULIO VARGAS - ESCOLA DE DIREITO DE SÃO PAULO,FGV-DIREITO SP,Prof.,DIREITO                                           ,4
32005016036P0,Direito e Inovação,UNIVERSIDADE FEDERAL DE JUIZ DE FORA,UFJF,Aca.,DIREITO                                           ,4
42002010057P0,Direito,UNIVERSIDADE FEDERAL DE SANTA MARIA,UFSM,Aca.,DIREITO                                           ,4
41007018003P3,DIREITO,UNIVERSIDADE DO OESTE DE SANTA CATARINA,UNOESC,Aca.,DIREITO                                           ,4
27002012005P4,Direitos Humanos,UNIVERSIDADE TIRADENTES,UNIT,Aca.,DIREITO                                           ,4
31011012015P7,Direito da Regulação,FUNDAÇÃO GETULIO VARGAS - RIO DE JANEIRO,FGV-RJ,Aca.,DIREITO                                           ,5
33254010001P6,Direito,FACULDADE ESCOLA PAULISTA DE DIREITO,FACEPD,Aca.,DIREITO                                           ,3
42004012027P3,Direito e Justiça Social,UNIVERSIDADE FEDERAL DO RIO GRANDE,FURG,Aca.,DIREITO                                           ,4
42051010001P4,DIREITO,FACULDADE ATITUS EDUCAÇÃO PASSO FUNDO,ATITUS EDUCAÇÃO,Aca.,DIREITO                                           ,4
15004015007P6,Direitos Fundamentais,UNIVERSIDADE DA AMAZÔNIA,UNAMA,Aca.,DIREITO                                           ,3
42021014005P4,Direito,UNIVERSIDADE LA SALLE,UNILASALLE,Aca.,DIREITO                                           ,4
24003018001P7,DIREITO,CENTRO UNIVERSITÁRIO DE JOÃO PESSOA,UNIPÊ,Aca.,DIREITO                                           ,3
42009014013P4,Direito,UNIVERSIDADE DE PASSO FUNDO,UPF,Aca.,DIREITO                                           ,3
33002029051P9,Direito,UNIVERSIDADE DE SÃO PAULO - CAMPUS RIBEIRÃO PRETO,USP-RIBEIRÃO PRETO,Aca.,DIREITO                                           ,4
31030017006P5,Direito,UNIVERSIDADE VEIGA DE ALMEIDA,UVA,Aca.,DIREITO                                           ,4
41016017006P8,DIREITO,UNIVERSIDADE COMUNITÁRIA DA REGIÃO DE CHAPECÓ,UNOCHAPECÓ,Aca.,DIREITO                                           ,4
42007011033P2,DIREITO DA EMPRESA E DOS NEGÓCIOS,UNIVERSIDADE DO VALE DO RIO DOS SINOS,UNISINOS,Prof.,DIREITO                                           ,3
22002014008P0,DIREITO E GESTÃO DE CONFLITOS,UNIVERSIDADE DE FORTALEZA,UNIFOR,Prof.,DIREITO                                           ,4
26017008001P4,DIREITO,FACULDADE DAMAS DA INSTRUÇÃO CRISTÃ,FADIC,Aca.,DIREITO                                           ,3
51001012101P5,DIREITO,UNIVERSIDADE FEDERAL DE MATO GROSSO DO SUL,UFMS,Aca.,DIREITO                                           ,4
31003010158P7,"DIREITOS, INSTITUIÇÕES E NEGÓCIOS",UNIVERSIDADE FEDERAL FLUMINENSE,UFF,Aca.,DIREITO                                           ,4
41001010158P2,DIREITO,UNIVERSIDADE FEDERAL DE SANTA CATARINA,UFSC,Prof.,DIREITO                                           ,4
53032012001P8,DIREITO,CENTRO UNIVERSITÁRIO DO DISTRITO FEDERAL,UDF,Aca.,DIREITO                                           ,4
22012010001P0,DIREITO,CENTRO UNIVERSITÁRIO SETE DE SETEMBRO,UNI7,Aca.,DIREITO                                           ,4
43002005001P9,DIREITO,FACULDADE DE DIREITO DA FUNDAÇÃO ESCOLA SUPERIOR DO MINISTÉRIO PÚBLICO,FMP,Aca.,DIREITO                                           ,4
29010004001P8,DIREITO,CENTRO UNIVERSITÁRIO FG,UNIFG,Aca.,DIREITO                                           ,4
33087016003P5,DIREITO DA SAÚDE: DIMENSÕES INDIVIDUAIS E COLETIVAS ,UNIVERSIDADE SANTA CECÍLIA,UNISANTA,Aca.,DIREITO                                           ,3
40051013002P5,DIREITO,CENTRO UNIVERSITÁRIO INTERNACIONAL,UNINTER,Aca.,DIREITO                                           ,3
32007019052P9,Direito,UNIVERSIDADE FEDERAL DE OURO PRETO,UFOP,Aca.,DIREITO                                           ,4
23009004003P0,DIREITO,CENTRO UNIVERSITÁRIO CHRISTUS,UNICHRISTUS,Aca.,DIREITO                                           ,4
41015010008P4,DIREITO,UNIVERSIDADE DO EXTREMO SUL CATARINENSE,UNESC,Aca.,DIREITO                                           ,4
35016000001P3,DIREITO TRIBUTÁRIO INTERNACIONAL E COMPARADO,INSTITUTO BRASILEIRO DE DIREITO TRIBUTÁRIO,IBDT,Prof.,DIREITO                                           ,3
42003016057P3,DIREITO,UNIVERSIDADE FEDERAL DE PELOTAS,UFPEL,Aca.,DIREITO                                           ,3
52001016107P6,DIREITO E POLÍTICAS PÚBLICAS,UNIVERSIDADE FEDERAL DE GOIÁS,UFG,Prof.,DIREITO                                           ,4
41005015012P0,DIREITO DAS MIGRAÇÕES TRANSNACIONAIS,UNIVERSIDADE DO VALE DO ITAJAÍ,UNIVALI,Prof.,DIREITO                                           ,3
53023013002P9,DIREITOS SOCIAIS E PROCESSOS REIVINDICATÓRIOS,CENTRO UNIVERSITÁRIO DO INSTITUTO DE EDUCAÇÃO SUPERIOR DE BRASÍLIA,IESB,Prof.,DIREITO                                           ,3
35133007001P5,"DIREITO, JUSTIÇA E DESENVOLVIMENTO","INSTITUTO BRASILEIRO DE ENSINO, DESENVOLVIMENTO E PESQUISA DE SÃO PAULO",IDP-SP,Prof.,DIREITO                                           ,3
28003012007P6,DIREITO,UNIVERSIDADE CATÓLICA DO SALVADOR,UCSAL,Aca.,DIREITO                                           ,3
12001015174P2,DIREITO ,UNIVERSIDADE FEDERAL DO AMAZONAS,UFAM,Aca.,DIREITO                                           ,3
35019000001P6,DIREITO TRIBUTÁRIO ,INSTITUTO BRASILEIRO DE ESTUDOS TRIBUTÁRIOS,IBET,Aca.,DIREITO                                           ,3
52016013003P0,DIREITO,CENTRO UNIVERSITÁRIO ALVES FARIA,UNIALFA,Aca.,DIREITO                                           ,3
33006016018P1,DIREITO,PONTIFÍCIA UNIVERSIDADE CATÓLICA DE CAMPINAS,PUC-CAMPINAS,Aca.,DIREITO                                           ,3
53019016004P8,DIREITO ECONÔMICO E DESENVOLVIMENTO,"INSTITUTO BRASILEIRO DE ENSINO, DESENVOLVIMENTO E PESQUISA DE BRASÍLIA",IDP-BSB,Prof.,DIREITO                                           ,3
53001010111P0,"DIREITO, REGULAÇÃO E POLÍTICAS PÚBLICAS",UNIVERSIDADE DE BRASÍLIA,UNB,Prof.,DIREITO                                           ,3
40022013009P0,DIREITO,UNIVERSIDADE POSITIVO,UP,Prof.,DIREITO                                           ,3
23003014073P5,DIREITO,UNIVERSIDADE FEDERAL RURAL DO SEMI-ÁRIDO,UFERSA,Aca.,DIREITO                                           ,3
21001014083P2,DIREITO,UNIVERSIDADE FEDERAL DO PIAUÍ,UFPI,Aca.,DIREITO                                           ,3
33082014006P2,DIREITO E GESTÃO DE CONFLITOS,UNIVERSIDADE DE ARARAQUARA,UNIARA,Prof.,DIREITO                                           ,3
31005012159P2,DIREITO CIVIL CONTEMPORÂNEO E PRÁTICA JURÍDICA,PONTIFÍCIA UNIVERSIDADE CATÓLICA DO RIO DE JANEIRO,PUC-RIO,Prof.,DIREITO                                           ,3
41079000001P0,"DIREITO, SOCIEDADE E TECNOLOGIAS",FACULDADES LONDRINA,FL,Prof.,DIREITO                                           ,3
35183004001P4,"DIREITO, JUSTIÇA E IMPACTOS NA ECONOMIA.",CENTRO DE ESTUDOS DE DIREITO ECONÔMICO E SOCIAL,CEDES,Prof.,DIREITO                                           ,3
53069005001P2,DIREITO E PODER JUDICIÁRIO,ESCOLA NACIONAL DE FORMAÇÃO E APERFEIÇOAMENTO DE MAGISTRADOS,ENFAM,Prof.,DIREITO                                           ,3
26038005001P4,"DIREITO, MERCADO, COMPLIANCE E SEGURANÇA HUMANA",FACULDADE CERS,CERS,Prof.,DIREITO                                           ,3
41006011015P5,DIREITO,UNIVERSIDADE REGIONAL DE BLUMENAU,FURB,Aca.,DIREITO                                           ,3
22002014001P5,Administração,UNIVERSIDADE DE FORTALEZA,UNIFOR,Aca.,"ADMINISTRAÇÃO PÚBLICA E DE EMPRESAS, CIÊNCIAS CONTÁBEIS E TURISMO",5
23001011007P0,ADMINISTRAÇÃO,UNIVERSIDADE FEDERAL DO RIO GRANDE DO NORTE,UFRN,Aca.,"ADMINISTRAÇÃO PÚBLICA E DE EMPRESAS, CIÊNCIAS CONTÁBEIS E TURISMO",5
24001015017P8,ADMINISTRAÇÃO,UNIVERSIDADE FEDERAL DA PARAÍBA - CAMPUS JOÃO PESSOA,UFPB-JOÃO PESSOA,Aca.,"ADMINISTRAÇÃO PÚBLICA E DE EMPRESAS, CIÊNCIAS CONTÁBEIS E TURISMO",5
25001019046P0,ADMINISTRAÇÃO,UNIVERSIDADE FEDERAL DE PERNAMBUCO,UFPE,Aca.,"ADMINISTRAÇÃO PÚBLICA E DE EMPRESAS, CIÊNCIAS CONTÁBEIS E TURISMO",5
25003011014P4,ADMINISTRAÇÃO E DESENVOLVIMENTO,UNIVERSIDADE FEDERAL RURAL DE PERNAMBUCO,UFRPE,Aca.,"ADMINISTRAÇÃO PÚBLICA E DE EMPRESAS, CIÊNCIAS CONTÁBEIS E TURISMO",4
28001010020P3,ADMINISTRAÇÃO,UNIVERSIDADE FEDERAL DA BAHIA,UFBA,Aca.,"ADMINISTRAÇÃO PÚBLICA E DE EMPRESAS, CIÊNCIAS CONTÁBEIS E TURISMO",4
28013018004P9,ADMINISTRAÇÃO,UNIVERSIDADE SALVADOR,UNIFACS,Aca.,"ADMINISTRAÇÃO PÚBLICA E DE EMPRESAS, CIÊNCIAS CONTÁBEIS E TURISMO",4
30001013015P2,ADMINISTRAÇÃO,UNIVERSIDADE FEDERAL DO ESPÍRITO SANTO,UFES,Aca.,"ADMINISTRAÇÃO PÚBLICA E DE EMPRESAS, CIÊNCIAS CONTÁBEIS E TURISMO",4
30007011001P0,CIÊNCIAS CONTÁBEIS E ADMINISTRAÇÃO,FUCAPE BUSINESS SCHOOL - ESPÍRITO SANTO,FUCAPE-ES,Prof.,"ADMINISTRAÇÃO PÚBLICA E DE EMPRESAS, CIÊNCIAS CONTÁBEIS E TURISMO",5
31001017062P3,ADMINISTRAÇÃO,UNIVERSIDADE FEDERAL DO RIO DE JANEIRO,UFRJ,Aca.,"ADMINISTRAÇÃO PÚBLICA E DE EMPRESAS, CIÊNCIAS CONTÁBEIS E TURISMO",7
31001017113P7,CIÊNCIAS CONTÁBEIS,UNIVERSIDADE FEDERAL DO RIO DE JANEIRO,UFRJ,Aca.,"ADMINISTRAÇÃO PÚBLICA E DE EMPRESAS, CIÊNCIAS CONTÁBEIS E TURISMO",5
31002013015P1,GESTÃO E ESTRATÉGIA,UNIVERSIDADE FEDERAL RURAL DO RIO DE JANEIRO,UFRRJ,Prof.,"ADMINISTRAÇÃO PÚBLICA E DE EMPRESAS, CIÊNCIAS CONTÁBEIS E TURISMO",4
31005012019P6,ADMINISTRAÇÃO DE EMPRESAS,PONTIFÍCIA UNIVERSIDADE CATÓLICA DO RIO DE JANEIRO,PUC-RIO,Aca.,"ADMINISTRAÇÃO PÚBLICA E DE EMPRESAS, CIÊNCIAS CONTÁBEIS E TURISMO",6
31011012004P5,ADMINISTRAÇÃO,FUNDAÇÃO GETULIO VARGAS - RIO DE JANEIRO,FGV-RJ,Aca.,"ADMINISTRAÇÃO PÚBLICA E DE EMPRESAS, CIÊNCIAS CONTÁBEIS E TURISMO",7
31018017008P5,ADMINISTRAÇÃO E DESENVOLVIMENTO EMPRESARIAL,UNIVERSIDADE ESTÁCIO DE SÁ,UNESA,Prof.,"ADMINISTRAÇÃO PÚBLICA E DE EMPRESAS, CIÊNCIAS CONTÁBEIS E TURISMO",4
31034012001P9,ADMINISTRAÇÃO,CENTRO UNIVERSITÁRIO IBMEC,IBMEC,Prof.,"ADMINISTRAÇÃO PÚBLICA E DE EMPRESAS, CIÊNCIAS CONTÁBEIS E TURISMO",4
32001010026P0,ADMINISTRAÇÃO,UNIVERSIDADE FEDERAL DE MINAS GERAIS,UFMG,Aca.,"ADMINISTRAÇÃO PÚBLICA E DE EMPRESAS, CIÊNCIAS CONTÁBEIS E TURISMO",4
32004010003P2,ADMINISTRAÇÃO,UNIVERSIDADE FEDERAL DE LAVRAS,UFLA,Aca.,"ADMINISTRAÇÃO PÚBLICA E DE EMPRESAS, CIÊNCIAS CONTÁBEIS E TURISMO",5
32006012020P3,ADMINISTRAÇÃO,UNIVERSIDADE FEDERAL DE UBERLÂNDIA,UFU,Aca.,"ADMINISTRAÇÃO PÚBLICA E DE EMPRESAS, CIÊNCIAS CONTÁBEIS E TURISMO",5
32049013001P5,ADMINISTRAÇÃO PÚBLICA,FUNDAÇÃO JOÃO PINHEIRO,FJP,Aca.,"ADMINISTRAÇÃO PÚBLICA E DE EMPRESAS, CIÊNCIAS CONTÁBEIS E TURISMO",3
32065019001P3,ADMINISTRAÇÃO,FACULDADE PEDRO LEOPOLDO,FPL,Prof.,"ADMINISTRAÇÃO PÚBLICA E DE EMPRESAS, CIÊNCIAS CONTÁBEIS E TURISMO",4
33002010085P5,ADMINISTRAÇÃO,UNIVERSIDADE DE SÃO PAULO,USP,Aca.,"ADMINISTRAÇÃO PÚBLICA E DE EMPRESAS, CIÊNCIAS CONTÁBEIS E TURISMO",7
33002010086P1,CONTROLADORIA E CONTABILIDADE,UNIVERSIDADE DE SÃO PAULO,USP,Aca.,"ADMINISTRAÇÃO PÚBLICA E DE EMPRESAS, CIÊNCIAS CONTÁBEIS E TURISMO",6
33002029036P0,ADMINISTRAÇÃO DE ORGANIZAÇÕES,UNIVERSIDADE DE SÃO PAULO - CAMPUS RIBEIRÃO PRETO,USP-RIBEIRÃO PRETO,Aca.,"ADMINISTRAÇÃO PÚBLICA E DE EMPRESAS, CIÊNCIAS CONTÁBEIS E TURISMO",6
33005010017P2,ADMINISTRAÇÃO,PONTIFÍCIA UNIVERSIDADE CATÓLICA DE SÃO PAULO,PUCSP,Aca.,"ADMINISTRAÇÃO PÚBLICA E DE EMPRESAS, CIÊNCIAS CONTÁBEIS E TURISMO",3
33005010018P9,"Ciências Contábeis, Controladoria e Finanças",PONTIFÍCIA UNIVERSIDADE CATÓLICA DE SÃO PAULO,PUCSP,Prof.,"ADMINISTRAÇÃO PÚBLICA E DE EMPRESAS, CIÊNCIAS CONTÁBEIS E TURISMO",4
33007012008P2,ADMINISTRAÇÃO,UNIVERSIDADE METODISTA DE PIRACICABA,UNIMEP,Prof.,"ADMINISTRAÇÃO PÚBLICA E DE EMPRESAS, CIÊNCIAS CONTÁBEIS E TURISMO",3
33014019001P0,ADMINISTRAÇÃO DE EMPRESAS,FUNDAÇÃO GETULIO VARGAS - SÃO PAULO,FGV-SP,Aca.,"ADMINISTRAÇÃO PÚBLICA E DE EMPRESAS, CIÊNCIAS CONTÁBEIS E TURISMO",7
33014019003P3,ADMINISTRAÇÃO PÚBLICA E GOVERNO,FUNDAÇÃO GETULIO VARGAS - SÃO PAULO,FGV-SP,Aca.,"ADMINISTRAÇÃO PÚBLICA E DE EMPRESAS, CIÊNCIAS CONTÁBEIS E TURISMO",6
33024014019P9,ADMINISTRAÇÃO DE EMPRESAS,UNIVERSIDADE PRESBITERIANA MACKENZIE,MACKENZIE,Aca.,"ADMINISTRAÇÃO PÚBLICA E DE EMPRESAS, CIÊNCIAS CONTÁBEIS E TURISMO",5
33092010001P6,ADMINISTRAÇÃO,UNIVERSIDADE NOVE DE JULHO,UNINOVE,Aca.,"ADMINISTRAÇÃO PÚBLICA E DE EMPRESAS, CIÊNCIAS CONTÁBEIS E TURISMO",6
33096015001P8,CIÊNCIAS CONTÁBEIS,CENTRO UNIVERSITÁRIO ÁLVARES PENTEADO,FECAP,Aca.,"ADMINISTRAÇÃO PÚBLICA E DE EMPRESAS, CIÊNCIAS CONTÁBEIS E TURISMO",3
33106010001P9,HOSPITALIDADE,UNIVERSIDADE ANHEMBI MORUMBI,UAM,Aca.,"ADMINISTRAÇÃO PÚBLICA E DE EMPRESAS, CIÊNCIAS CONTÁBEIS E TURISMO",4
33110018001P2,ADMINISTRAÇÃO,UNIVERSIDADE MUNICIPAL DE SÃO CAETANO DO SUL,USCS,Aca.,"ADMINISTRAÇÃO PÚBLICA E DE EMPRESAS, CIÊNCIAS CONTÁBEIS E TURISMO",5
40001016025P6,ADMINISTRAÇÃO,UNIVERSIDADE FEDERAL DO PARANÁ,UFPR,Aca.,"ADMINISTRAÇÃO PÚBLICA E DE EMPRESAS, CIÊNCIAS CONTÁBEIS E TURISMO",6
40003019008P7,ADMINISTRAÇÃO,PONTIFÍCIA UNIVERSIDADE CATÓLICA DO PARANÁ,PUCPR,Aca.,"ADMINISTRAÇÃO PÚBLICA E DE EMPRESAS, CIÊNCIAS CONTÁBEIS E TURISMO",6
41001010010P5,ADMINISTRAÇÃO,UNIVERSIDADE FEDERAL DE SANTA CATARINA,UFSC,Aca.,"ADMINISTRAÇÃO PÚBLICA E DE EMPRESAS, CIÊNCIAS CONTÁBEIS E TURISMO",4
41001010054P2,CONTABILIDADE,UNIVERSIDADE FEDERAL DE SANTA CATARINA,UFSC,Aca.,"ADMINISTRAÇÃO PÚBLICA E DE EMPRESAS, CIÊNCIAS CONTÁBEIS E TURISMO",5
41002016009P0,ADMINISTRAÇÃO,FUNDAÇÃO UNIVERSIDADE DO ESTADO DE SANTA CATARINA,UDESC,Prof.,"ADMINISTRAÇÃO PÚBLICA E DE EMPRESAS, CIÊNCIAS CONTÁBEIS E TURISMO",5
41005015002P4,TURISMO E HOTELARIA,UNIVERSIDADE DO VALE DO ITAJAÍ,UNIVALI,Aca.,"ADMINISTRAÇÃO PÚBLICA E DE EMPRESAS, CIÊNCIAS CONTÁBEIS E TURISMO",5
41005015005P3,ADMINISTRAÇÃO,UNIVERSIDADE DO VALE DO ITAJAÍ,UNIVALI,Aca.,"ADMINISTRAÇÃO PÚBLICA E DE EMPRESAS, CIÊNCIAS CONTÁBEIS E TURISMO",5
41006011002P0,ADMINISTRAÇÃO,UNIVERSIDADE REGIONAL DE BLUMENAU,FURB,Aca.,"ADMINISTRAÇÃO PÚBLICA E DE EMPRESAS, CIÊNCIAS CONTÁBEIS E TURISMO",4
42001013025P1,ADMINISTRAÇÃO,UNIVERSIDADE FEDERAL DO RIO GRANDE DO SUL,UFRGS,Aca.,"ADMINISTRAÇÃO PÚBLICA E DE EMPRESAS, CIÊNCIAS CONTÁBEIS E TURISMO",6
42002010030P5,ADMINISTRAÇÃO,UNIVERSIDADE FEDERAL DE SANTA MARIA,UFSM,Aca.,"ADMINISTRAÇÃO PÚBLICA E DE EMPRESAS, CIÊNCIAS CONTÁBEIS E TURISMO",4
42007011007P1,ADMINISTRAÇÃO,UNIVERSIDADE DO VALE DO RIO DOS SINOS,UNISINOS,Aca.,"ADMINISTRAÇÃO PÚBLICA E DE EMPRESAS, CIÊNCIAS CONTÁBEIS E TURISMO",7
42007011008P8,CIÊNCIAS CONTÁBEIS,UNIVERSIDADE DO VALE DO RIO DOS SINOS,UNISINOS,Aca.,"ADMINISTRAÇÃO PÚBLICA E DE EMPRESAS, CIÊNCIAS CONTÁBEIS E TURISMO",4
42008018003P2,Turismo e Hospitalidade,UNIVERSIDADE DE CAXIAS DO SUL,UCS,Aca.,"ADMINISTRAÇÃO PÚBLICA E DE EMPRESAS, CIÊNCIAS CONTÁBEIS E TURISMO",4
53001010016P7,ADMINISTRAÇÃO,UNIVERSIDADE DE BRASÍLIA,UNB,Aca.,"ADMINISTRAÇÃO PÚBLICA E DE EMPRESAS, CIÊNCIAS CONTÁBEIS E TURISMO",4
53001010055P2,ADMINISTRAÇÃO,UNIVERSIDADE DE BRASÍLIA,UNB,Prof.,"ADMINISTRAÇÃO PÚBLICA E DE EMPRESAS, CIÊNCIAS CONTÁBEIS E TURISMO",4
40022013001P0,ADMINISTRAÇÃO,UNIVERSIDADE POSITIVO,UP,Aca.,"ADMINISTRAÇÃO PÚBLICA E DE EMPRESAS, CIÊNCIAS CONTÁBEIS E TURISMO",4
22003010013P0,ADMINISTRAÇÃO,UNIVERSIDADE ESTADUAL DO CEARÁ,UECE,Aca.,"ADMINISTRAÇÃO PÚBLICA E DE EMPRESAS, CIÊNCIAS CONTÁBEIS E TURISMO",4
40001016050P0,CONTABILIDADE,UNIVERSIDADE FEDERAL DO PARANÁ,UFPR,Aca.,"ADMINISTRAÇÃO PÚBLICA E DE EMPRESAS, CIÊNCIAS CONTÁBEIS E TURISMO",5
32002017029P5,ADMINISTRAÇÃO,UNIVERSIDADE FEDERAL DE VIÇOSA,UFV,Aca.,"ADMINISTRAÇÃO PÚBLICA E DE EMPRESAS, CIÊNCIAS CONTÁBEIS E TURISMO",5
33063010006P9,ADMINISTRAÇÃO,UNIVERSIDADE PAULISTA,UNIP,Aca.,"ADMINISTRAÇÃO PÚBLICA E DE EMPRESAS, CIÊNCIAS CONTÁBEIS E TURISMO",5
33002029040P7,CONTROLADORIA E CONTABILIDADE,UNIVERSIDADE DE SÃO PAULO - CAMPUS RIBEIRÃO PRETO,USP-RIBEIRÃO PRETO,Aca.,"ADMINISTRAÇÃO PÚBLICA E DE EMPRESAS, CIÊNCIAS CONTÁBEIS E TURISMO",5
33014019004P0,ADMINISTRAÇÃO DE EMPRESAS,FUNDAÇÃO GETULIO VARGAS - SÃO PAULO,FGV-SP,Prof.,"ADMINISTRAÇÃO PÚBLICA E DE EMPRESAS, CIÊNCIAS CONTÁBEIS E TURISMO",5
42001013083P1,ADMINISTRAÇÃO,UNIVERSIDADE FEDERAL DO RIO GRANDE DO SUL,UFRGS,Prof.,"ADMINISTRAÇÃO PÚBLICA E DE EMPRESAS, CIÊNCIAS CONTÁBEIS E TURISMO",2
31005012033P9,ADMINISTRAÇÃO DE EMPRESAS,PONTIFÍCIA UNIVERSIDADE CATÓLICA DO RIO DE JANEIRO,PUC-RIO,Prof.,"ADMINISTRAÇÃO PÚBLICA E DE EMPRESAS, CIÊNCIAS CONTÁBEIS E TURISMO",4
28001010052P2,ADMINISTRAÇÃO,UNIVERSIDADE FEDERAL DA BAHIA,UFBA,Prof.,"ADMINISTRAÇÃO PÚBLICA E DE EMPRESAS, CIÊNCIAS CONTÁBEIS E TURISMO",4
31011012011P1,ADMINISTRAÇÃO,FUNDAÇÃO GETULIO VARGAS - RIO DE JANEIRO,FGV-RJ,Prof.,"ADMINISTRAÇÃO PÚBLICA E DE EMPRESAS, CIÊNCIAS CONTÁBEIS E TURISMO",4
41006011007P2,CIÊNCIAS CONTÁBEIS,UNIVERSIDADE REGIONAL DE BLUMENAU,FURB,Aca.,"ADMINISTRAÇÃO PÚBLICA E DE EMPRESAS, CIÊNCIAS CONTÁBEIS E TURISMO",5
32076010001P1,ADMINISTRAÇÃO,CENTRO UNIVERSITÁRIO UNIHORIZONTES,UNIHORIZONTES,Aca.,"ADMINISTRAÇÃO PÚBLICA E DE EMPRESAS, CIÊNCIAS CONTÁBEIS E TURISMO",2
42008018007P8,ADMINISTRAÇÃO,UNIVERSIDADE DE CAXIAS DO SUL,UCS,Aca.,"ADMINISTRAÇÃO PÚBLICA E DE EMPRESAS, CIÊNCIAS CONTÁBEIS E TURISMO",4
42005019031P7,ADMINISTRAÇÃO E NEGÓCIOS,PONTIFÍCIA UNIVERSIDADE CATÓLICA DO RIO GRANDE DO SUL,PUCRS,Aca.,"ADMINISTRAÇÃO PÚBLICA E DE EMPRESAS, CIÊNCIAS CONTÁBEIS E TURISMO",5
25004018010P5,GESTÃO DO DESENVOLVIMENTO LOCAL SUSTENTÁVEL,UNIVERSIDADE DE PERNAMBUCO,UPE,Prof.,"ADMINISTRAÇÃO PÚBLICA E DE EMPRESAS, CIÊNCIAS CONTÁBEIS E TURISMO",4
25018019001P3,GESTÃO EMPRESARIAL,CENTRO UNIVERSITÁRIO FBV WYDEN,UNIFBV WYDEN,Prof.,"ADMINISTRAÇÃO PÚBLICA E DE EMPRESAS, CIÊNCIAS CONTÁBEIS E TURISMO",3
31004016048P0,CIÊNCIAS CONTÁBEIS,UNIVERSIDADE DO ESTADO DO RIO DE JANEIRO,UERJ,Aca.,"ADMINISTRAÇÃO PÚBLICA E DE EMPRESAS, CIÊNCIAS CONTÁBEIS E TURISMO",3
10001018006P7,ADMINISTRAÇÃO,UNIVERSIDADE FEDERAL DE RONDÔNIA,UNIR,Aca.,"ADMINISTRAÇÃO PÚBLICA E DE EMPRESAS, CIÊNCIAS CONTÁBEIS E TURISMO",3
32053010001P9,ADMINISTRAÇÃO,UNIVERSIDADE FUMEC,FUMEC,Aca.,"ADMINISTRAÇÃO PÚBLICA E DE EMPRESAS, CIÊNCIAS CONTÁBEIS E TURISMO",4
32008015015P2,ADMINISTRAÇÃO,PONTIFÍCIA UNIVERSIDADE CATÓLICA DE MINAS GERAIS,PUC MINAS,Aca.,"ADMINISTRAÇÃO PÚBLICA E DE EMPRESAS, CIÊNCIAS CONTÁBEIS E TURISMO",5
31035019002P1,ADMINISTRAÇÃO,UNIVERSIDADE DO GRANDE RIO PROFESSOR JOSÉ DE SOUZA HERDY,UNIGRANRIO,Aca.,"ADMINISTRAÇÃO PÚBLICA E DE EMPRESAS, CIÊNCIAS CONTÁBEIS E TURISMO",4
23004010002P7,ADMINISTRAÇÃO,UNIVERSIDADE POTIGUAR,UNP,Prof.,"ADMINISTRAÇÃO PÚBLICA E DE EMPRESAS, CIÊNCIAS CONTÁBEIS E TURISMO",4
33027013004P0,ADMINISTRAÇÃO,CENTRO UNIVERSITÁRIO DA FUNDAÇÃO EDUCACIONAL INACIANA PE SABÓIA DE MEDEIROS,FEI,Aca.,"ADMINISTRAÇÃO PÚBLICA E DE EMPRESAS, CIÊNCIAS CONTÁBEIS E TURISMO",4
33129010002P8,ADMINISTRAÇÃO,INSPER INSTITUTO DE ENSINO E PESQUISA,INSPER,Prof.,"ADMINISTRAÇÃO PÚBLICA E DE EMPRESAS, CIÊNCIAS CONTÁBEIS E TURISMO",5
28001010063P4,CONTABILIDADE,UNIVERSIDADE FEDERAL DA BAHIA,UFBA,Aca.,"ADMINISTRAÇÃO PÚBLICA E DE EMPRESAS, CIÊNCIAS CONTÁBEIS E TURISMO",4
32001010078P0,CONTROLADORIA E CONTABILIDADE,UNIVERSIDADE FEDERAL DE MINAS GERAIS,UFMG,Aca.,"ADMINISTRAÇÃO PÚBLICA E DE EMPRESAS, CIÊNCIAS CONTÁBEIS E TURISMO",5
51001012023P4,ADMINISTRAÇÃO,UNIVERSIDADE FEDERAL DE MATO GROSSO DO SUL,UFMS,Aca.,"ADMINISTRAÇÃO PÚBLICA E DE EMPRESAS, CIÊNCIAS CONTÁBEIS E TURISMO",4
23001011046P5,TURISMO,UNIVERSIDADE FEDERAL DO RIO GRANDE DO NORTE,UFRN,Aca.,"ADMINISTRAÇÃO PÚBLICA E DE EMPRESAS, CIÊNCIAS CONTÁBEIS E TURISMO",5
41008014003P0,ADMINISTRAÇÃO,UNIVERSIDADE DO SUL DE SANTA CATARINA,UNISUL,Aca.,"ADMINISTRAÇÃO PÚBLICA E DE EMPRESAS, CIÊNCIAS CONTÁBEIS E TURISMO",4
33024014024P2,"Controladoria, Finanças e Tecnologias de Gestão",UNIVERSIDADE PRESBITERIANA MACKENZIE,MACKENZIE,Prof.,"ADMINISTRAÇÃO PÚBLICA E DE EMPRESAS, CIÊNCIAS CONTÁBEIS E TURISMO",5
25001019068P4,CIÊNCIAS CONTÁBEIS,UNIVERSIDADE FEDERAL DE PERNAMBUCO,UFPE,Aca.,"ADMINISTRAÇÃO PÚBLICA E DE EMPRESAS, CIÊNCIAS CONTÁBEIS E TURISMO",3
33138010001P0,GESTÃO E POLÍTICAS PÚBLICAS,FUNDAÇÃO GETULIO VARGAS - ESCOLA DE ADMINISTRAÇÃO DE EMPRESAS DE SÃO PAULO,FGV-EAESP,Prof.,"ADMINISTRAÇÃO PÚBLICA E DE EMPRESAS, CIÊNCIAS CONTÁBEIS E TURISMO",4
30007011003P2,ADMINISTRAÇÃO E CIÊNCIAS CONTÁBEIS,FUCAPE BUSINESS SCHOOL - ESPÍRITO SANTO,FUCAPE-ES,Aca.,"ADMINISTRAÇÃO PÚBLICA E DE EMPRESAS, CIÊNCIAS CONTÁBEIS E TURISMO",6
22001018065P7,ADMINISTRAÇÃO E CONTROLADORIA,UNIVERSIDADE FEDERAL DO CEARÁ,UFC,Aca.,"ADMINISTRAÇÃO PÚBLICA E DE EMPRESAS, CIÊNCIAS CONTÁBEIS E TURISMO",4
15004015005P3,ADMINISTRAÇÃO,UNIVERSIDADE DA AMAZÔNIA,UNAMA,Aca.,"ADMINISTRAÇÃO PÚBLICA E DE EMPRESAS, CIÊNCIAS CONTÁBEIS E TURISMO",4
33149011001P5,ADMINISTRAÇÃO DAS MICRO E PEQUENAS EMPRESAS,CENTRO UNIVERSITÁRIO CAMPO LIMPO PAULISTA,UNIFACCAMP,Prof.,"ADMINISTRAÇÃO PÚBLICA E DE EMPRESAS, CIÊNCIAS CONTÁBEIS E TURISMO",4
22001018071P7,ADMINISTRAÇÃO E CONTROLADORIA,UNIVERSIDADE FEDERAL DO CEARÁ,UFC,Prof.,"ADMINISTRAÇÃO PÚBLICA E DE EMPRESAS, CIÊNCIAS CONTÁBEIS E TURISMO",4
25001019078P0,ADMINISTRAÇÃO,UNIVERSIDADE FEDERAL DE PERNAMBUCO,UFPE,Prof.,"ADMINISTRAÇÃO PÚBLICA E DE EMPRESAS, CIÊNCIAS CONTÁBEIS E TURISMO",1
41001010078P9,ADMINISTRAÇÃO UNIVERSITÁRIA,UNIVERSIDADE FEDERAL DE SANTA CATARINA,UFSC,Prof.,"ADMINISTRAÇÃO PÚBLICA E DE EMPRESAS, CIÊNCIAS CONTÁBEIS E TURISMO",3
33014019006P2,GESTÃO INTERNACIONAL,FUNDAÇÃO GETULIO VARGAS - SÃO PAULO,FGV-SP,Prof.,"ADMINISTRAÇÃO PÚBLICA E DE EMPRESAS, CIÊNCIAS CONTÁBEIS E TURISMO",4
40002012040P1,ADMINISTRAÇÃO,UNIVERSIDADE ESTADUAL DE LONDRINA,UEL,Aca.,"ADMINISTRAÇÃO PÚBLICA E DE EMPRESAS, CIÊNCIAS CONTÁBEIS E TURISMO",3
33139016002P0,Administração,ESCOLA SUPERIOR DE PROPAGANDA E MARKETING,ESPM,Aca.,"ADMINISTRAÇÃO PÚBLICA E DE EMPRESAS, CIÊNCIAS CONTÁBEIS E TURISMO",5
30001013041P3,Ciências Contábeis,UNIVERSIDADE FEDERAL DO ESPÍRITO SANTO,UFES,Aca.,"ADMINISTRAÇÃO PÚBLICA E DE EMPRESAS, CIÊNCIAS CONTÁBEIS E TURISMO",4
33092010008P0,Gestão de Projetos,UNIVERSIDADE NOVE DE JULHO,UNINOVE,Prof.,"ADMINISTRAÇÃO PÚBLICA E DE EMPRESAS, CIÊNCIAS CONTÁBEIS E TURISMO",5
24001015059P2,Gestão em Organizações Aprendentes,UNIVERSIDADE FEDERAL DA PARAÍBA - CAMPUS JOÃO PESSOA,UFPB-JOÃO PESSOA,Prof.,"ADMINISTRAÇÃO PÚBLICA E DE EMPRESAS, CIÊNCIAS CONTÁBEIS E TURISMO",3
40004015035P0,ADMINISTRAÇÃO,UNIVERSIDADE ESTADUAL DE MARINGÁ,UEM,Aca.,"ADMINISTRAÇÃO PÚBLICA E DE EMPRESAS, CIÊNCIAS CONTÁBEIS E TURISMO",4
30001013045P9,Gestão Pública,UNIVERSIDADE FEDERAL DO ESPÍRITO SANTO,UFES,Prof.,"ADMINISTRAÇÃO PÚBLICA E DE EMPRESAS, CIÊNCIAS CONTÁBEIS E TURISMO",4
42002010050P6,GESTÃO DE ORGANIZAÇÕES PÚBLICAS,UNIVERSIDADE FEDERAL DE SANTA MARIA,UFSM,Prof.,"ADMINISTRAÇÃO PÚBLICA E DE EMPRESAS, CIÊNCIAS CONTÁBEIS E TURISMO",4
42020018008P7,ADMINISTRAÇÃO,UNIVERSIDADE DE SANTA CRUZ DO SUL,UNISC,Aca.,"ADMINISTRAÇÃO PÚBLICA E DE EMPRESAS, CIÊNCIAS CONTÁBEIS E TURISMO",4
42007011024P3,Gestão e Negócios,UNIVERSIDADE DO VALE DO RIO DOS SINOS,UNISINOS,Prof.,"ADMINISTRAÇÃO PÚBLICA E DE EMPRESAS, CIÊNCIAS CONTÁBEIS E TURISMO",5
42010012007P9,Gestão Estratégica de Organizações,UNIVERSIDADE REGIONAL INTEGRADA DO ALTO URUGUAI E DAS MISSÕES,URI,Prof.,"ADMINISTRAÇÃO PÚBLICA E DE EMPRESAS, CIÊNCIAS CONTÁBEIS E TURISMO",3
23001011057P7,Gestão Pública,UNIVERSIDADE FEDERAL DO RIO GRANDE DO NORTE,UFRN,Prof.,"ADMINISTRAÇÃO PÚBLICA E DE EMPRESAS, CIÊNCIAS CONTÁBEIS E TURISMO",4
41002016020P3,Administração,FUNDAÇÃO UNIVERSIDADE DO ESTADO DE SANTA CATARINA,UDESC,Aca.,"ADMINISTRAÇÃO PÚBLICA E DE EMPRESAS, CIÊNCIAS CONTÁBEIS E TURISMO",4
31003010078P3,Administração,UNIVERSIDADE FEDERAL FLUMINENSE,UFF,Aca.,"ADMINISTRAÇÃO PÚBLICA E DE EMPRESAS, CIÊNCIAS CONTÁBEIS E TURISMO",4
33007012010P7,Administração,UNIVERSIDADE METODISTA DE PIRACICABA,UNIMEP,Aca.,"ADMINISTRAÇÃO PÚBLICA E DE EMPRESAS, CIÊNCIAS CONTÁBEIS E TURISMO",3
22003010024P1,GESTÃO DE NEGÓCIOS TURÍSTICOS,UNIVERSIDADE ESTADUAL DO CEARÁ,UECE,Prof.,"ADMINISTRAÇÃO PÚBLICA E DE EMPRESAS, CIÊNCIAS CONTÁBEIS E TURISMO",2
33096015003P0,ADMINISTRAÇÃO,CENTRO UNIVERSITÁRIO ÁLVARES PENTEADO,FECAP,Prof.,"ADMINISTRAÇÃO PÚBLICA E DE EMPRESAS, CIÊNCIAS CONTÁBEIS E TURISMO",4
27001016038P3,ADMINISTRAÇÃO,UNIVERSIDADE FEDERAL DE SERGIPE,UFS,Aca.,"ADMINISTRAÇÃO PÚBLICA E DE EMPRESAS, CIÊNCIAS CONTÁBEIS E TURISMO",4
32004010024P0,Administração Pública,UNIVERSIDADE FEDERAL DE LAVRAS,UFLA,Prof.,"ADMINISTRAÇÃO PÚBLICA E DE EMPRESAS, CIÊNCIAS CONTÁBEIS E TURISMO",3
31011012014P0,Administração Pública,FUNDAÇÃO GETULIO VARGAS - RIO DE JANEIRO,FGV-RJ,Prof.,"ADMINISTRAÇÃO PÚBLICA E DE EMPRESAS, CIÊNCIAS CONTÁBEIS E TURISMO",4
15001016073P0,Gestão Pública,UNIVERSIDADE FEDERAL DO PARÁ,UFPA,Prof.,"ADMINISTRAÇÃO PÚBLICA E DE EMPRESAS, CIÊNCIAS CONTÁBEIS E TURISMO",2
52016013002P3,Administração,CENTRO UNIVERSITÁRIO ALVES FARIA,UNIALFA,Prof.,"ADMINISTRAÇÃO PÚBLICA E DE EMPRESAS, CIÊNCIAS CONTÁBEIS E TURISMO",3
33146012002P2,Gestão de Negócios,FACULDADE FIA DE ADMINISTRAÇÃO E NEGÓCIOS,FFIA,Prof.,"ADMINISTRAÇÃO PÚBLICA E DE EMPRESAS, CIÊNCIAS CONTÁBEIS E TURISMO",4
33001014046P3,Administração e Sociedade,UNIVERSIDADE FEDERAL DE SÃO CARLOS,UFSCAR,Prof.,"ADMINISTRAÇÃO PÚBLICA E DE EMPRESAS, CIÊNCIAS CONTÁBEIS E TURISMO",3
33092010014P0,Gestão em Sistemas de Saúde,UNIVERSIDADE NOVE DE JULHO,UNINOVE,Prof.,"ADMINISTRAÇÃO PÚBLICA E DE EMPRESAS, CIÊNCIAS CONTÁBEIS E TURISMO",3
41007018002P7,Administração,UNIVERSIDADE DO OESTE DE SANTA CATARINA,UNOESC,Aca.,"ADMINISTRAÇÃO PÚBLICA E DE EMPRESAS, CIÊNCIAS CONTÁBEIS E TURISMO",5
40001016079P9,Turismo,UNIVERSIDADE FEDERAL DO PARANÁ,UFPR,Aca.,"ADMINISTRAÇÃO PÚBLICA E DE EMPRESAS, CIÊNCIAS CONTÁBEIS E TURISMO",3
33002010232P8,Gestão de Políticas Públicas,UNIVERSIDADE DE SÃO PAULO,USP,Aca.,"ADMINISTRAÇÃO PÚBLICA E DE EMPRESAS, CIÊNCIAS CONTÁBEIS E TURISMO",4
31003010092P6,ADMINISTRAÇÃO,UNIVERSIDADE FEDERAL FLUMINENSE,UFF,Prof.,"ADMINISTRAÇÃO PÚBLICA E DE EMPRESAS, CIÊNCIAS CONTÁBEIS E TURISMO",5
32006012035P0,Ciências Contábeis,UNIVERSIDADE FEDERAL DE UBERLÂNDIA,UFU,Aca.,"ADMINISTRAÇÃO PÚBLICA E DE EMPRESAS, CIÊNCIAS CONTÁBEIS E TURISMO",4
40014010012P2,ADMINISTRAÇÃO,UNIVERSIDADE ESTADUAL DO CENTRO-OESTE,UNICENTRO,Prof.,"ADMINISTRAÇÃO PÚBLICA E DE EMPRESAS, CIÊNCIAS CONTÁBEIS E TURISMO",4
40015017028P2,Administração,UNIVERSIDADE ESTADUAL DO OESTE DO PARANÁ,UNIOESTE,Prof.,"ADMINISTRAÇÃO PÚBLICA E DE EMPRESAS, CIÊNCIAS CONTÁBEIS E TURISMO",4
40003019019P9,Gestão de Cooperativas e Organizações Complexas e Plurais,PONTIFÍCIA UNIVERSIDADE CATÓLICA DO PARANÁ,PUCPR,Prof.,"ADMINISTRAÇÃO PÚBLICA E DE EMPRESAS, CIÊNCIAS CONTÁBEIS E TURISMO",4
53001010102P0,Gestão Pública,UNIVERSIDADE DE BRASÍLIA,UNB,Prof.,"ADMINISTRAÇÃO PÚBLICA E DE EMPRESAS, CIÊNCIAS CONTÁBEIS E TURISMO",3
33002010240P0,Empreendedorismo,UNIVERSIDADE DE SÃO PAULO,USP,Prof.,"ADMINISTRAÇÃO PÚBLICA E DE EMPRESAS, CIÊNCIAS CONTÁBEIS E TURISMO",5
52001016068P0,Administração,UNIVERSIDADE FEDERAL DE GOIÁS,UFG,Aca.,"ADMINISTRAÇÃO PÚBLICA E DE EMPRESAS, CIÊNCIAS CONTÁBEIS E TURISMO",4
42051010002P0,Administração,FACULDADE ATITUS EDUCAÇÃO PASSO FUNDO,ATITUS EDUCAÇÃO,Aca.,"ADMINISTRAÇÃO PÚBLICA E DE EMPRESAS, CIÊNCIAS CONTÁBEIS E TURISMO",4
33142017003P3,Governança Corporativa,CENTRO UNIVERSITÁRIO DAS FACULDADES METROPOLITANAS UNIDAS,FMU,Prof.,"ADMINISTRAÇÃO PÚBLICA E DE EMPRESAS, CIÊNCIAS CONTÁBEIS E TURISMO",2
32003013014P4,Administração,UNIVERSIDADE FEDERAL DE ITAJUBÁ - UNIFEI,UNIFEI,Prof.,"ADMINISTRAÇÃO PÚBLICA E DE EMPRESAS, CIÊNCIAS CONTÁBEIS E TURISMO",3
40004015044P0,Ciências Contábeis,UNIVERSIDADE ESTADUAL DE MARINGÁ,UEM,Aca.,"ADMINISTRAÇÃO PÚBLICA E DE EMPRESAS, CIÊNCIAS CONTÁBEIS E TURISMO",3
33002010243P0,Turismo,UNIVERSIDADE DE SÃO PAULO,USP,Aca.,"ADMINISTRAÇÃO PÚBLICA E DE EMPRESAS, CIÊNCIAS CONTÁBEIS E TURISMO",4
53045009001P3,ADMINISTRAÇÃO PÚBLICA EM REDE NACIONAL,ASSOCIAÇÃO NACIONAL DOS DIRIGENTES DAS INSTITUIÇÕES FEDERAIS DE ENSINO SUPERIOR,ANDIFES,Prof.,"ADMINISTRAÇÃO PÚBLICA E DE EMPRESAS, CIÊNCIAS CONTÁBEIS E TURISMO",3
32020015008P9,ADMINISTRAÇÃO,CENTRO FEDERAL DE EDUCAÇÃO TECNOLÓGICA DE MINAS GERAIS,CEFET-MG,Aca.,"ADMINISTRAÇÃO PÚBLICA E DE EMPRESAS, CIÊNCIAS CONTÁBEIS E TURISMO",4
53001010105P0,CIÊNCIAS CONTÁBEIS ,UNIVERSIDADE DE BRASÍLIA,UNB,Aca.,"ADMINISTRAÇÃO PÚBLICA E DE EMPRESAS, CIÊNCIAS CONTÁBEIS E TURISMO",5
42009014014P0,ADMINISTRAÇÃO,UNIVERSIDADE DE PASSO FUNDO,UPF,Aca.,"ADMINISTRAÇÃO PÚBLICA E DE EMPRESAS, CIÊNCIAS CONTÁBEIS E TURISMO",4
42004012156P8,ADMINISTRAÇÃO,UNIVERSIDADE FEDERAL DO RIO GRANDE,FURG,Aca.,"ADMINISTRAÇÃO PÚBLICA E DE EMPRESAS, CIÊNCIAS CONTÁBEIS E TURISMO",4
23001011076P1,CIÊNCIAS CONTÁBEIS,UNIVERSIDADE FEDERAL DO RIO GRANDE DO NORTE,UFRN,Aca.,"ADMINISTRAÇÃO PÚBLICA E DE EMPRESAS, CIÊNCIAS CONTÁBEIS E TURISMO",3
33004102073P5,ADMINISTRAÇÃO,UNIVERSIDADE ESTADUAL PAULISTA JÚLIO DE MESQUITA FILHO - CAMPUS JABOTICABAL,UNESP-JABOTICABAL,Prof.,"ADMINISTRAÇÃO PÚBLICA E DE EMPRESAS, CIÊNCIAS CONTÁBEIS E TURISMO",4
41005015011P3,"ADMINISTRAÇÃO - GESTÃO, INTERNACIONALIZAÇÃO E LOGÍSTICA",UNIVERSIDADE DO VALE DO ITAJAÍ,UNIVALI,Prof.,"ADMINISTRAÇÃO PÚBLICA E DE EMPRESAS, CIÊNCIAS CONTÁBEIS E TURISMO",4
33139016003P6,COMPORTAMENTO DO CONSUMIDOR,ESCOLA SUPERIOR DE PROPAGANDA E MARKETING,ESPM,Prof.,"ADMINISTRAÇÃO PÚBLICA E DE EMPRESAS, CIÊNCIAS CONTÁBEIS E TURISMO",4
25003011070P1,CONTROLADORIA,UNIVERSIDADE FEDERAL RURAL DE PERNAMBUCO,UFRPE,Aca.,"ADMINISTRAÇÃO PÚBLICA E DE EMPRESAS, CIÊNCIAS CONTÁBEIS E TURISMO",4
40015017070P9,CONTABILIDADE,UNIVERSIDADE ESTADUAL DO OESTE DO PARANÁ,UNIOESTE,Aca.,"ADMINISTRAÇÃO PÚBLICA E DE EMPRESAS, CIÊNCIAS CONTÁBEIS E TURISMO",4
24001015075P8,CIÊNCIAS CONTÁBEIS,UNIVERSIDADE FEDERAL DA PARAÍBA - CAMPUS JOÃO PESSOA,UFPB-JOÃO PESSOA,Aca.,"ADMINISTRAÇÃO PÚBLICA E DE EMPRESAS, CIÊNCIAS CONTÁBEIS E TURISMO",5
33302006001P2,CIÊNCIAS CONTÁBEIS E ADMINISTRAÇÃO,FUCAPE BUSINESS SCHOOL - RIO DE JANEIRO,FUCAPE-RJ,Prof.,"ADMINISTRAÇÃO PÚBLICA E DE EMPRESAS, CIÊNCIAS CONTÁBEIS E TURISMO",4
22002014009P6,ADMINISTRAÇÃO,UNIVERSIDADE DE FORTALEZA,UNIFOR,Prof.,"ADMINISTRAÇÃO PÚBLICA E DE EMPRESAS, CIÊNCIAS CONTÁBEIS E TURISMO",4
33113017001P1,CONTROLADORIA E FINANÇAS,FACULDADE FIPECAFI,FIPECAFI,Prof.,"ADMINISTRAÇÃO PÚBLICA E DE EMPRESAS, CIÊNCIAS CONTÁBEIS E TURISMO",4
32006012076P9,GESTÃO ORGANIZACIONAL,UNIVERSIDADE FEDERAL DE UBERLÂNDIA,UFU,Prof.,"ADMINISTRAÇÃO PÚBLICA E DE EMPRESAS, CIÊNCIAS CONTÁBEIS E TURISMO",4
31105009001P1,GESTÃO CONTEMPORÂNEA DAS ORGANIZAÇÕES,FUNDAÇÃO DOM CABRAL - ENSINO SUPERIOR,FDC,Prof.,"ADMINISTRAÇÃO PÚBLICA E DE EMPRESAS, CIÊNCIAS CONTÁBEIS E TURISMO",4
31003010157P0,TURISMO,UNIVERSIDADE FEDERAL FLUMINENSE,UFF,Aca.,"ADMINISTRAÇÃO PÚBLICA E DE EMPRESAS, CIÊNCIAS CONTÁBEIS E TURISMO",4
42046017011P0,ADMINISTRAÇÃO,UNIVERSIDADE FEDERAL DO PAMPA,UNIPAMPA,Aca.,"ADMINISTRAÇÃO PÚBLICA E DE EMPRESAS, CIÊNCIAS CONTÁBEIS E TURISMO",4
41016017007P4,CIÊNCIAS CONTÁBEIS E ADMINISTRAÇÃO,UNIVERSIDADE COMUNITÁRIA DA REGIÃO DE CHAPECÓ,UNOCHAPECÓ,Aca.,"ADMINISTRAÇÃO PÚBLICA E DE EMPRESAS, CIÊNCIAS CONTÁBEIS E TURISMO",4
40006018044P2,ADMINISTRAÇÃO,UNIVERSIDADE TECNOLÓGICA FEDERAL DO PARANÁ,UTFPR,Aca.,"ADMINISTRAÇÃO PÚBLICA E DE EMPRESAS, CIÊNCIAS CONTÁBEIS E TURISMO",3
53019016002P5,ADMINISTRAÇÃO PÚBLICA,"INSTITUTO BRASILEIRO DE ENSINO, DESENVOLVIMENTO E PESQUISA DE BRASÍLIA",IDP-BSB,Prof.,"ADMINISTRAÇÃO PÚBLICA E DE EMPRESAS, CIÊNCIAS CONTÁBEIS E TURISMO",4
27005011001P8,TURISMO,"INSTITUTO FEDERAL DE EDUCAÇÃO, CIÊNCIA E TECNOLOGIA DE SERGIPE",IFS,Prof.,"ADMINISTRAÇÃO PÚBLICA E DE EMPRESAS, CIÊNCIAS CONTÁBEIS E TURISMO",3
32010010042P4,ADMINISTRAÇÃO PÚBLICA,UNIVERSIDADE FEDERAL DOS VALES DO JEQUITINHONHA E MUCURI,UFVJM,Prof.,"ADMINISTRAÇÃO PÚBLICA E DE EMPRESAS, CIÊNCIAS CONTÁBEIS E TURISMO",3
33024014029P4,ADMINISTRAÇÃO DO DESENVOLVIMENTO DE NEGÓCIOS,UNIVERSIDADE PRESBITERIANA MACKENZIE,MACKENZIE,Prof.,"ADMINISTRAÇÃO PÚBLICA E DE EMPRESAS, CIÊNCIAS CONTÁBEIS E TURISMO",4
33014019007P9,GESTÃO PARA A COMPETITIVIDADE,FUNDAÇÃO GETULIO VARGAS - SÃO PAULO,FGV-SP,Prof.,"ADMINISTRAÇÃO PÚBLICA E DE EMPRESAS, CIÊNCIAS CONTÁBEIS E TURISMO",5
33106010004P8,GESTÃO EM ALIMENTOS E BEBIDAS (A&B),UNIVERSIDADE ANHEMBI MORUMBI,UAM,Aca.,"ADMINISTRAÇÃO PÚBLICA E DE EMPRESAS, CIÊNCIAS CONTÁBEIS E TURISMO",3
32005016070P4,ADMINISTRAÇÃO,UNIVERSIDADE FEDERAL DE JUIZ DE FORA,UFJF,Aca.,"ADMINISTRAÇÃO PÚBLICA E DE EMPRESAS, CIÊNCIAS CONTÁBEIS E TURISMO",3
24001015079P3,Gestão Pública,UNIVERSIDADE FEDERAL DA PARAÍBA - CAMPUS JOÃO PESSOA,UFPB-JOÃO PESSOA,Aca.,"ADMINISTRAÇÃO PÚBLICA E DE EMPRESAS, CIÊNCIAS CONTÁBEIS E TURISMO",3
52001016104P7,CIÊNCIAS CONTÁBEIS,UNIVERSIDADE FEDERAL DE GOIÁS,UFG,Aca.,"ADMINISTRAÇÃO PÚBLICA E DE EMPRESAS, CIÊNCIAS CONTÁBEIS E TURISMO",4
42001013170P1,CONTROLADORIA E CONTABILIDADE,UNIVERSIDADE FEDERAL DO RIO GRANDE DO SUL,UFRGS,Aca.,"ADMINISTRAÇÃO PÚBLICA E DE EMPRESAS, CIÊNCIAS CONTÁBEIS E TURISMO",4
33002037025P3,ADMINISTRAÇÃO,UNIVERSIDADE DE SÃO PAULO - ESCOLA SUPERIOR DE AGRICULTURA LUIZ DE QUEIROZ,USP-ESALQ,Aca.,"ADMINISTRAÇÃO PÚBLICA E DE EMPRESAS, CIÊNCIAS CONTÁBEIS E TURISMO",3
23004010008P5,ADMINISTRAÇÃO,UNIVERSIDADE POTIGUAR,UNP,Aca.,"ADMINISTRAÇÃO PÚBLICA E DE EMPRESAS, CIÊNCIAS CONTÁBEIS E TURISMO",4
21016003001P4,CONTABILIDADE E ADMINISTRAÇÃO,FUCAPE BUSINESS SCHOOL - MARANHÃO,FUCAPE-MA,Aca.,"ADMINISTRAÇÃO PÚBLICA E DE EMPRESAS, CIÊNCIAS CONTÁBEIS E TURISMO",3
41007018006P2,ADMINISTRAÇÃO,UNIVERSIDADE DO OESTE DE SANTA CATARINA,UNOESC,Aca.,"ADMINISTRAÇÃO PÚBLICA E DE EMPRESAS, CIÊNCIAS CONTÁBEIS E TURISMO",4
51001012173P6,CIÊNCIAS CONTÁBEIS,UNIVERSIDADE FEDERAL DE MATO GROSSO DO SUL,UFMS,Aca.,"ADMINISTRAÇÃO PÚBLICA E DE EMPRESAS, CIÊNCIAS CONTÁBEIS E TURISMO",3
25001019171P0,HOTELARIA E TURISMO,UNIVERSIDADE FEDERAL DE PERNAMBUCO,UFPE,Aca.,"ADMINISTRAÇÃO PÚBLICA E DE EMPRESAS, CIÊNCIAS CONTÁBEIS E TURISMO",3
42004012157P4,CONTABILIDADE,UNIVERSIDADE FEDERAL DO RIO GRANDE,FURG,Aca.,"ADMINISTRAÇÃO PÚBLICA E DE EMPRESAS, CIÊNCIAS CONTÁBEIS E TURISMO",3
53023013001P2,GESTÃO ESTRATÉGICA DE ORGANIZAÇÕES,CENTRO UNIVERSITÁRIO DO INSTITUTO DE EDUCAÇÃO SUPERIOR DE BRASÍLIA,IESB,Prof.,"ADMINISTRAÇÃO PÚBLICA E DE EMPRESAS, CIÊNCIAS CONTÁBEIS E TURISMO",3
33003025005P3,ADMINISTRAÇÃO,UNIVERSIDADE ESTADUAL DE CAMPINAS - CAMPUS LIMEIRA,UNICAMP-LIMEIRA,Aca.,"ADMINISTRAÇÃO PÚBLICA E DE EMPRESAS, CIÊNCIAS CONTÁBEIS E TURISMO",5
24009016172P4,ADMINISTRAÇÃO,UNIVERSIDADE FEDERAL DE CAMPINA GRANDE,UFCG,Aca.,"ADMINISTRAÇÃO PÚBLICA E DE EMPRESAS, CIÊNCIAS CONTÁBEIS E TURISMO",3
41001010163P6,Planejamento e Controle de Gestão,UNIVERSIDADE FEDERAL DE SANTA CATARINA,UFSC,Prof.,"ADMINISTRAÇÃO PÚBLICA E DE EMPRESAS, CIÊNCIAS CONTÁBEIS E TURISMO",3
33129010004P0,POLÍTICAS PÚBLICAS,INSPER INSTITUTO DE ENSINO E PESQUISA,INSPER,Prof.,"ADMINISTRAÇÃO PÚBLICA E DE EMPRESAS, CIÊNCIAS CONTÁBEIS E TURISMO",3
25001019173P2,"GESTÃO, INOVAÇÃO E CONSUMO",UNIVERSIDADE FEDERAL DE PERNAMBUCO,UFPE,Aca.,"ADMINISTRAÇÃO PÚBLICA E DE EMPRESAS, CIÊNCIAS CONTÁBEIS E TURISMO",3
40001016172P9,"GESTÃO DE ORGANIZAÇÕES, LIDERANÇA E DECISÃO",UNIVERSIDADE FEDERAL DO PARANÁ,UFPR,Prof.,"ADMINISTRAÇÃO PÚBLICA E DE EMPRESAS, CIÊNCIAS CONTÁBEIS E TURISMO",3
33057010006P2,ADMINISTRAÇÃO ,UNIVERSIDADE IBIRAPUERA,UNIB,Prof.,"ADMINISTRAÇÃO PÚBLICA E DE EMPRESAS, CIÊNCIAS CONTÁBEIS E TURISMO",3
31004016161P0,CONTROLADORIA E GESTÃO PÚBLICA,UNIVERSIDADE DO ESTADO DO RIO DE JANEIRO,UERJ,Prof.,"ADMINISTRAÇÃO PÚBLICA E DE EMPRESAS, CIÊNCIAS CONTÁBEIS E TURISMO",3
41009010003P6,ADMINISTRAÇÃO,UNIVERSIDADE DO CONTESTADO,UNC,Prof.,"ADMINISTRAÇÃO PÚBLICA E DE EMPRESAS, CIÊNCIAS CONTÁBEIS E TURISMO",3
42002010166P4,ADMINISTRAÇÃO PÚBLICA,UNIVERSIDADE FEDERAL DE SANTA MARIA,UFSM,Aca.,"ADMINISTRAÇÃO PÚBLICA E DE EMPRESAS, CIÊNCIAS CONTÁBEIS E TURISMO",3
42041015011P8,ADMINISTRAÇÃO,UNIVERSIDADE FEEVALE,FEEVALE,Aca.,"ADMINISTRAÇÃO PÚBLICA E DE EMPRESAS, CIÊNCIAS CONTÁBEIS E TURISMO",3
23003014074P1,ADMINISTRAÇÃO,UNIVERSIDADE FEDERAL RURAL DO SEMI-ÁRIDO,UFERSA,Aca.,"ADMINISTRAÇÃO PÚBLICA E DE EMPRESAS, CIÊNCIAS CONTÁBEIS E TURISMO",3
42002010167P0,CIÊNCIAS CONTÁBEIS,UNIVERSIDADE FEDERAL DE SANTA MARIA,UFSM,Aca.,"ADMINISTRAÇÃO PÚBLICA E DE EMPRESAS, CIÊNCIAS CONTÁBEIS E TURISMO",3
15001016169P7,ADMINISTRAÇÃO,UNIVERSIDADE FEDERAL DO PARÁ,UFPA,Aca.,"ADMINISTRAÇÃO PÚBLICA E DE EMPRESAS, CIÊNCIAS CONTÁBEIS E TURISMO",3
22001018009P0,ECONOMIA,UNIVERSIDADE FEDERAL DO CEARÁ,UFC,Aca.,ECONOMIA                                          ,5
22001018015P0,ECONOMIA RURAL,UNIVERSIDADE FEDERAL DO CEARÁ,UFC,Aca.,ECONOMIA                                          ,4
24001015027P3,ECONOMIA,UNIVERSIDADE FEDERAL DA PARAÍBA - CAMPUS JOÃO PESSOA,UFPB-JOÃO PESSOA,Aca.,ECONOMIA                                          ,5
25001019017P0,ECONOMIA,UNIVERSIDADE FEDERAL DE PERNAMBUCO,UFPE,Aca.,ECONOMIA                                          ,6
28001010010P8,ECONOMIA,UNIVERSIDADE FEDERAL DA BAHIA,UFBA,Aca.,ECONOMIA                                          ,4
30001013008P6,ECONOMIA,UNIVERSIDADE FEDERAL DO ESPÍRITO SANTO,UFES,Aca.,ECONOMIA                                          ,4
31001017025P0,ECONOMIA DA INDÚSTRIA E DA TECNOLOGIA,UNIVERSIDADE FEDERAL DO RIO DE JANEIRO,UFRJ,Aca.,ECONOMIA                                          ,6
31003010022P8,ECONOMIA,UNIVERSIDADE FEDERAL FLUMINENSE,UFF,Aca.,ECONOMIA                                          ,6
31004016032P6,CIÊNCIAS ECONÔMICAS,UNIVERSIDADE DO ESTADO DO RIO DE JANEIRO,UERJ,Aca.,ECONOMIA                                          ,4
31005012008P4,ECONOMIA,PONTIFÍCIA UNIVERSIDADE CATÓLICA DO RIO DE JANEIRO,PUC-RIO,Aca.,ECONOMIA                                          ,7
31011012002P2,ECONOMIA,FUNDAÇÃO GETULIO VARGAS - RIO DE JANEIRO,FGV-RJ,Aca.,ECONOMIA                                          ,7
31034012002P5,ECONOMIA,CENTRO UNIVERSITÁRIO IBMEC,IBMEC,Prof.,ECONOMIA                                          ,4
32001010013P5,ECONOMIA,UNIVERSIDADE FEDERAL DE MINAS GERAIS,UFMG,Aca.,ECONOMIA                                          ,7
32002017009P4,ECONOMIA APLICADA,UNIVERSIDADE FEDERAL DE VIÇOSA,UFV,Aca.,ECONOMIA                                          ,5
32006012009P0,ECONOMIA,UNIVERSIDADE FEDERAL DE UBERLÂNDIA,UFU,Aca.,ECONOMIA                                          ,5
33002010036P4,ECONOMIA,UNIVERSIDADE DE SÃO PAULO,USP,Aca.,ECONOMIA                                          ,7
33002029037P6,ECONOMIA,UNIVERSIDADE DE SÃO PAULO - CAMPUS RIBEIRÃO PRETO,USP-RIBEIRÃO PRETO,Aca.,ECONOMIA                                          ,5
33002037011P2,CIÊNCIAS (ECONOMIA APLICADA),UNIVERSIDADE DE SÃO PAULO - ESCOLA SUPERIOR DE AGRICULTURA LUIZ DE QUEIROZ,USP-ESALQ,Aca.,ECONOMIA                                          ,5
33003017020P7,CIÊNCIA ECONÔMICA,UNIVERSIDADE ESTADUAL DE CAMPINAS,UNICAMP,Aca.,ECONOMIA                                          ,6
33003017071P0,DESENVOLVIMENTO ECONÔMICO,UNIVERSIDADE ESTADUAL DE CAMPINAS,UNICAMP,Aca.,ECONOMIA                                          ,5
33004030080P0,ECONOMIA,UNIVERSIDADE ESTADUAL PAULISTA JÚLIO DE MESQUITA FILHO - CAMPUS ARARAQUARA,UNESP-ARARAQUARA,Aca.,ECONOMIA                                          ,4
33005010011P4,ECONOMIA,PONTIFÍCIA UNIVERSIDADE CATÓLICA DE SÃO PAULO,PUCSP,Aca.,ECONOMIA                                          ,4
33014019002P7,ECONOMIA DE EMPRESAS,FUNDAÇÃO GETULIO VARGAS - SÃO PAULO,FGV-SP,Aca.,ECONOMIA                                          ,7
40001016024P0,DESENVOLVIMENTO ECONÔMICO,UNIVERSIDADE FEDERAL DO PARANÁ,UFPR,Aca.,ECONOMIA                                          ,5
40004015007P7,ECONOMIA,UNIVERSIDADE ESTADUAL DE MARINGÁ,UEM,Aca.,ECONOMIA                                          ,4
41001010032P9,ECONOMIA,UNIVERSIDADE FEDERAL DE SANTA CATARINA,UFSC,Aca.,ECONOMIA                                          ,5
42001013013P3,ECONOMIA,UNIVERSIDADE FEDERAL DO RIO GRANDE DO SUL,UFRGS,Aca.,ECONOMIA                                          ,6
42005019027P0,ECONOMIA,PONTIFÍCIA UNIVERSIDADE CATÓLICA DO RIO GRANDE DO SUL,PUCRS,Aca.,ECONOMIA                                          ,5
53001010012P1,ECONOMIA,UNIVERSIDADE DE BRASÍLIA,UNB,Aca.,ECONOMIA                                          ,6
53003012004P8,ECONOMIA,UNIVERSIDADE CATÓLICA DE BRASÍLIA,UCB,Aca.,ECONOMIA                                          ,5
50001019013P6,ECONOMIA,UNIVERSIDADE FEDERAL DE MATO GROSSO,UFMT,Aca.,ECONOMIA                                          ,4
23001011039P9,ECONOMIA,UNIVERSIDADE FEDERAL DO RIO GRANDE DO NORTE,UFRN,Aca.,ECONOMIA                                          ,4
33129010001P1,ECONOMIA,INSPER INSTITUTO DE ENSINO E PESQUISA,INSPER,Prof.,ECONOMIA                                          ,5
31011012010P5,ECONOMIA,FUNDAÇÃO GETULIO VARGAS - RIO DE JANEIRO,FGV-RJ,Prof.,ECONOMIA                                          ,5
53001010058P1,ECONOMIA,UNIVERSIDADE DE BRASÍLIA,UNB,Prof.,ECONOMIA                                          ,4
42001013085P4,ECONOMIA,UNIVERSIDADE FEDERAL DO RIO GRANDE DO SUL,UFRGS,Prof.,ECONOMIA                                          ,4
25001019063P2,ECONOMIA,UNIVERSIDADE FEDERAL DE PERNAMBUCO,UFPE,Prof.,ECONOMIA                                          ,1
40001016051P7,Economia,UNIVERSIDADE FEDERAL DO PARANÁ,UFPR,Prof.,ECONOMIA                                          ,4
22001018053P9,ECONOMIA,UNIVERSIDADE FEDERAL DO CEARÁ,UFC,Prof.,ECONOMIA                                          ,4
33014019005P6,ECONOMIA,FUNDAÇÃO GETULIO VARGAS - SÃO PAULO,FGV-SP,Prof.,ECONOMIA                                          ,5
32005016016P0,ECONOMIA,UNIVERSIDADE FEDERAL DE JUIZ DE FORA,UFJF,Aca.,ECONOMIA                                          ,5
42007011014P8,ECONOMIA,UNIVERSIDADE DO VALE DO RIO DOS SINOS,UNISINOS,Aca.,ECONOMIA                                          ,4
32002017031P0,ECONOMIA,UNIVERSIDADE FEDERAL DE VIÇOSA,UFV,Aca.,ECONOMIA                                          ,4
15001016050P0,ECONOMIA,UNIVERSIDADE FEDERAL DO PARÁ,UFPA,Aca.,ECONOMIA                                          ,5
27001016013P0,ECONOMIA,UNIVERSIDADE FEDERAL DE SERGIPE,UFS,Prof.,ECONOMIA                                          ,3
26001012024P0,ECONOMIA,UNIVERSIDADE FEDERAL DE ALAGOAS,UFAL,Aca.,ECONOMIA                                          ,3
40002012037P0,Economia,UNIVERSIDADE ESTADUAL DE LONDRINA,UEL,Aca.,ECONOMIA                                          ,3
42003016034P3,ORGANIZAÇÕES E MERCADOS,UNIVERSIDADE FEDERAL DE PELOTAS,UFPEL,Aca.,ECONOMIA                                          ,4
31032010006P1,ECONOMIA E GESTÃO EMPRESARIAL,UNIVERSIDADE CÂNDIDO MENDES,UCAM,Prof.,ECONOMIA                                          ,3
33001014035P1,ECONOMIA,UNIVERSIDADE FEDERAL DE SÃO CARLOS,UFSCAR,Aca.,ECONOMIA                                          ,4
20001010021P4,DESENVOLVIMENTO SOCIOECONÔMICO,UNIVERSIDADE FEDERAL DO MARANHÃO,UFMA,Aca.,ECONOMIA                                          ,3
25001019083P3,Economia - Campus Agreste,UNIVERSIDADE FEDERAL DE PERNAMBUCO,UFPE,Aca.,ECONOMIA                                          ,4
42002010053P5,ECONOMIA E DESENVOLVIMENTO,UNIVERSIDADE FEDERAL DE SANTA MARIA,UFSM,Aca.,ECONOMIA                                          ,4
25001019087P9,Gestão e Economia da Saúde,UNIVERSIDADE FEDERAL DE PERNAMBUCO,UFPE,Prof.,ECONOMIA                                          ,5
53012011001P4,Políticas Públicas e Desenvolvimento,INSTITUTO DE PESQUISA ECONÔMICA APLICADA,IPEA,Prof.,ECONOMIA                                          ,4
24001015069P8,Economia do Setor Público,UNIVERSIDADE FEDERAL DA PARAÍBA - CAMPUS JOÃO PESSOA,UFPB-JOÃO PESSOA,Prof.,ECONOMIA                                          ,3
42004012028P0,Economia Aplicada,UNIVERSIDADE FEDERAL DO RIO GRANDE,FURG,Aca.,ECONOMIA                                          ,3
40015017029P9,Economia,UNIVERSIDADE ESTADUAL DO OESTE DO PARANÁ,UNIOESTE,Aca.,ECONOMIA                                          ,3
33009015090P3,ECONOMIA E DESENVOLVIMENTO,UNIVERSIDADE FEDERAL DE SÃO PAULO,UNIFESP,Aca.,ECONOMIA                                          ,3
52001016101P8,ECONOMIA,UNIVERSIDADE FEDERAL DE GOIÁS,UFG,Aca.,ECONOMIA                                          ,3
33129010003P4,ECONOMIA DOS NEGÓCIOS,INSPER INSTITUTO DE ENSINO E PESQUISA,INSPER,Aca.,ECONOMIA                                          ,4
31005012156P3,MACROECONOMIA E FINANÇAS,PONTIFÍCIA UNIVERSIDADE CATÓLICA DO RIO DE JANEIRO,PUC-RIO,Prof.,ECONOMIA                                          ,4
27001016170P9,ECONOMIA,UNIVERSIDADE FEDERAL DE SERGIPE,UFS,Aca.,ECONOMIA                                          ,3
33024014030P2,ECONOMIA E MERCADOS,UNIVERSIDADE PRESBITERIANA MACKENZIE,MACKENZIE,Prof.,ECONOMIA                                          ,4
32014015101P2,DESENVOLVIMENTO ECONÔMICO E ESTRATÉGIA EMPRESARIAL,UNIVERSIDADE ESTADUAL DE MONTES CLAROS,UNIMONTES,Prof.,ECONOMIA                                          ,3
32007019050P6,ECONOMIA APLICADA,UNIVERSIDADE FEDERAL DE OURO PRETO,UFOP,Aca.,ECONOMIA                                          ,3
23002018072P2,ECONOMIA ,UNIVERSIDADE DO ESTADO DO RIO GRANDE DO NORTE,UERN,Aca.,ECONOMIA                                          ,3
40005011171P8,ECONOMIA,UNIVERSIDADE ESTADUAL DE PONTA GROSSA,UEPG,Aca.,ECONOMIA                                          ,3
33144010171P0,ECONOMIA,UNIVERSIDADE FEDERAL DO ABC,UFABC,Aca.,ECONOMIA                                          ,4
32011016043P3,ECONOMIA,UNIVERSIDADE FEDERAL DE ALFENAS,UNIFAL-MG,Aca.,ECONOMIA                                          ,3
31002013158P7,ECONOMIA REGIONAL E DESENVOLVIMENTO,UNIVERSIDADE FEDERAL RURAL DO RIO DE JANEIRO,UFRRJ,Aca.,ECONOMIA                                          ,3
53003012013P7,POLÍTICAS PÚBLICAS ,UNIVERSIDADE CATÓLICA DE BRASÍLIA,UCB,Prof.,ECONOMIA                                          ,3
53019016003P1,ECONOMIA DO SETOR PÚBLICO,"INSTITUTO BRASILEIRO DE ENSINO, DESENVOLVIMENTO E PESQUISA DE BRASÍLIA",IDP-BSB,Prof.,ECONOMIA                                          ,3
15001016162P2,ECONOMIA APLICADA ,UNIVERSIDADE FEDERAL DO PARÁ,UFPA,Prof.,ECONOMIA                                          ,3
40043010011P5,ECONOMIA,UNIVERSIDADE FEDERAL DA INTEGRAÇÃO LATINO-AMERICANA,UNILA,Aca.,ECONOMIA                                          ,3
53062000002P4,ECONOMIA,FUNDAÇÃO GETULIO VARGAS - BRASÍLIA,FGV-BSB,Prof.,ECONOMIA                                          ,4
23001011024P1,ARQUITETURA  E URBANISMO,UNIVERSIDADE FEDERAL DO RIO GRANDE DO NORTE,UFRN,Aca.,"ARQUITETURA, URBANISMO E DESIGN",5
25001019057P2,DESIGN,UNIVERSIDADE FEDERAL DE PERNAMBUCO,UFPE,Aca.,"ARQUITETURA, URBANISMO E DESIGN",5
26001012014P4,Arquitetura e Urbanismo,UNIVERSIDADE FEDERAL DE ALAGOAS,UFAL,Aca.,"ARQUITETURA, URBANISMO E DESIGN",4
28001010019P5,ARQUITETURA E URBANISMO,UNIVERSIDADE FEDERAL DA BAHIA,UFBA,Aca.,"ARQUITETURA, URBANISMO E DESIGN",6
31001017088P2,ARQUITETURA,UNIVERSIDADE FEDERAL DO RIO DE JANEIRO,UFRJ,Aca.,"ARQUITETURA, URBANISMO E DESIGN",6
31001017103P1,URBANISMO,UNIVERSIDADE FEDERAL DO RIO DE JANEIRO,UFRJ,Aca.,"ARQUITETURA, URBANISMO E DESIGN",7
31003010052P4,ARQUITETURA E URBANISMO,UNIVERSIDADE FEDERAL FLUMINENSE,UFF,Aca.,"ARQUITETURA, URBANISMO E DESIGN",5
31005012027P9,DESIGN,PONTIFÍCIA UNIVERSIDADE CATÓLICA DO RIO DE JANEIRO,PUC-RIO,Aca.,"ARQUITETURA, URBANISMO E DESIGN",6
32001010049P0,ARQUITETURA E URBANISMO,UNIVERSIDADE FEDERAL DE MINAS GERAIS,UFMG,Aca.,"ARQUITETURA, URBANISMO E DESIGN",7
33002010097P3,ARQUITETURA E URBANISMO,UNIVERSIDADE DE SÃO PAULO,USP,Aca.,"ARQUITETURA, URBANISMO E DESIGN",5
33002045014P7,ARQUITETURA E URBANISMO,UNIVERSIDADE DE SÃO PAULO - CAMPUS SÃO CARLOS,USP-SÃO CARLOS,Aca.,"ARQUITETURA, URBANISMO E DESIGN",6
33004056082P0,DESIGN,UNIVERSIDADE ESTADUAL PAULISTA JÚLIO DE MESQUITA FILHO - CAMPUS BAURU,UNESP-BAURU,Aca.,"ARQUITETURA, URBANISMO E DESIGN",6
33006016010P0,Arquitetura e Urbanismo,PONTIFÍCIA UNIVERSIDADE CATÓLICA DE CAMPINAS,PUC-CAMPINAS,Aca.,"ARQUITETURA, URBANISMO E DESIGN",5
33024014020P7,ARQUITETURA E URBANISMO,UNIVERSIDADE PRESBITERIANA MACKENZIE,MACKENZIE,Aca.,"ARQUITETURA, URBANISMO E DESIGN",6
41001010048P2,ARQUITETURA E URBANISMO,UNIVERSIDADE FEDERAL DE SANTA CATARINA,UFSC,Aca.,"ARQUITETURA, URBANISMO E DESIGN",5
42001013049P8,ARQUITETURA,UNIVERSIDADE FEDERAL DO RIO GRANDE DO SUL,UFRGS,Aca.,"ARQUITETURA, URBANISMO E DESIGN",6
53001010042P8,ARQUITETURA E URBANISMO,UNIVERSIDADE DE BRASÍLIA,UNB,Aca.,"ARQUITETURA, URBANISMO E DESIGN",5
31004016041P5,DESIGN,UNIVERSIDADE DO ESTADO DO RIO DE JANEIRO,UERJ,Aca.,"ARQUITETURA, URBANISMO E DESIGN",4
33072019003P1,ARQUITETURA E URBANISMO,UNIVERSIDADE SÃO JUDAS TADEU,USJT,Aca.,"ARQUITETURA, URBANISMO E DESIGN",5
40001016053P0,DESIGN,UNIVERSIDADE FEDERAL DO PARANÁ,UFPR,Aca.,"ARQUITETURA, URBANISMO E DESIGN",5
33106010002P5,DESIGN,UNIVERSIDADE ANHEMBI MORUMBI,UAM,Aca.,"ARQUITETURA, URBANISMO E DESIGN",5
41001010064P8,DESIGN ,UNIVERSIDADE FEDERAL DE SANTA CATARINA,UFSC,Aca.,"ARQUITETURA, URBANISMO E DESIGN",6
30001013030P1,ARQUITETURA E URBANISMO,UNIVERSIDADE FEDERAL DO ESPÍRITO SANTO,UFES,Aca.,"ARQUITETURA, URBANISMO E DESIGN",5
42001013096P6,DESIGN,UNIVERSIDADE FEDERAL DO RIO GRANDE DO SUL,UFRGS,Aca.,"ARQUITETURA, URBANISMO E DESIGN",6
24001015052P8,ARQUITETURA E URBANISMO,UNIVERSIDADE FEDERAL DA PARAÍBA - CAMPUS JOÃO PESSOA,UFPB-JOÃO PESSOA,Aca.,"ARQUITETURA, URBANISMO E DESIGN",5
42003016032P0,ARQUITETURA E URBANISMO,UNIVERSIDADE FEDERAL DE PELOTAS,UFPEL,Aca.,"ARQUITETURA, URBANISMO E DESIGN",5
42007011021P4,DESIGN,UNIVERSIDADE DO VALE DO RIO DOS SINOS,UNISINOS,Prof.,"ARQUITETURA, URBANISMO E DESIGN",5
32025017002P2,DESIGN,UNIVERSIDADE DO ESTADO DE MINAS GERAIS,UEMG,Aca.,"ARQUITETURA, URBANISMO E DESIGN",5
23001011052P5,"ARQUITETURA, PROJETO E MEIO AMBIENTE",UNIVERSIDADE FEDERAL DO RIO GRANDE DO NORTE,UFRN,Prof.,"ARQUITETURA, URBANISMO E DESIGN",5
28001010077P5,CECRE - Conservação e Restauração,UNIVERSIDADE FEDERAL DA BAHIA,UFBA,Prof.,"ARQUITETURA, URBANISMO E DESIGN",5
31001017142P7,ARQUITETURA PAISAGÍSTICA,UNIVERSIDADE FEDERAL DO RIO DE JANEIRO,UFRJ,Prof.,"ARQUITETURA, URBANISMO E DESIGN",5
32002017039P0,ARQUITETURA E URBANISMO,UNIVERSIDADE FEDERAL DE VIÇOSA,UFV,Aca.,"ARQUITETURA, URBANISMO E DESIGN",4
15001016063P4,Arquitetura e Urbanismo,UNIVERSIDADE FEDERAL DO PARÁ,UFPA,Aca.,"ARQUITETURA, URBANISMO E DESIGN",5
41002016022P6,Design,FUNDAÇÃO UNIVERSIDADE DO ESTADO DE SANTA CATARINA,UDESC,Aca.,"ARQUITETURA, URBANISMO E DESIGN",4
25001019085P6,Ergonomia,UNIVERSIDADE FEDERAL DE PERNAMBUCO,UFPE,Prof.,"ARQUITETURA, URBANISMO E DESIGN",4
33003017095P7,"Arquitetura, Tecnologia e Cidade",UNIVERSIDADE ESTADUAL DE CAMPINAS,UNICAMP,Aca.,"ARQUITETURA, URBANISMO E DESIGN",5
40004015037P3,Arquitetura e Urbanismo,UNIVERSIDADE ESTADUAL DE LONDRINA,UEL,Aca.,"ARQUITETURA, URBANISMO E DESIGN",5
20001010028P9,Design,UNIVERSIDADE FEDERAL DO MARANHÃO,UFMA,Aca.,"ARQUITETURA, URBANISMO E DESIGN",4
23001011062P0,Design,UNIVERSIDADE FEDERAL DO RIO GRANDE DO NORTE,UFRN,Prof.,"ARQUITETURA, URBANISMO E DESIGN",3
31001017150P0,Projeto e Patrimônio,UNIVERSIDADE FEDERAL DO RIO DE JANEIRO,UFRJ,Prof.,"ARQUITETURA, URBANISMO E DESIGN",5
41004019005P7,Design,UNIVERSIDADE DA REGIÃO DE JOINVILLE,UNIVILLE,Prof.,"ARQUITETURA, URBANISMO E DESIGN",5
31005012039P7,Arquitetura,PONTIFÍCIA UNIVERSIDADE CATÓLICA DO RIO DE JANEIRO,PUC-RIO,Aca.,"ARQUITETURA, URBANISMO E DESIGN",4
52001016065P1,PROJETO E CIDADE,UNIVERSIDADE FEDERAL DE GOIÁS,UFG,Aca.,"ARQUITETURA, URBANISMO E DESIGN",4
32006012036P7,Arquitetura e Urbanismo,UNIVERSIDADE FEDERAL DE UBERLÂNDIA,UFU,Aca.,"ARQUITETURA, URBANISMO E DESIGN",4
33004056090P3,Arquitetura e Urbanismo,UNIVERSIDADE ESTADUAL PAULISTA JÚLIO DE MESQUITA FILHO - CAMPUS BAURU,UNESP-BAURU,Aca.,"ARQUITETURA, URBANISMO E DESIGN",5
53001010101P4,Design,UNIVERSIDADE DE BRASÍLIA,UNB,Aca.,"ARQUITETURA, URBANISMO E DESIGN",4
25019015002P6,DESIGN,FACULDADE CESAR,FCE,Prof.,"ARQUITETURA, URBANISMO E DESIGN",3
42007011032P6,Arquitetura e Urbanismo,UNIVERSIDADE DO VALE DO RIO DOS SINOS,UNISINOS,Prof.,"ARQUITETURA, URBANISMO E DESIGN",4
24009016031P1,DESIGN,UNIVERSIDADE FEDERAL DE CAMPINA GRANDE,UFCG,Aca.,"ARQUITETURA, URBANISMO E DESIGN",4
22001018084P1,ARQUITETURA E URBANISMO E DESIGN,UNIVERSIDADE FEDERAL DO CEARÁ,UFC,Aca.,"ARQUITETURA, URBANISMO E DESIGN",4
33245010001P7,"DESIGN, TECNOLOGIA E INOVAÇÃO",CENTRO UNIVERSITÁRIO TERESA D´ÁVILA,FATEA,Prof.,"ARQUITETURA, URBANISMO E DESIGN",4
22002014011P0,CIÊNCIAS DA CIDADE,UNIVERSIDADE DE FORTALEZA,UNIFOR,Prof.,"ARQUITETURA, URBANISMO E DESIGN",4
42051010003P7,ARQUITETURA E URBANISMO,FACULDADE ATITUS EDUCAÇÃO PASSO FUNDO,ATITUS EDUCAÇÃO,Aca.,"ARQUITETURA, URBANISMO E DESIGN",4
13012002001P6,DESIGN DE ARTEFATOS DIGITAIS,CENTRO DE ESTUDOS E SISTEMAS AVANÇADOS DO RECIFE - AMAZONAS,CESAR-AM,Prof.,"ARQUITETURA, URBANISMO E DESIGN",3
41002016165P1,DESIGN DE VESTUÁRIO E MODA,FUNDAÇÃO UNIVERSIDADE DO ESTADO DE SANTA CATARINA,UDESC,Prof.,"ARQUITETURA, URBANISMO E DESIGN",4
30011019103P0,ARQUITETURA E CIDADE,UNIVERSIDADE VILA VELHA,UVV,Aca.,"ARQUITETURA, URBANISMO E DESIGN",4
31001017172P3,DESIGN,UNIVERSIDADE FEDERAL DO RIO DE JANEIRO,UFRJ,Aca.,"ARQUITETURA, URBANISMO E DESIGN",4
53005015003P4,ARQUITETURA E URBANISMO,CENTRO UNIVERSITÁRIO DE BRASÍLIA,UNICEUB,Aca.,"ARQUITETURA, URBANISMO E DESIGN",3
12001015172P0,DESIGN,UNIVERSIDADE FEDERAL DO AMAZONAS,UFAM,Prof.,"ARQUITETURA, URBANISMO E DESIGN",4
33248010001P0,ARQUITETURA,CENTRO UNIVERSITÁRIO BELAS ARTES DE SÃO PAULO,FEBASP,Prof.,"ARQUITETURA, URBANISMO E DESIGN",4
33002010249P8,DESIGN,UNIVERSIDADE DE SÃO PAULO,USP,Aca.,"ARQUITETURA, URBANISMO E DESIGN",5
42002010161P2,"ARQUITETURA, URBANISMO E PAISAGISMO ",UNIVERSIDADE FEDERAL DE SANTA MARIA,UFSM,Aca.,"ARQUITETURA, URBANISMO E DESIGN",4
31040012004P4,ARQUITETURA E URBANISMO (PPGAU-IFF),"INSTITUTO FEDERAL DE EDUCAÇÃO, CIÊNCIA E TECNOLOGIA FLUMINENSE",IF FLUMINENSE,Prof.,"ARQUITETURA, URBANISMO E DESIGN",3
50014013001P9,ARQUITETURA E URBANISMO,CENTRO UNIVERSITÁRIO DE VÁRZEA GRANDE,UNIVAG,Aca.,"ARQUITETURA, URBANISMO E DESIGN",3
25001019030P7,DESENVOLVIMENTO URBANO,UNIVERSIDADE FEDERAL DE PERNAMBUCO,UFPE,Aca.,PLANEJAMENTO URBANO E REGIONAL / DEMOGRAFIA       ,4
28013018001P0,DESENVOLVIMENTO REGIONAL E URBANO,UNIVERSIDADE SALVADOR,UNIFACS,Aca.,PLANEJAMENTO URBANO E REGIONAL / DEMOGRAFIA       ,4
31001017065P2,PLANEJAMENTO URBANO E REGIONAL,UNIVERSIDADE FEDERAL DO RIO DE JANEIRO,UFRJ,Aca.,PLANEJAMENTO URBANO E REGIONAL / DEMOGRAFIA       ,5
31045014001P7,"POPULAÇÃO, TERRITÓRIO E ESTATÍSTICAS PÚBLICAS",ESCOLA NACIONAL DE CIÊNCIAS ESTATÍSTICAS,ENCE,Aca.,PLANEJAMENTO URBANO E REGIONAL / DEMOGRAFIA       ,5
32001010034P2,DEMOGRAFIA,UNIVERSIDADE FEDERAL DE MINAS GERAIS,UFMG,Aca.,PLANEJAMENTO URBANO E REGIONAL / DEMOGRAFIA       ,7
33003017061P5,DEMOGRAFIA,UNIVERSIDADE ESTADUAL DE CAMPINAS,UNICAMP,Aca.,PLANEJAMENTO URBANO E REGIONAL / DEMOGRAFIA       ,6
33021015008P8,GESTÃO E DESENVOLVIMENTO REGIONAL,UNIVERSIDADE DE TAUBATÉ,UNITAU,Prof.,PLANEJAMENTO URBANO E REGIONAL / DEMOGRAFIA       ,4
33051011003P1,PLANEJAMENTO URBANO E REGIONAL,UNIVERSIDADE DO VALE DO PARAÍBA,UNIVAP,Aca.,PLANEJAMENTO URBANO E REGIONAL / DEMOGRAFIA       ,4
40003019014P7,GESTÃO URBANA,PONTIFÍCIA UNIVERSIDADE CATÓLICA DO PARANÁ,PUCPR,Aca.,PLANEJAMENTO URBANO E REGIONAL / DEMOGRAFIA       ,6
40015017004P6,DESENVOLVIMENTO REGIONAL E AGRONEGÓCIO,UNIVERSIDADE ESTADUAL DO OESTE DO PARANÁ,UNIOESTE,Aca.,PLANEJAMENTO URBANO E REGIONAL / DEMOGRAFIA       ,6
42001013026P8,PLANEJAMENTO URBANO E REGIONAL,UNIVERSIDADE FEDERAL DO RIO GRANDE DO SUL,UFRGS,Aca.,PLANEJAMENTO URBANO E REGIONAL / DEMOGRAFIA       ,5
42020018001P2,DESENVOLVIMENTO REGIONAL,UNIVERSIDADE DE SANTA CRUZ DO SUL,UNISC,Aca.,PLANEJAMENTO URBANO E REGIONAL / DEMOGRAFIA       ,6
42024013003P0,DESENVOLVIMENTO REGIONAL,UNIVERSIDADE REGIONAL DO NOROESTE DO ESTADO DO RIO GRANDE DO SUL,UNIJUÍ,Aca.,PLANEJAMENTO URBANO E REGIONAL / DEMOGRAFIA       ,5
41006011006P6,DESENVOLVIMENTO REGIONAL,UNIVERSIDADE REGIONAL DE BLUMENAU,FURB,Aca.,PLANEJAMENTO URBANO E REGIONAL / DEMOGRAFIA       ,5
28003012002P4,"Território, Ambiente e Sociedade",UNIVERSIDADE CATÓLICA DO SALVADOR,UCSAL,Aca.,PLANEJAMENTO URBANO E REGIONAL / DEMOGRAFIA       ,4
52002012007P8,DESENVOLVIMENTO REGIONAL E DIREITO À CIDADE,PONTIFÍCIA UNIVERSIDADE CATÓLICA DE GOIÁS,PUC GOIÁS,Aca.,PLANEJAMENTO URBANO E REGIONAL / DEMOGRAFIA       ,4
14001012001P6,Desenvolvimento da Amazônia Sustentável,UNIVERSIDADE FEDERAL DO AMAPÁ,UNIFAP,Aca.,PLANEJAMENTO URBANO E REGIONAL / DEMOGRAFIA       ,3
41009010001P3,DESENVOLVIMENTO REGIONAL,UNIVERSIDADE DO CONTESTADO,UNC,Aca.,PLANEJAMENTO URBANO E REGIONAL / DEMOGRAFIA       ,4
15004015004P7,DESENVOLVIMENTO E MEIO AMBIENTE URBANO,UNIVERSIDADE DA AMAZÔNIA,UNAMA,Aca.,PLANEJAMENTO URBANO E REGIONAL / DEMOGRAFIA       ,4
41002016016P6,PLANEJAMENTO TERRITORIAL E DESENVOLVIMENTO SÓCIO-AMBIENTAL,FUNDAÇÃO UNIVERSIDADE DO ESTADO DE SANTA CATARINA,UDESC,Aca.,PLANEJAMENTO URBANO E REGIONAL / DEMOGRAFIA       ,4
16003012004P3,DESENVOLVIMENTO REGIONAL,UNIVERSIDADE FEDERAL DO TOCANTINS,UFT,Aca.,PLANEJAMENTO URBANO E REGIONAL / DEMOGRAFIA       ,5
52016013001P7,DESENVOLVIMENTO REGIONAL,CENTRO UNIVERSITÁRIO ALVES FARIA,UNIALFA,Prof.,PLANEJAMENTO URBANO E REGIONAL / DEMOGRAFIA       ,3
24004014008P8,DESENVOLVIMENTO REGIONAL,UNIVERSIDADE ESTADUAL DA PARAÍBA,UEPB,Aca.,PLANEJAMENTO URBANO E REGIONAL / DEMOGRAFIA       ,3
31032010007P8,PLANEJAMENTO REGIONAL E GESTÃO DA CIDADE,UNIVERSIDADE CÂNDIDO MENDES,UCAM,Aca.,PLANEJAMENTO URBANO E REGIONAL / DEMOGRAFIA       ,5
40006018010P0,Desenvolvimento Regional,UNIVERSIDADE TECNOLÓGICA FEDERAL DO PARANÁ,UTFPR,Aca.,PLANEJAMENTO URBANO E REGIONAL / DEMOGRAFIA       ,5
23001011055P4,ESTUDOS URBANOS E REGIONAIS,UNIVERSIDADE FEDERAL DO RIO GRANDE DO NORTE,UFRN,Aca.,PLANEJAMENTO URBANO E REGIONAL / DEMOGRAFIA       ,4
33021015011P9,Planejamento e Desenvolvimento Regional,UNIVERSIDADE DE TAUBATÉ,UNITAU,Aca.,PLANEJAMENTO URBANO E REGIONAL / DEMOGRAFIA       ,4
20002017003P2,Desenvolvimento Socioespacial e Regional,UNIVERSIDADE ESTADUAL DO MARANHÃO,UEMA,Aca.,PLANEJAMENTO URBANO E REGIONAL / DEMOGRAFIA       ,3
23001011058P3,DEMOGRAFIA,UNIVERSIDADE FEDERAL DO RIO GRANDE DO NORTE,UFRN,Aca.,PLANEJAMENTO URBANO E REGIONAL / DEMOGRAFIA       ,5
40006018017P5,Planejamento e Governança Pública,UNIVERSIDADE TECNOLÓGICA FEDERAL DO PARANÁ,UTFPR,Prof.,PLANEJAMENTO URBANO E REGIONAL / DEMOGRAFIA       ,4
33144010012P9,Planejamento e Gestão do Território,UNIVERSIDADE FEDERAL DO ABC,UFABC,Aca.,PLANEJAMENTO URBANO E REGIONAL / DEMOGRAFIA       ,5
31002013026P3,DESENVOLVIMENTO TERRITORIAL E POLÍTICAS PÚBLICAS,UNIVERSIDADE FEDERAL RURAL DO RIO DE JANEIRO,UFRRJ,Aca.,PLANEJAMENTO URBANO E REGIONAL / DEMOGRAFIA       ,4
16003012017P8,GESTÃO DE POLÍTICAS PÚBLICAS,UNIVERSIDADE FEDERAL DO TOCANTINS,UFT,Prof.,PLANEJAMENTO URBANO E REGIONAL / DEMOGRAFIA       ,4
42057019001P2,Desenvolvimento Regional,FACULDADES INTEGRADAS DE TAQUARA,FACCAT,Aca.,PLANEJAMENTO URBANO E REGIONAL / DEMOGRAFIA       ,4
33003025004P7,Interdisciplinar em Ciências Humanas e Sociais Aplicadas,UNIVERSIDADE ESTADUAL DE CAMPINAS - CAMPUS LIMEIRA,UNICAMP-LIMEIRA,Aca.,PLANEJAMENTO URBANO E REGIONAL / DEMOGRAFIA       ,3
51004011010P9,Desenvolvimento Regional e de Sistemas Produtivos,UNIVERSIDADE ESTADUAL DE MATO GROSSO DO SUL,UEMS,Aca.,PLANEJAMENTO URBANO E REGIONAL / DEMOGRAFIA       ,3
40001016104P3,PLANEJAMENTO URBANO,UNIVERSIDADE FEDERAL DO PARANÁ,UFPR,Aca.,PLANEJAMENTO URBANO E REGIONAL / DEMOGRAFIA       ,3
32001010100P5,"SOCIEDADE, AMBIENTE E TERRITÓRIO",UNIVERSIDADE FEDERAL DE MINAS GERAIS,UFMG,Aca.,PLANEJAMENTO URBANO E REGIONAL / DEMOGRAFIA       ,4
33092010017P0,CIDADES INTELIGENTES E SUSTENTÁVEIS,UNIVERSIDADE NOVE DE JULHO,UNINOVE,Aca.,PLANEJAMENTO URBANO E REGIONAL / DEMOGRAFIA       ,4
23002018070P0,PLANEJAMENTO E DINÂMICAS TERRITORIAIS NO SEMIÁRIDO,UNIVERSIDADE DO ESTADO DO RIO GRANDE DO NORTE,UERN,Aca.,PLANEJAMENTO URBANO E REGIONAL / DEMOGRAFIA       ,4
31032010011P5,PLANEJAMENTO REGIONAL E GESTÃO DA CIDADE,UNIVERSIDADE CÂNDIDO MENDES,UCAM,Aca.,PLANEJAMENTO URBANO E REGIONAL / DEMOGRAFIA       ,5
31003010170P7,"DESENVOLVIMENTO REGIONAL, AMBIENTE E POLÍTICAS PÚBLICAS",UNIVERSIDADE FEDERAL FLUMINENSE,UFF,Aca.,PLANEJAMENTO URBANO E REGIONAL / DEMOGRAFIA       ,3
40043010004P9,POLÍTICAS PÚBLICAS E DESENVOLVIMENTO,UNIVERSIDADE FEDERAL DA INTEGRAÇÃO LATINO-AMERICANA,UNILA,Aca.,PLANEJAMENTO URBANO E REGIONAL / DEMOGRAFIA       ,3
31022014010P3,DESENVOLVIMENTO REGIONAL E SISTEMAS PRODUTIVOS,CENTRO FEDERAL DE EDUCAÇÃO TECNOLÓGICA CELSO SUCKOW DA FONSECA,CEFET-RJ,Aca.,PLANEJAMENTO URBANO E REGIONAL / DEMOGRAFIA       ,3
32018010046P7,"DESENVOLVIMENTO, PLANEJAMENTO E TERRITÓRIO",UNIVERSIDADE FEDERAL DE SÃO JOÃO DEL-REI,UFSJ,Aca.,PLANEJAMENTO URBANO E REGIONAL / DEMOGRAFIA       ,3
42001021001P0,DINÂMICAS REGIONAIS E DESENVOLVIMENTO,UNIVERSIDADE FEDERAL DO RIO GRANDE DO SUL - CAMPUS LITORAL NORTE,UFRGS-LITORAL NORTE,Aca.,PLANEJAMENTO URBANO E REGIONAL / DEMOGRAFIA       ,3
32025017006P8,DESENVOLVIMENTO REGIONAL E MEIO AMBIENTE,UNIVERSIDADE DO ESTADO DE MINAS GERAIS,UEMG,Prof.,PLANEJAMENTO URBANO E REGIONAL / DEMOGRAFIA       ,3
15025012075P1,PLANEJAMENTO E DESENVOLVIMENTO REGIONAL E URBANO NA AMAZÔNIA,UNIVERSIDADE FEDERAL DO SUL E SUDESTE DO PARÁ,UNIFESSPA,Aca.,PLANEJAMENTO URBANO E REGIONAL / DEMOGRAFIA       ,3
17010004004P3,DEMANDAS POPULARES E DINÂMICAS REGIONAIS,UNIVERSIDADE FEDERAL DO NORTE DO TOCANTINS,UFNT,Aca.,PLANEJAMENTO URBANO E REGIONAL / DEMOGRAFIA       ,3
25001019054P3,COMUNICAÇÃO,UNIVERSIDADE FEDERAL DE PERNAMBUCO,UFPE,Aca.,COMUNICAÇÃO E INFORMAÇÃO E MUSEOLOGIA,4
28001010024P9,COMUNICAÇÃO E CULTURA CONTEMPORÂNEAS,UNIVERSIDADE FEDERAL DA BAHIA,UFBA,Aca.,COMUNICAÇÃO E INFORMAÇÃO E MUSEOLOGIA,6
28001010041P0,CIÊNCIA DA INFORMAÇÃO,UNIVERSIDADE FEDERAL DA BAHIA,UFBA,Aca.,COMUNICAÇÃO E INFORMAÇÃO E MUSEOLOGIA,4
31001017064P6,COMUNICAÇÃO,UNIVERSIDADE FEDERAL DO RIO DE JANEIRO,UFRJ,Aca.,COMUNICAÇÃO E INFORMAÇÃO E MUSEOLOGIA,7
31003010040P6,COMUNICAÇÃO,UNIVERSIDADE FEDERAL FLUMINENSE,UFF,Aca.,COMUNICAÇÃO E INFORMAÇÃO E MUSEOLOGIA,7
31004016033P2,COMUNICAÇÃO,UNIVERSIDADE DO ESTADO DO RIO DE JANEIRO,UERJ,Aca.,COMUNICAÇÃO E INFORMAÇÃO E MUSEOLOGIA,5
31005012029P1,COMUNICAÇÃO,PONTIFÍCIA UNIVERSIDADE CATÓLICA DO RIO DE JANEIRO,PUC-RIO,Aca.,COMUNICAÇÃO E INFORMAÇÃO E MUSEOLOGIA,5
32001010028P2,CIÊNCIAS DA INFORMAÇÃO,UNIVERSIDADE FEDERAL DE MINAS GERAIS,UFMG,Aca.,COMUNICAÇÃO E INFORMAÇÃO E MUSEOLOGIA,5
32001010052P0,COMUNICAÇÃO SOCIAL,UNIVERSIDADE FEDERAL DE MINAS GERAIS,UFMG,Aca.,COMUNICAÇÃO E INFORMAÇÃO E MUSEOLOGIA,6
33002010096P7,CIÊNCIAS DA COMUNICAÇÃO,UNIVERSIDADE DE SÃO PAULO,USP,Aca.,COMUNICAÇÃO E INFORMAÇÃO E MUSEOLOGIA,5
33003017044P3,MULTIMEIOS,UNIVERSIDADE ESTADUAL DE CAMPINAS,UNICAMP,Aca.,COMUNICAÇÃO E INFORMAÇÃO E MUSEOLOGIA,5
33004056081P4,COMUNICAÇÃO,UNIVERSIDADE ESTADUAL PAULISTA JÚLIO DE MESQUITA FILHO - CAMPUS BAURU,UNESP-BAURU,Aca.,COMUNICAÇÃO E INFORMAÇÃO E MUSEOLOGIA,5
33004110043P4,CIÊNCIA DA INFORMAÇÃO,UNIVERSIDADE ESTADUAL PAULISTA JÚLIO DE MESQUITA FILHO - CAMPUS MARÍLIA,UNESP-MARÍLIA,Aca.,COMUNICAÇÃO E INFORMAÇÃO E MUSEOLOGIA,7
33005010021P0,COMUNICAÇÃO E SEMIÓTICA,PONTIFÍCIA UNIVERSIDADE CATÓLICA DE SÃO PAULO,PUCSP,Aca.,COMUNICAÇÃO E INFORMAÇÃO E MUSEOLOGIA,4
33017018004P9,COMUNICAÇÃO SOCIAL,UNIVERSIDADE METODISTA DE SÃO PAULO,UMESP,Aca.,COMUNICAÇÃO E INFORMAÇÃO E MUSEOLOGIA,4
33063010004P6,COMUNICAÇÃO,UNIVERSIDADE PAULISTA,UNIP,Aca.,COMUNICAÇÃO E INFORMAÇÃO E MUSEOLOGIA,4
40020010003P0,COMUNICAÇÃO E LINGUAGENS,UNIVERSIDADE TUIUTI DO PARANÁ,UTP,Aca.,COMUNICAÇÃO E INFORMAÇÃO E MUSEOLOGIA,4
41001010052P0,CIÊNCIA DA INFORMAÇÃO,UNIVERSIDADE FEDERAL DE SANTA CATARINA,UFSC,Aca.,COMUNICAÇÃO E INFORMAÇÃO E MUSEOLOGIA,5
42001013062P4,Comunicação,UNIVERSIDADE FEDERAL DO RIO GRANDE DO SUL,UFRGS,Aca.,COMUNICAÇÃO E INFORMAÇÃO E MUSEOLOGIA,5
42005019017P4,COMUNICAÇÃO SOCIAL,PONTIFÍCIA UNIVERSIDADE CATÓLICA DO RIO GRANDE DO SUL,PUCRS,Aca.,COMUNICAÇÃO E INFORMAÇÃO E MUSEOLOGIA,6
42007011004P2,CIÊNCIAS DA COMUNICAÇÃO,UNIVERSIDADE DO VALE DO RIO DOS SINOS,UNISINOS,Aca.,COMUNICAÇÃO E INFORMAÇÃO E MUSEOLOGIA,7
53001010018P0,CIÊNCIAS DA INFORMAÇÃO,UNIVERSIDADE DE BRASÍLIA,UNB,Aca.,COMUNICAÇÃO E INFORMAÇÃO E MUSEOLOGIA,5
53001010019P6,COMUNICAÇÃO,UNIVERSIDADE DE BRASÍLIA,UNB,Aca.,COMUNICAÇÃO E INFORMAÇÃO E MUSEOLOGIA,5
33002010195P5,CIÊNCIA DA INFORMAÇÃO,UNIVERSIDADE DE SÃO PAULO,USP,Aca.,COMUNICAÇÃO E INFORMAÇÃO E MUSEOLOGIA,4
42002010031P1,COMUNICAÇÃO,UNIVERSIDADE FEDERAL DE SANTA MARIA,UFSM,Aca.,COMUNICAÇÃO E INFORMAÇÃO E MUSEOLOGIA,5
31021018008P2,MUSEOLOGIA E PATRIMÖNIO,UNIVERSIDADE FEDERAL DO ESTADO DO RIO DE JANEIRO,UNIRIO,Aca.,COMUNICAÇÃO E INFORMAÇÃO E MUSEOLOGIA,4
33065012002P2,COMUNICAÇÃO E CULTURA,UNIVERSIDADE DE SOROCABA,UNISO,Aca.,COMUNICAÇÃO E INFORMAÇÃO E MUSEOLOGIA,4
33139016001P3,COMUNICAÇÃO E PRÁTICAS DE CONSUMO,ESCOLA SUPERIOR DE PROPAGANDA E MARKETING,ESPM,Aca.,COMUNICAÇÃO E INFORMAÇÃO E MUSEOLOGIA,5
33018014002P2,COMUNICAÇÃO,FACULDADE CÁSPER LÍBERO,FCL,Aca.,COMUNICAÇÃO E INFORMAÇÃO E MUSEOLOGIA,4
33106010003P1,COMUNICAÇÃO,UNIVERSIDADE ANHEMBI MORUMBI,UAM,Aca.,COMUNICAÇÃO E INFORMAÇÃO E MUSEOLOGIA,4
32008015016P9,Comunicação Social,PONTIFÍCIA UNIVERSIDADE CATÓLICA DE MINAS GERAIS,PUC MINAS,Aca.,COMUNICAÇÃO E INFORMAÇÃO E MUSEOLOGIA,4
52001016037P8,COMUNICAÇÃO,UNIVERSIDADE FEDERAL DE GOIÁS,UFG,Aca.,COMUNICAÇÃO E INFORMAÇÃO E MUSEOLOGIA,4
32005016019P9,COMUNICAÇÃO,UNIVERSIDADE FEDERAL DE JUIZ DE FORA,UFJF,Aca.,COMUNICAÇÃO E INFORMAÇÃO E MUSEOLOGIA,5
24001015049P7,CIÊNCIA DA INFORMAÇÃO,UNIVERSIDADE FEDERAL DA PARAÍBA - CAMPUS JOÃO PESSOA,UFPB-JOÃO PESSOA,Aca.,COMUNICAÇÃO E INFORMAÇÃO E MUSEOLOGIA,4
40002012034P1,COMUNICAÇÃO,UNIVERSIDADE ESTADUAL DE LONDRINA,UEL,Aca.,COMUNICAÇÃO E INFORMAÇÃO E MUSEOLOGIA,3
33001014030P0,IMAGEM E SOM,UNIVERSIDADE FEDERAL DE SÃO CARLOS,UFSCAR,Aca.,COMUNICAÇÃO E INFORMAÇÃO E MUSEOLOGIA,4
41001010073P7,JORNALISMO,UNIVERSIDADE FEDERAL DE SANTA CATARINA,UFSC,Aca.,COMUNICAÇÃO E INFORMAÇÃO E MUSEOLOGIA,4
22001018063P4,COMUNICAÇÃO,UNIVERSIDADE FEDERAL DO CEARÁ,UFC,Aca.,COMUNICAÇÃO E INFORMAÇÃO E MUSEOLOGIA,4
24001015053P4,COMUNICAÇÃO E CULTURAS MIDIÁTICAS,UNIVERSIDADE FEDERAL DA PARAÍBA - CAMPUS JOÃO PESSOA,UFPB-JOÃO PESSOA,Aca.,COMUNICAÇÃO E INFORMAÇÃO E MUSEOLOGIA,3
53003012010P8,Inovação em Comunicação e Economia Criativa,UNIVERSIDADE CATÓLICA DE BRASÍLIA,UCB,Prof.,COMUNICAÇÃO E INFORMAÇÃO E MUSEOLOGIA,4
31003010063P6,CIÊNCIA DA INFORMAÇÃO,UNIVERSIDADE FEDERAL FLUMINENSE,UFF,Aca.,COMUNICAÇÃO E INFORMAÇÃO E MUSEOLOGIA,4
25001019077P3,CIÊNCIA DA INFORMAÇÃO,UNIVERSIDADE FEDERAL DE PERNAMBUCO,UFPE,Aca.,COMUNICAÇÃO E INFORMAÇÃO E MUSEOLOGIA,5
31001017138P0,CIÊNCIA DA INFORMAÇÃO - UFRJ - IBICT,INSTITUTO BRASILEIRO DE INFORMAÇÃO EM CIÊNCIA E TECNOLOGIA - RIO DE JANEIRO,IBICT-RJ,Aca.,COMUNICAÇÃO E INFORMAÇÃO E MUSEOLOGIA,6
23001011053P1,ESTUDOS DA MÍDIA,UNIVERSIDADE FEDERAL DO RIO GRANDE DO NORTE,UFRN,Aca.,COMUNICAÇÃO E INFORMAÇÃO E MUSEOLOGIA,4
33002010212P7,Meios e Processos Audiovisuais,UNIVERSIDADE DE SÃO PAULO,USP,Aca.,COMUNICAÇÃO E INFORMAÇÃO E MUSEOLOGIA,5
40001016071P8,Comunicação,UNIVERSIDADE FEDERAL DO PARANÁ,UFPR,Aca.,COMUNICAÇÃO E INFORMAÇÃO E MUSEOLOGIA,5
15001016062P8,"Comunicação, Cultura e Amazônia",UNIVERSIDADE FEDERAL DO PARÁ,UFPA,Aca.,COMUNICAÇÃO E INFORMAÇÃO E MUSEOLOGIA,5
32053010003P1,Tecnologia da Informação e Comunicação e Gestão do Conhecimento,UNIVERSIDADE FUMEC,FUMEC,Aca.,COMUNICAÇÃO E INFORMAÇÃO E MUSEOLOGIA,4
21001014026P9,Comunicação,UNIVERSIDADE FEDERAL DO PIAUÍ,UFPI,Aca.,COMUNICAÇÃO E INFORMAÇÃO E MUSEOLOGIA,3
51001012031P7,Comunicação,UNIVERSIDADE FEDERAL DE MATO GROSSO DO SUL,UFMS,Aca.,COMUNICAÇÃO E INFORMAÇÃO E MUSEOLOGIA,4
40002012048P2,Ciência da Informação,UNIVERSIDADE ESTADUAL DE LONDRINA,UEL,Aca.,COMUNICAÇÃO E INFORMAÇÃO E MUSEOLOGIA,4
31021018018P8,BIBLIOTECONOMIA,UNIVERSIDADE FEDERAL DO ESTADO DO RIO DE JANEIRO,UNIRIO,Prof.,COMUNICAÇÃO E INFORMAÇÃO E MUSEOLOGIA,4
27001016041P4,Comunicação,UNIVERSIDADE FEDERAL DE SERGIPE,UFS,Aca.,COMUNICAÇÃO E INFORMAÇÃO E MUSEOLOGIA,4
40005011015P6,Jornalismo,UNIVERSIDADE ESTADUAL DE PONTA GROSSA,UEPG,Aca.,COMUNICAÇÃO E INFORMAÇÃO E MUSEOLOGIA,4
31021018019P4,Gestão de Documentos e Arquivos,UNIVERSIDADE FEDERAL DO ESTADO DO RIO DE JANEIRO,UNIRIO,Prof.,COMUNICAÇÃO E INFORMAÇÃO E MUSEOLOGIA,4
33002010226P8,Museologia,UNIVERSIDADE DE SÃO PAULO,USP,Aca.,COMUNICAÇÃO E INFORMAÇÃO E MUSEOLOGIA,4
31003010088P9,Mídia e Cotidiano,UNIVERSIDADE FEDERAL FLUMINENSE,UFF,Aca.,COMUNICAÇÃO E INFORMAÇÃO E MUSEOLOGIA,5
41002016025P5,Gestão da Informação,FUNDAÇÃO UNIVERSIDADE DO ESTADO DE SANTA CATARINA,UDESC,Prof.,COMUNICAÇÃO E INFORMAÇÃO E MUSEOLOGIA,4
32006012033P8,"Tecnologias, Comunicação e Educação",UNIVERSIDADE FEDERAL DE UBERLÂNDIA,UFU,Prof.,COMUNICAÇÃO E INFORMAÇÃO E MUSEOLOGIA,4
28001010093P0,Museologia,UNIVERSIDADE FEDERAL DA BAHIA,UFBA,Aca.,COMUNICAÇÃO E INFORMAÇÃO E MUSEOLOGIA,3
24001015068P1,JORNALISMO,UNIVERSIDADE FEDERAL DA PARAÍBA - CAMPUS JOÃO PESSOA,UFPB-JOÃO PESSOA,Prof.,COMUNICAÇÃO E INFORMAÇÃO E MUSEOLOGIA,4
31055010001P2,Preservação de Acervos de Ciência e Tecnologia,MUSEU DE ASTRONOMIA E CIÊNCIAS AFINS,MAST,Prof.,COMUNICAÇÃO E INFORMAÇÃO E MUSEOLOGIA,4
30001013057P7,Comunicação e Territorialidades,UNIVERSIDADE FEDERAL DO ESPÍRITO SANTO,UFES,Aca.,COMUNICAÇÃO E INFORMAÇÃO E MUSEOLOGIA,4
32007019049P8,COMUNICAÇÃO,UNIVERSIDADE FEDERAL DE OURO PRETO,UFOP,Aca.,COMUNICAÇÃO E INFORMAÇÃO E MUSEOLOGIA,4
31001017166P3,Mídias Criativas,UNIVERSIDADE FEDERAL DO RIO DE JANEIRO,UFRJ,Prof.,COMUNICAÇÃO E INFORMAÇÃO E MUSEOLOGIA,3
23001011080P9,Ciência da Informação,UNIVERSIDADE FEDERAL DO RIO GRANDE DO NORTE,UFRN,Prof.,COMUNICAÇÃO E INFORMAÇÃO E MUSEOLOGIA,4
33301000001P0,MEMÓRIA E ACERVOS,FUNDAÇÃO CASA DE RUI BARBOSA,FCRB,Prof.,COMUNICAÇÃO E INFORMAÇÃO E MUSEOLOGIA,4
22001018085P8,CIÊNCIA DA INFORMAÇÃO,UNIVERSIDADE FEDERAL DO CEARÁ,UFC,Aca.,COMUNICAÇÃO E INFORMAÇÃO E MUSEOLOGIA,3
16003012161P1,COMUNICAÇÃO E SOCIEDADE,UNIVERSIDADE FEDERAL DO TOCANTINS,UFT,Aca.,COMUNICAÇÃO E INFORMAÇÃO E MUSEOLOGIA,3
33001014052P3,CIÊNCIA DA INFORMAÇÃO,UNIVERSIDADE FEDERAL DE SÃO CARLOS,UFSCAR,Aca.,COMUNICAÇÃO E INFORMAÇÃO E MUSEOLOGIA,4
22033017002P3,BIBLIOTECONOMIA,UNIVERSIDADE FEDERAL DO CARIRI,UFCA,Prof.,COMUNICAÇÃO E INFORMAÇÃO E MUSEOLOGIA,3
32001010172P6,GESTÃO & ORGANIZAÇÃO DO CONHECIMENTO,UNIVERSIDADE FEDERAL DE MINAS GERAIS,UFMG,Aca.,COMUNICAÇÃO E INFORMAÇÃO E MUSEOLOGIA,5
33002010248P1,GESTÃO DA INFORMAÇÃO,UNIVERSIDADE DE SÃO PAULO,USP,Prof.,COMUNICAÇÃO E INFORMAÇÃO E MUSEOLOGIA,4
42046017014P9,COMUNICAÇÃO E INDÚSTRIA CRIATIVA,UNIVERSIDADE FEDERAL DO PAMPA,UNIPAMPA,Prof.,COMUNICAÇÃO E INFORMAÇÃO E MUSEOLOGIA,4
15001016158P5,CIÊNCIA DA INFORMAÇÃO,UNIVERSIDADE FEDERAL DO PARÁ,UFPA,Aca.,COMUNICAÇÃO E INFORMAÇÃO E MUSEOLOGIA,4
27001016175P0,CIÊNCIA DA INFORMAÇÃO,UNIVERSIDADE FEDERAL DE SERGIPE,UFS,Prof.,COMUNICAÇÃO E INFORMAÇÃO E MUSEOLOGIA,4
31003010172P0,CINEMA E AUDIOVISUAL,UNIVERSIDADE FEDERAL FLUMINENSE,UFF,Aca.,COMUNICAÇÃO E INFORMAÇÃO E MUSEOLOGIA,4
28022017012P7,COMUNICAÇÃO,UNIVERSIDADE FEDERAL DO RECÔNCAVO DA BAHIA,UFRB,Aca.,COMUNICAÇÃO E INFORMAÇÃO E MUSEOLOGIA,4
42001013173P0,MUSEOLOGIA E PATRIMÔNIO,UNIVERSIDADE FEDERAL DO RIO GRANDE DO SUL,UFRGS,Aca.,COMUNICAÇÃO E INFORMAÇÃO E MUSEOLOGIA,4
25002015008P8,INDÚSTRIAS CRIATIVAS,UNIVERSIDADE CATÓLICA DE PERNAMBUCO,UNICAP,Prof.,COMUNICAÇÃO E INFORMAÇÃO E MUSEOLOGIA,4
33110018004P1,"Tecnologia, Informação e Comunicação ",UNIVERSIDADE MUNICIPAL DE SÃO CAETANO DO SUL,USCS,Prof.,COMUNICAÇÃO E INFORMAÇÃO E MUSEOLOGIA,4
20001010046P7,COMUNICAÇÃO,UNIVERSIDADE FEDERAL DO MARANHÃO,UFMA,Aca.,COMUNICAÇÃO E INFORMAÇÃO E MUSEOLOGIA,3
13001019040P9,COMUNICAÇÃO,UNIVERSIDADE FEDERAL DE RORAIMA,UFRR,Aca.,COMUNICAÇÃO E INFORMAÇÃO E MUSEOLOGIA,3
26001012171P2,CIÊNCIA DA INFORMAÇÃO,UNIVERSIDADE FEDERAL DE ALAGOAS,UFAL,Aca.,COMUNICAÇÃO E INFORMAÇÃO E MUSEOLOGIA,3
42001013176P0,CIÊNCIA DA INFORMAÇÃO,UNIVERSIDADE FEDERAL DO RIO GRANDE DO SUL,UFRGS,Aca.,COMUNICAÇÃO E INFORMAÇÃO E MUSEOLOGIA,3
30001013108P0,CIÊNCIA DA INFORMAÇÃO,UNIVERSIDADE FEDERAL DO ESPÍRITO SANTO,UFES,Aca.,COMUNICAÇÃO E INFORMAÇÃO E MUSEOLOGIA,3
20001010048P0,COMUNICAÇÃO ,UNIVERSIDADE FEDERAL DO MARANHÃO,UFMA,Prof.,COMUNICAÇÃO E INFORMAÇÃO E MUSEOLOGIA,3
50001019175P6,COMUNICAÇÃO,UNIVERSIDADE FEDERAL DE MATO GROSSO,UFMT,Aca.,COMUNICAÇÃO E INFORMAÇÃO E MUSEOLOGIA,3
22042008001P7,Patrimônio e Sociedade,UNIVERSIDADE FEDERAL DO DELTA DO PARNAÍBA,UFDPAR,Prof.,COMUNICAÇÃO E INFORMAÇÃO E MUSEOLOGIA,4
15001016036P7,SERVIÇO SOCIAL,UNIVERSIDADE FEDERAL DO PARÁ,UFPA,Aca.,SERVIÇO SOCIAL                                    ,5
20001010003P6,POLÍTICAS PÚBLICAS,UNIVERSIDADE FEDERAL DO MARANHÃO,UFMA,Aca.,SERVIÇO SOCIAL                                    ,6
21001014005P1,POLÍTICAS PÚBLICAS,UNIVERSIDADE FEDERAL DO PIAUÍ,UFPI,Aca.,SERVIÇO SOCIAL                                    ,5
23001011027P0,SERVIÇO SOCIAL,UNIVERSIDADE FEDERAL DO RIO GRANDE DO NORTE,UFRN,Aca.,SERVIÇO SOCIAL                                    ,4
24001015019P0,SERVIÇO SOCIAL,UNIVERSIDADE FEDERAL DA PARAÍBA - CAMPUS JOÃO PESSOA,UFPB-JOÃO PESSOA,Aca.,SERVIÇO SOCIAL                                    ,4
25001019031P3,SERVIÇO SOCIAL,UNIVERSIDADE FEDERAL DE PERNAMBUCO,UFPE,Aca.,SERVIÇO SOCIAL                                    ,6
26001012016P7,SERVIÇO SOCIAL,UNIVERSIDADE FEDERAL DE ALAGOAS,UFAL,Aca.,SERVIÇO SOCIAL                                    ,5
30001013020P6,POLÍTICA SOCIAL,UNIVERSIDADE FEDERAL DO ESPÍRITO SANTO,UFES,Aca.,SERVIÇO SOCIAL                                    ,6
31001017066P9,SERVIÇO SOCIAL,UNIVERSIDADE FEDERAL DO RIO DE JANEIRO,UFRJ,Aca.,SERVIÇO SOCIAL                                    ,5
31003010049P3,POLÍTICA SOCIAL,UNIVERSIDADE FEDERAL FLUMINENSE,UFF,Aca.,SERVIÇO SOCIAL                                    ,5
31004016028P9,SERVIÇO SOCIAL,UNIVERSIDADE DO ESTADO DO RIO DE JANEIRO,UERJ,Aca.,SERVIÇO SOCIAL                                    ,6
31005012021P0,SERVIÇO SOCIAL,PONTIFÍCIA UNIVERSIDADE CATÓLICA DO RIO DE JANEIRO,PUC-RIO,Aca.,SERVIÇO SOCIAL                                    ,6
32002017019P0,Política Social,UNIVERSIDADE FEDERAL DE VIÇOSA,UFV,Aca.,SERVIÇO SOCIAL                                    ,5
33004072067P2,SERVIÇO SOCIAL,UNIVERSIDADE ESTADUAL PAULISTA JÚLIO DE MESQUITA FILHO - CAMPUS FRANCA,UNESP-FRANCA,Aca.,SERVIÇO SOCIAL                                    ,5
33005010020P3,SERVIÇO SOCIAL,PONTIFÍCIA UNIVERSIDADE CATÓLICA DE SÃO PAULO,PUCSP,Aca.,SERVIÇO SOCIAL                                    ,7
40002012020P0,SERVIÇO SOCIAL E POLÍTICA SOCIAL,UNIVERSIDADE ESTADUAL DE LONDRINA,UEL,Aca.,SERVIÇO SOCIAL                                    ,4
41001010047P6,SERVIÇO SOCIAL,UNIVERSIDADE FEDERAL DE SANTA CATARINA,UFSC,Aca.,SERVIÇO SOCIAL                                    ,5
42005019008P5,SERVIÇO SOCIAL,PONTIFÍCIA UNIVERSIDADE CATÓLICA DO RIO GRANDE DO SUL,PUCRS,Aca.,SERVIÇO SOCIAL                                    ,7
53001010035P1,POLÍTICA SOCIAL,UNIVERSIDADE DE BRASÍLIA,UNB,Aca.,SERVIÇO SOCIAL                                    ,6
32005016013P0,SERVIÇO SOCIAL,UNIVERSIDADE FEDERAL DE JUIZ DE FORA,UFJF,Aca.,SERVIÇO SOCIAL                                    ,5
52002012011P5,SERVIÇO SOCIAL,PONTIFÍCIA UNIVERSIDADE CATÓLICA DE GOIÁS,PUC GOIÁS,Aca.,SERVIÇO SOCIAL                                    ,3
42006015005P2,Política Social e Direitos Humanos,UNIVERSIDADE CATÓLICA DE PELOTAS,UCPEL,Aca.,SERVIÇO SOCIAL                                    ,5
12001015027P0,SERVIÇO SOCIAL,UNIVERSIDADE FEDERAL DO AMAZONAS,UFAM,Aca.,SERVIÇO SOCIAL                                    ,4
50001019023P1,POLÍTICA SOCIAL,UNIVERSIDADE FEDERAL DE MATO GROSSO,UFMT,Aca.,SERVIÇO SOCIAL                                    ,4
30013011001P6,POLÍTICAS PÚBLICAS E DESENVOLVIMENTO LOCAL,ESCOLA SUPERIOR DE CIÊNCIAS DA SANTA CASA DE MISERICÓRDIA DE VITÓRIA,EMESCAM,Aca.,SERVIÇO SOCIAL                                    ,3
27001016037P7,Serviço Social,UNIVERSIDADE FEDERAL DE SERGIPE,UFS,Aca.,SERVIÇO SOCIAL                                    ,4
31003010084P3,SERVIÇO SOCIAL E DESENVOLVIMENTO REGIONAL,UNIVERSIDADE FEDERAL FLUMINENSE,UFF,Aca.,SERVIÇO SOCIAL                                    ,4
22003010025P8,"Serviço Social, Trabalho e Questão Social",UNIVERSIDADE ESTADUAL DO CEARÁ,UECE,Aca.,SERVIÇO SOCIAL                                    ,4
24004014015P4,SERVIÇO SOCIAL,UNIVERSIDADE ESTADUAL DA PARAÍBA,UEPB,Aca.,SERVIÇO SOCIAL                                    ,3
40015017026P0,SERVIÇO SOCIAL,UNIVERSIDADE ESTADUAL DO OESTE DO PARANÁ,UNIOESTE,Aca.,SERVIÇO SOCIAL                                    ,3
23002018010P7,Serviço Social e Direitos Sociais,UNIVERSIDADE DO ESTADO DO RIO GRANDE DO NORTE,UERN,Aca.,SERVIÇO SOCIAL                                    ,3
42001013158P1,POLÍTICA SOCIAL E SERVIÇO SOCIAL,UNIVERSIDADE FEDERAL DO RIO GRANDE DO SUL,UFRGS,Aca.,SERVIÇO SOCIAL                                    ,4
33009015171P3,SERVIÇO SOCIAL E POLÍTICAS SOCIAIS,UNIVERSIDADE FEDERAL DE SÃO PAULO,UNIFESP,Aca.,SERVIÇO SOCIAL                                    ,3
28001010175P7,SERVIÇO SOCIAL,UNIVERSIDADE FEDERAL DA BAHIA,UFBA,Aca.,SERVIÇO SOCIAL                                    ,3
28022017015P6,Política Social e Territórios,UNIVERSIDADE FEDERAL DO RECÔNCAVO DA BAHIA,UFRB,Aca.,SERVIÇO SOCIAL                                    ,3
16003012175P2,SERVIÇO SOCIAL,UNIVERSIDADE FEDERAL DO TOCANTINS,UFT,Aca.,SERVIÇO SOCIAL                                    ,3
22001018037P3,FILOSOFIA,UNIVERSIDADE FEDERAL DO CEARÁ,UFC,Aca.,FILOSOFIA,4
23001011030P1,FILOSOFIA,UNIVERSIDADE FEDERAL DO RIO GRANDE DO NORTE,UFRN,Aca.,FILOSOFIA,5
24001015005P0,FILOSOFIA,UNIVERSIDADE FEDERAL DA PARAÍBA - CAMPUS JOÃO PESSOA,UFPB-JOÃO PESSOA,Aca.,FILOSOFIA,4
28001010042P7,FILOSOFIA,UNIVERSIDADE FEDERAL DA BAHIA,UFBA,Aca.,FILOSOFIA,6
31001017022P1,FILOSOFIA,UNIVERSIDADE FEDERAL DO RIO DE JANEIRO,UFRJ,Aca.,FILOSOFIA,5
31004016016P0,FILOSOFIA,UNIVERSIDADE DO ESTADO DO RIO DE JANEIRO,UERJ,Aca.,FILOSOFIA,5
31005012006P1,FILOSOFIA,PONTIFÍCIA UNIVERSIDADE CATÓLICA DO RIO DE JANEIRO,PUC-RIO,Aca.,FILOSOFIA,5
32001010012P9,FILOSOFIA,UNIVERSIDADE FEDERAL DE MINAS GERAIS,UFMG,Aca.,FILOSOFIA,7
33001014010P9,FILOSOFIA,UNIVERSIDADE FEDERAL DE SÃO CARLOS,UFSCAR,Aca.,FILOSOFIA,5
33002010031P2,FILOSOFIA,UNIVERSIDADE DE SÃO PAULO,USP,Aca.,FILOSOFIA,7
33003017066P7,FILOSOFIA,UNIVERSIDADE ESTADUAL DE CAMPINAS,UNICAMP,Aca.,FILOSOFIA,6
33004110041P1,FILOSOFIA,UNIVERSIDADE ESTADUAL PAULISTA JÚLIO DE MESQUITA FILHO - CAMPUS MARÍLIA,UNESP-MARÍLIA,Aca.,FILOSOFIA,5
33005010008P3,FILOSOFIA,PONTIFÍCIA UNIVERSIDADE CATÓLICA DE SÃO PAULO,PUCSP,Aca.,FILOSOFIA,6
40001016039P7,FILOSOFIA,UNIVERSIDADE FEDERAL DO PARANÁ,UFPR,Aca.,FILOSOFIA,5
40003019015P3,FILOSOFIA,PONTIFÍCIA UNIVERSIDADE CATÓLICA DO PARANÁ,PUCPR,Aca.,FILOSOFIA,6
41001010029P8,FILOSOFIA,UNIVERSIDADE FEDERAL DE SANTA CATARINA,UFSC,Aca.,FILOSOFIA,7
42001013032P8,FILOSOFIA,UNIVERSIDADE FEDERAL DO RIO GRANDE DO SUL,UFRGS,Aca.,FILOSOFIA,6
42002010002P1,FILOSOFIA,UNIVERSIDADE FEDERAL DE SANTA MARIA,UFSM,Aca.,FILOSOFIA,5
42005019004P0,FILOSOFIA,PONTIFÍCIA UNIVERSIDADE CATÓLICA DO RIO GRANDE DO SUL,PUCRS,Aca.,FILOSOFIA,7
42007011010P2,FILOSOFIA,UNIVERSIDADE DO VALE DO RIO DOS SINOS,UNISINOS,Aca.,FILOSOFIA,6
52001016011P9,FILOSOFIA,UNIVERSIDADE FEDERAL DE GOIÁS,UFG,Aca.,FILOSOFIA,5
53001010048P6,FILOSOFIA,UNIVERSIDADE DE BRASÍLIA,UNB,Aca.,FILOSOFIA,5
40015017005P2,FILOSOFIA,UNIVERSIDADE ESTADUAL DO OESTE DO PARANÁ,UNIOESTE,Aca.,FILOSOFIA,5
32029012003P4,FILOSOFIA,FACULDADE JESUÍTA DE FILOSOFIA E TEOLOGIA,FAJE,Aca.,FILOSOFIA,4
32007019012P7,Filosofia,UNIVERSIDADE FEDERAL DE OURO PRETO,UFOP,Aca.,FILOSOFIA,4
31001017123P2,LÓGICA E METAFÍSICA,UNIVERSIDADE FEDERAL DO RIO DE JANEIRO,UFRJ,Aca.,FILOSOFIA,5
32006012024P9,FILOSOFIA,UNIVERSIDADE FEDERAL DE UBERLÂNDIA,UFU,Aca.,FILOSOFIA,5
21001014015P7,FILOSOFIA,UNIVERSIDADE FEDERAL DO PIAUÍ,UFPI,Aca.,FILOSOFIA,5
42003016031P4,FILOSOFIA,UNIVERSIDADE FEDERAL DE PELOTAS,UFPEL,Aca.,FILOSOFIA,4
30001013037P6,FILOSOFIA,UNIVERSIDADE FEDERAL DO ESPÍRITO SANTO,UFES,Aca.,FILOSOFIA,4
40002012045P3,Filosofia,UNIVERSIDADE ESTADUAL DE LONDRINA,UEL,Aca.,FILOSOFIA,4
33009015072P5,FILOSOFIA,UNIVERSIDADE FEDERAL DE SÃO PAULO,UNIFESP,Aca.,FILOSOFIA,5
31003010081P4,FILOSOFIA,UNIVERSIDADE FEDERAL FLUMINENSE,UFF,Aca.,FILOSOFIA,4
15001016070P0,FILOSOFIA,UNIVERSIDADE FEDERAL DO PARÁ,UFPA,Aca.,FILOSOFIA,4
42008018011P5,Filosofia,UNIVERSIDADE DE CAXIAS DO SUL,UCS,Aca.,FILOSOFIA,4
27001016039P0,Filosofia,UNIVERSIDADE FEDERAL DE SERGIPE,UFS,Aca.,FILOSOFIA,4
40004015036P7,Filosofia,UNIVERSIDADE ESTADUAL DE MARINGÁ,UEM,Aca.,FILOSOFIA,4
31002013031P7,Filosofia,UNIVERSIDADE FEDERAL RURAL DO RIO DE JANEIRO,UFRRJ,Aca.,FILOSOFIA,4
50001019038P9,Filosofia,UNIVERSIDADE FEDERAL DE MATO GROSSO,UFMT,Aca.,FILOSOFIA,4
25001019094P5,FILOSOFIA,UNIVERSIDADE FEDERAL DE PERNAMBUCO,UFPE,Aca.,FILOSOFIA,4
33144010020P1,FILOSOFIA,UNIVERSIDADE FEDERAL DO ABC,UFABC,Aca.,FILOSOFIA,4
31022014008P9,FILOSOFIA E ENSINO,CENTRO FEDERAL DE EDUCAÇÃO TECNOLÓGICA CELSO SUCKOW DA FONSECA,CEFET-RJ,Prof.,FILOSOFIA,4
53001010109P5,METAFÍSICA,UNIVERSIDADE DE BRASÍLIA,UNB,Aca.,FILOSOFIA,5
32005016107P5,FILOSOFIA,UNIVERSIDADE FEDERAL DE JUIZ DE FORA,UFJF,Aca.,FILOSOFIA,3
41020014013P8,FILOSOFIA,UNIVERSIDADE FEDERAL DA FRONTEIRA SUL,UFFS,Aca.,FILOSOFIA,3
10001018043P0,FILOSOFIA,UNIVERSIDADE FEDERAL DE RONDÔNIA,UNIR,Aca.,FILOSOFIA,3
32018010045P0,FILOSOFIA,UNIVERSIDADE FEDERAL DE SÃO JOÃO DEL-REI,UFSJ,Aca.,FILOSOFIA,3
26001012172P9,FILOSOFIA,UNIVERSIDADE FEDERAL DE ALAGOAS,UFAL,Aca.,FILOSOFIA,3
32004010048P6,FILOSOFIA,UNIVERSIDADE FEDERAL DE LAVRAS,UFLA,Aca.,FILOSOFIA,3
22004017004P7,FILOSOFIA,UNIVERSIDADE ESTADUAL VALE DO ACARAÚ,UVA,Aca.,FILOSOFIA,3
25002015010P2,FILOSOFIA,UNIVERSIDADE CATÓLICA DE PERNAMBUCO,UNICAP,Aca.,FILOSOFIA,3
15001016034P4,SOCIOLOGIA E ANTROPOLOGIA,UNIVERSIDADE FEDERAL DO PARÁ,UFPA,Aca.,SOCIOLOGIA                                        ,5
20001010011P9,CIÊNCIAS SOCIAIS,UNIVERSIDADE FEDERAL DO MARANHÃO,UFMA,Aca.,SOCIOLOGIA                                        ,4
22001018008P3,SOCIOLOGIA,UNIVERSIDADE FEDERAL DO CEARÁ,UFC,Aca.,SOCIOLOGIA                                        ,5
22003010009P2,Sociologia,UNIVERSIDADE ESTADUAL DO CEARÁ,UECE,Aca.,SOCIOLOGIA                                        ,4
23001011004P0,CIÊNCIAS SOCIAIS,UNIVERSIDADE FEDERAL DO RIO GRANDE DO NORTE,UFRN,Aca.,SOCIOLOGIA                                        ,4
24001015004P3,SOCIOLOGIA,UNIVERSIDADE FEDERAL DA PARAÍBA - CAMPUS JOÃO PESSOA,UFPB-JOÃO PESSOA,Aca.,SOCIOLOGIA                                        ,5
25001019012P9,SOCIOLOGIA,UNIVERSIDADE FEDERAL DE PERNAMBUCO,UFPE,Aca.,SOCIOLOGIA                                        ,5
26001012013P8,SOCIOLOGIA,UNIVERSIDADE FEDERAL DE ALAGOAS,UFAL,Aca.,SOCIOLOGIA                                        ,4
27001016011P8,Sociologia,UNIVERSIDADE FEDERAL DE SERGIPE,UFS,Aca.,SOCIOLOGIA                                        ,5
28001010023P2,CIÊNCIAS SOCIAIS,UNIVERSIDADE FEDERAL DA BAHIA,UFBA,Aca.,SOCIOLOGIA                                        ,5
31001017020P9,SOCIOLOGIA E ANTROPOLOGIA,UNIVERSIDADE FEDERAL DO RIO DE JANEIRO,UFRJ,Aca.,SOCIOLOGIA                                        ,7
31002013007P9,"CIÊNCIAS SOCIAIS EM DESENVOLVIMENTO, AGRICULTURA E SOCIEDADE",UNIVERSIDADE FEDERAL RURAL DO RIO DE JANEIRO,UFRRJ,Aca.,SOCIOLOGIA                                        ,5
31004016020P8,CIÊNCIAS SOCIAIS,UNIVERSIDADE DO ESTADO DO RIO DE JANEIRO,UERJ,Aca.,SOCIOLOGIA                                        ,4
32001010033P6,SOCIOLOGIA,UNIVERSIDADE FEDERAL DE MINAS GERAIS,UFMG,Aca.,SOCIOLOGIA                                        ,6
32008015007P0,CIÊNCIAS SOCIAIS,PONTIFÍCIA UNIVERSIDADE CATÓLICA DE MINAS GERAIS,PUC MINAS,Aca.,SOCIOLOGIA                                        ,5
33002010028P1,SOCIOLOGIA,UNIVERSIDADE DE SÃO PAULO,USP,Aca.,SOCIOLOGIA                                        ,6
33003017015P3,SOCIOLOGIA,UNIVERSIDADE ESTADUAL DE CAMPINAS,UNICAMP,Aca.,SOCIOLOGIA                                        ,6
33003017039P0,CIÊNCIAS SOCIAIS,UNIVERSIDADE ESTADUAL DE CAMPINAS,UNICAMP,Aca.,SOCIOLOGIA                                        ,5
33004030017P7,Ciências Sociais,UNIVERSIDADE ESTADUAL PAULISTA JÚLIO DE MESQUITA FILHO - CAMPUS ARARAQUARA,UNESP-ARARAQUARA,Aca.,SOCIOLOGIA                                        ,4
33004110042P8,CIÊNCIAS SOCIAIS,UNIVERSIDADE ESTADUAL PAULISTA JÚLIO DE MESQUITA FILHO - CAMPUS MARÍLIA,UNESP-MARÍLIA,Aca.,SOCIOLOGIA                                        ,4
33005010006P0,CIÊNCIAS SOCIAIS,PONTIFÍCIA UNIVERSIDADE CATÓLICA DE SÃO PAULO,PUCSP,Aca.,SOCIOLOGIA                                        ,3
40001016032P2,SOCIOLOGIA,UNIVERSIDADE FEDERAL DO PARANÁ,UFPR,Aca.,SOCIOLOGIA                                        ,5
40002012017P0,Sociologia,UNIVERSIDADE ESTADUAL DE LONDRINA,UEL,Aca.,SOCIOLOGIA                                        ,4
41001010018P6,Sociologia e Ciência Política,UNIVERSIDADE FEDERAL DE SANTA CATARINA,UFSC,Aca.,SOCIOLOGIA                                        ,5
42001013012P7,SOCIOLOGIA,UNIVERSIDADE FEDERAL DO RIO GRANDE DO SUL,UFRGS,Aca.,SOCIOLOGIA                                        ,7
42007011011P9,CIÊNCIAS SOCIAIS,UNIVERSIDADE DO VALE DO RIO DOS SINOS,UNISINOS,Aca.,SOCIOLOGIA                                        ,5
52001016020P8,SOCIOLOGIA,UNIVERSIDADE FEDERAL DE GOIÁS,UFG,Aca.,SOCIOLOGIA                                        ,4
53001010009P0,SOCIOLOGIA,UNIVERSIDADE DE BRASÍLIA,UNB,Aca.,SOCIOLOGIA                                        ,7
53001010029P1,ESTUDOS COMPARADOS SOBRE AS AMÉRICAS,UNIVERSIDADE DE BRASÍLIA,UNB,Aca.,SOCIOLOGIA                                        ,4
31005012030P0,CIÊNCIAS SOCIAIS,PONTIFÍCIA UNIVERSIDADE CATÓLICA DO RIO DE JANEIRO,PUC-RIO,Aca.,SOCIOLOGIA                                        ,5
32005016011P8,CIÊNCIAS SOCIAIS,UNIVERSIDADE FEDERAL DE JUIZ DE FORA,UFJF,Aca.,SOCIOLOGIA                                        ,4
42005019030P0,Sociologia e Ciência Política,PONTIFÍCIA UNIVERSIDADE CATÓLICA DO RIO GRANDE DO SUL,PUCRS,Aca.,SOCIOLOGIA                                        ,6
42003016024P8,SOCIOLOGIA,UNIVERSIDADE FEDERAL DE PELOTAS,UFPEL,Aca.,SOCIOLOGIA                                        ,5
24009016019P1,CIÊNCIAS SOCIAIS,UNIVERSIDADE FEDERAL DE CAMPINA GRANDE,UFCG,Aca.,SOCIOLOGIA                                        ,4
31033016017P6,SOCIOLOGIA POLÍTICA,UNIVERSIDADE ESTADUAL DO NORTE FLUMINENSE DARCY RIBEIRO,UENF,Aca.,SOCIOLOGIA                                        ,5
33001014025P6,SOCIOLOGIA,UNIVERSIDADE FEDERAL DE SÃO CARLOS,UFSCAR,Aca.,SOCIOLOGIA                                        ,6
30001013035P3,CIÊNCIAS SOCIAIS,UNIVERSIDADE FEDERAL DO ESPÍRITO SANTO,UFES,Aca.,SOCIOLOGIA                                        ,4
42002010041P7,CIÊNCIAS SOCIAIS,UNIVERSIDADE FEDERAL DE SANTA MARIA,UFSM,Aca.,SOCIOLOGIA                                        ,4
40004015031P5,Ciências Sociais,UNIVERSIDADE ESTADUAL DE MARINGÁ,UEM,Aca.,SOCIOLOGIA                                        ,4
28022017005P0,Ciências Sociais,UNIVERSIDADE FEDERAL DO RECÔNCAVO DA BAHIA,UFRB,Aca.,SOCIOLOGIA                                        ,4
32006012028P4,Ciências Sociais,UNIVERSIDADE FEDERAL DE UBERLÂNDIA,UFU,Aca.,SOCIOLOGIA                                        ,3
33009015073P1,CIÊNCIAS SOCIAIS,UNIVERSIDADE FEDERAL DE SÃO PAULO,UNIFESP,Aca.,SOCIOLOGIA                                        ,4
31003010075P4,Sociologia,UNIVERSIDADE FEDERAL FLUMINENSE,UFF,Aca.,SOCIOLOGIA                                        ,4
31004016060P0,SOCIOLOGIA,UNIVERSIDADE DO ESTADO DO RIO DE JANEIRO,UERJ,Aca.,SOCIOLOGIA                                        ,7
21001014030P6,Sociologia,UNIVERSIDADE FEDERAL DO PIAUÍ,UFPI,Aca.,SOCIOLOGIA                                        ,3
31002013025P7,Ciências Sociais,UNIVERSIDADE FEDERAL RURAL DO RIO DE JANEIRO,UFRRJ,Aca.,SOCIOLOGIA                                        ,4
30011019005P9,Sociologia Política,UNIVERSIDADE VILA VELHA,UVV,Aca.,SOCIOLOGIA                                        ,4
51005018015P7,Sociologia,UNIVERSIDADE FEDERAL DA GRANDE DOURADOS,UFGD,Aca.,SOCIOLOGIA                                        ,4
31032010010P9,SOCIOLOGIA POLÍTICA,UNIVERSIDADE CÂNDIDO MENDES,UCAM,Aca.,SOCIOLOGIA                                        ,4
50001019101P2,SOCIOLOGIA,UNIVERSIDADE FEDERAL DE MATO GROSSO,UFMT,Aca.,SOCIOLOGIA                                        ,3
20001010044P4,SOCIOLOGIA,UNIVERSIDADE FEDERAL DO MARANHÃO,UFMA,Aca.,SOCIOLOGIA                                        ,3
25001019013P5,ANTROPOLOGIA,UNIVERSIDADE FEDERAL DE PERNAMBUCO,UFPE,Aca.,ANTROPOLOGIA / ARQUEOLOGIA                        ,5
25001019059P5,ARQUEOLOGIA,UNIVERSIDADE FEDERAL DE PERNAMBUCO,UFPE,Aca.,ANTROPOLOGIA / ARQUEOLOGIA                        ,5
31001017021P5,ANTROPOLOGIA SOCIAL,UNIVERSIDADE FEDERAL DO RIO DE JANEIRO,UFRJ,Aca.,ANTROPOLOGIA / ARQUEOLOGIA                        ,7
31003010031P7,ANTROPOLOGIA,UNIVERSIDADE FEDERAL FLUMINENSE,UFF,Aca.,ANTROPOLOGIA / ARQUEOLOGIA                        ,6
33002010029P8,CIÊNCIA SOCIAL (ANTROPOLOGIA SOCIAL),UNIVERSIDADE DE SÃO PAULO,USP,Aca.,ANTROPOLOGIA / ARQUEOLOGIA                        ,6
33002010151P8,ARQUEOLOGIA,UNIVERSIDADE DE SÃO PAULO,USP,Aca.,ANTROPOLOGIA / ARQUEOLOGIA                        ,6
33003017016P0,ANTROPOLOGIA SOCIAL,UNIVERSIDADE ESTADUAL DE CAMPINAS,UNICAMP,Aca.,ANTROPOLOGIA / ARQUEOLOGIA                        ,6
40001016027P9,Antropologia e Arqueologia,UNIVERSIDADE FEDERAL DO PARANÁ,UFPR,Aca.,ANTROPOLOGIA / ARQUEOLOGIA                        ,4
41001010017P0,ANTROPOLOGIA SOCIAL,UNIVERSIDADE FEDERAL DE SANTA CATARINA,UFSC,Aca.,ANTROPOLOGIA / ARQUEOLOGIA                        ,6
42001013034P0,ANTROPOLOGIA SOCIAL,UNIVERSIDADE FEDERAL DO RIO GRANDE DO SUL,UFRGS,Aca.,ANTROPOLOGIA / ARQUEOLOGIA                        ,7
53001010010P9,ANTROPOLOGIA,UNIVERSIDADE DE BRASÍLIA,UNB,Aca.,ANTROPOLOGIA / ARQUEOLOGIA                        ,7
23001011037P6,ANTROPOLOGIA SOCIAL,UNIVERSIDADE FEDERAL DO RIO GRANDE DO NORTE,UFRN,Aca.,ANTROPOLOGIA / ARQUEOLOGIA                        ,5
32001010072P1,ANTROPOLOGIA,UNIVERSIDADE FEDERAL DE MINAS GERAIS,UFMG,Aca.,ANTROPOLOGIA / ARQUEOLOGIA                        ,5
28001010058P0,ANTROPOLOGIA,UNIVERSIDADE FEDERAL DA BAHIA,UFBA,Aca.,ANTROPOLOGIA / ARQUEOLOGIA                        ,4
31001017125P5,ARQUEOLOGIA,UNIVERSIDADE FEDERAL DO RIO DE JANEIRO,UFRJ,Aca.,ANTROPOLOGIA / ARQUEOLOGIA                        ,5
33001014023P3,ANTROPOLOGIA SOCIAL,UNIVERSIDADE FEDERAL DE SÃO CARLOS,UFSCAR,Aca.,ANTROPOLOGIA / ARQUEOLOGIA                        ,5
12001015029P2,ANTROPOLOGIA SOCIAL,UNIVERSIDADE FEDERAL DO AMAZONAS,UFAM,Aca.,ANTROPOLOGIA / ARQUEOLOGIA                        ,4
52001016043P8,ANTROPOLOGIA SOCIAL,UNIVERSIDADE FEDERAL DE GOIÁS,UFG,Aca.,ANTROPOLOGIA / ARQUEOLOGIA                        ,5
21001014017P0,ANTROPOLOGIA,UNIVERSIDADE FEDERAL DO PIAUÍ,UFPI,Aca.,ANTROPOLOGIA / ARQUEOLOGIA                        ,3
27001016026P5,ANTROPOLOGIA,UNIVERSIDADE FEDERAL DE SERGIPE,UFS,Aca.,ANTROPOLOGIA / ARQUEOLOGIA                        ,3
15001016060P5,ANTROPOLOGIA,UNIVERSIDADE FEDERAL DO PARÁ,UFPA,Aca.,ANTROPOLOGIA / ARQUEOLOGIA                        ,5
27001016033P1,Arqueologia,UNIVERSIDADE FEDERAL DE SERGIPE,UFS,Aca.,ANTROPOLOGIA / ARQUEOLOGIA                        ,4
24001015060P0,Antropologia,UNIVERSIDADE FEDERAL DA PARAÍBA - CAMPUS JOÃO PESSOA,UFPB-JOÃO PESSOA,Aca.,ANTROPOLOGIA / ARQUEOLOGIA                        ,4
51005018013P4,Antropologia,UNIVERSIDADE FEDERAL DA GRANDE DOURADOS,UFGD,Aca.,ANTROPOLOGIA / ARQUEOLOGIA                        ,4
42003016045P5,Antropologia,UNIVERSIDADE FEDERAL DE PELOTAS,UFPEL,Aca.,ANTROPOLOGIA / ARQUEOLOGIA                        ,5
21001014032P9,Arqueologia,UNIVERSIDADE FEDERAL DO PIAUÍ,UFPI,Aca.,ANTROPOLOGIA / ARQUEOLOGIA                        ,3
20002017007P8,Cartografia Social e Política da Amazônia,UNIVERSIDADE ESTADUAL DO MARANHÃO,UEMA,Aca.,ANTROPOLOGIA / ARQUEOLOGIA                        ,4
50001019037P2,Antropologia Social,UNIVERSIDADE FEDERAL DE MATO GROSSO,UFMT,Aca.,ANTROPOLOGIA / ARQUEOLOGIA                        ,3
26001012082P0,ANTROPOLOGIA SOCIAL,UNIVERSIDADE FEDERAL DE ALAGOAS,UFAL,Aca.,ANTROPOLOGIA / ARQUEOLOGIA                        ,3
13001019039P0,ANTROPOLOGIA SOCIAL,UNIVERSIDADE FEDERAL DE RORAIMA,UFRR,Aca.,ANTROPOLOGIA / ARQUEOLOGIA                        ,3
22001018171P1,ANTROPOLOGIA,UNIVERSIDADE DA INTEGRAÇÃO INTERNACIONAL DA LUSOFONIA AFRO-BRASILEIRA,UNILAB,Aca.,ANTROPOLOGIA / ARQUEOLOGIA                        ,3
51001012174P2,ANTROPOLOGIA SOCIAL ,UNIVERSIDADE FEDERAL DE MATO GROSSO DO SUL,UFMS,Aca.,ANTROPOLOGIA / ARQUEOLOGIA                        ,3
25004018073P7,"CULTURAS AFRICANAS, DA DIÁSPORA, E DOS POVOS INDÍGENAS",UNIVERSIDADE DE PERNAMBUCO,UPE,Prof.,ANTROPOLOGIA / ARQUEOLOGIA                        ,1
31003010173P6,JUSTIÇA E SEGURANÇA,UNIVERSIDADE FEDERAL FLUMINENSE,UFF,Aca.,ANTROPOLOGIA / ARQUEOLOGIA                        ,3
28022017013P3,ARQUEOLOGIA E PATRIMÔNIO CULTURAL,UNIVERSIDADE FEDERAL DO RECÔNCAVO DA BAHIA,UFRB,Aca.,ANTROPOLOGIA / ARQUEOLOGIA                        ,3
15027007040P0,DIVERSIDADE SOCIOCULTURAL,MUSEU PARAENSE EMÍLIO GOELDI,MPEG,Aca.,ANTROPOLOGIA / ARQUEOLOGIA                        ,3
25020013043P9,ARQUEOLOGIA,UNIVERSIDADE FEDERAL DO VALE DO SÃO FRANCISCO,UNIVASF,Aca.,ANTROPOLOGIA / ARQUEOLOGIA                        ,3
15001016042P7,GEOGRAFIA,UNIVERSIDADE FEDERAL DO PARÁ,UFPA,Aca.,GEOGRAFIA                                         ,5
22001018044P0,GEOGRAFIA,UNIVERSIDADE FEDERAL DO CEARÁ,UFC,Aca.,GEOGRAFIA                                         ,6
22003010006P3,GEOGRAFIA,UNIVERSIDADE ESTADUAL DO CEARÁ,UECE,Aca.,GEOGRAFIA                                         ,4
23001011028P7,GEOGRAFIA,UNIVERSIDADE FEDERAL DO RIO GRANDE DO NORTE,UFRN,Aca.,GEOGRAFIA                                         ,5
24001015042P2,GEOGRAFIA,UNIVERSIDADE FEDERAL DA PARAÍBA - CAMPUS JOÃO PESSOA,UFPB-JOÃO PESSOA,Aca.,GEOGRAFIA                                         ,4
25001019016P4,GEOGRAFIA,UNIVERSIDADE FEDERAL DE PERNAMBUCO,UFPE,Aca.,GEOGRAFIA                                         ,5
27001016001P2,GEOGRAFIA,UNIVERSIDADE FEDERAL DE SERGIPE,UFS,Aca.,GEOGRAFIA                                         ,5
28001010032P1,GEOGRAFIA,UNIVERSIDADE FEDERAL DA BAHIA,UFBA,Aca.,GEOGRAFIA                                         ,4
31001017024P4,GEOGRAFIA,UNIVERSIDADE FEDERAL DO RIO DE JANEIRO,UFRJ,Aca.,GEOGRAFIA                                         ,7
31003010041P2,GEOGRAFIA,UNIVERSIDADE FEDERAL FLUMINENSE,UFF,Aca.,GEOGRAFIA                                         ,6
31004016035P5,GEOGRAFIA,UNIVERSIDADE DO ESTADO DO RIO DE JANEIRO,UERJ,Aca.,GEOGRAFIA                                         ,5
32001010037P1,GEOGRAFIA,UNIVERSIDADE FEDERAL DE MINAS GERAIS,UFMG,Aca.,GEOGRAFIA                                         ,6
32006012010P8,GEOGRAFIA,UNIVERSIDADE FEDERAL DE UBERLÂNDIA,UFU,Aca.,GEOGRAFIA                                         ,5
32008015003P4,Geografia - Tratamento da Informação Espacial,PONTIFÍCIA UNIVERSIDADE CATÓLICA DE MINAS GERAIS,PUC MINAS,Aca.,GEOGRAFIA                                         ,5
33002010034P1,GEOGRAFIA (GEOGRAFIA  FÍSICA),UNIVERSIDADE DE SÃO PAULO,USP,Aca.,GEOGRAFIA                                         ,6
33002010035P8,GEOGRAFIA (GEOGRAFIA HUMANA),UNIVERSIDADE DE SÃO PAULO,USP,Aca.,GEOGRAFIA                                         ,6
33003017080P0,GEOGRAFIA,UNIVERSIDADE ESTADUAL DE CAMPINAS,UNICAMP,Aca.,GEOGRAFIA                                         ,6
33004129042P3,GEOGRAFIA,UNIVERSIDADE ESTADUAL PAULISTA JÚLIO DE MESQUITA FILHO - CAMPUS PRESIDENTE PRUDENTE,UNESP-PRESIDENTE PRUDENTE,Aca.,GEOGRAFIA                                         ,7
33004137004P0,GEOGRAFIA,UNIVERSIDADE ESTADUAL PAULISTA JÚLIO DE MESQUITA FILHO - CAMPUS RIO CLARO,UNESP-RIO CLARO,Aca.,GEOGRAFIA                                         ,5
40001016035P1,GEOGRAFIA,UNIVERSIDADE FEDERAL DO PARANÁ,UFPR,Aca.,GEOGRAFIA                                         ,6
40002012021P7,GEOGRAFIA,UNIVERSIDADE ESTADUAL DE LONDRINA,UEL,Aca.,GEOGRAFIA                                         ,4
40004015012P0,GEOGRAFIA,UNIVERSIDADE ESTADUAL DE MARINGÁ,UEM,Aca.,GEOGRAFIA                                         ,5
41001010016P3,GEOGRAFIA,UNIVERSIDADE FEDERAL DE SANTA CATARINA,UFSC,Aca.,GEOGRAFIA                                         ,5
42001013065P3,GEOGRAFIA,UNIVERSIDADE FEDERAL DO RIO GRANDE DO SUL,UFRGS,Aca.,GEOGRAFIA                                         ,5
42002010025P1,GEOGRAFIA,UNIVERSIDADE FEDERAL DE SANTA MARIA,UFSM,Aca.,GEOGRAFIA                                         ,5
50001019006P0,GEOGRAFIA,UNIVERSIDADE FEDERAL DE MATO GROSSO,UFMT,Aca.,GEOGRAFIA                                         ,4
52001016012P5,GEOGRAFIA,UNIVERSIDADE FEDERAL DE GOIÁS,UFG,Aca.,GEOGRAFIA                                         ,6
53001010043P4,GEOGRAFIA,UNIVERSIDADE DE BRASÍLIA,UNB,Aca.,GEOGRAFIA                                         ,5
40005011010P4,GEOGRAFIA,UNIVERSIDADE ESTADUAL DE PONTA GROSSA,UEPG,Aca.,GEOGRAFIA                                         ,5
10001018005P0,GEOGRAFIA,UNIVERSIDADE FEDERAL DE RONDÔNIA,UNIR,Aca.,GEOGRAFIA                                         ,4
42004012015P5,GEOGRAFIA,UNIVERSIDADE FEDERAL DO RIO GRANDE,FURG,Aca.,GEOGRAFIA                                         ,4
31005012034P5,GEOGRAFIA,PONTIFÍCIA UNIVERSIDADE CATÓLICA DO RIO DE JANEIRO,PUC-RIO,Aca.,GEOGRAFIA                                         ,5
12001015026P3,GEOGRAFIA,UNIVERSIDADE FEDERAL DO AMAZONAS,UFAM,Aca.,GEOGRAFIA                                         ,4
40015017010P6,GEOGRAFIA,UNIVERSIDADE ESTADUAL DO OESTE DO PARANÁ,UNIOESTE,Aca.,GEOGRAFIA                                         ,5
51005018004P5,GEOGRAFIA,UNIVERSIDADE FEDERAL DA GRANDE DOURADOS,UFGD,Aca.,GEOGRAFIA                                         ,5
30001013034P7,GEOGRAFIA,UNIVERSIDADE FEDERAL DO ESPÍRITO SANTO,UFES,Aca.,GEOGRAFIA                                         ,4
51001012027P0,GEOGRAFIA,UNIVERSIDADE FEDERAL DE MATO GROSSO DO SUL,UFMS,Aca.,GEOGRAFIA                                         ,4
40014010005P6,Geografia,UNIVERSIDADE ESTADUAL DO CENTRO-OESTE,UNICENTRO,Aca.,GEOGRAFIA                                         ,4
33004129047P5,GEOGRAFIA,UNIVERSIDADE ESTADUAL PAULISTA JÚLIO DE MESQUITA FILHO - CAMPUS PRESIDENTE PRUDENTE,UNESP-PRESIDENTE PRUDENTE,Prof.,GEOGRAFIA                                         ,4
13001019006P5,Geografia,UNIVERSIDADE FEDERAL DE RORAIMA,UFRR,Aca.,GEOGRAFIA                                         ,4
40015017018P7,Geografia,UNIVERSIDADE ESTADUAL DO OESTE DO PARANÁ,UNIOESTE,Aca.,GEOGRAFIA                                         ,4
16003012009P5,GEOGRAFIA,UNIVERSIDADE FEDERAL DO TOCANTINS,UFT,Aca.,GEOGRAFIA                                         ,4
21001014027P5,Geografia,UNIVERSIDADE FEDERAL DO PIAUÍ,UFPI,Aca.,GEOGRAFIA                                         ,4
32005016035P4,GEOGRAFIA,UNIVERSIDADE FEDERAL DE JUIZ DE FORA,UFJF,Aca.,GEOGRAFIA                                         ,5
31004016062P2,GEOGRAFIA,UNIVERSIDADE DO ESTADO DO RIO DE JANEIRO,UERJ,Aca.,GEOGRAFIA                                         ,4
42003016047P8,Geografia,UNIVERSIDADE FEDERAL DE PELOTAS,UFPEL,Aca.,GEOGRAFIA                                         ,4
22004017003P0,Geografia,UNIVERSIDADE ESTADUAL VALE DO ACARAÚ,UVA,Aca.,GEOGRAFIA                                         ,4
28002016016P9,Planejamento Territorial,UNIVERSIDADE ESTADUAL DE FEIRA DE SANTANA,UEFS,Prof.,GEOGRAFIA                                         ,4
50001019036P6,GEOGRAFIA,UNIVERSIDADE FEDERAL DE MATO GROSSO,UFMT,Aca.,GEOGRAFIA                                         ,3
33004013068P6,DESENVOLVIMENTO TERRITORIAL NA AMÉRICA LATINA E CARIBE,UNIVERSIDADE ESTADUAL PAULISTA JÚLIO DE MESQUITA FILHO,UNESP,Aca.,GEOGRAFIA                                         ,4
31003010095P5,Geografia,UNIVERSIDADE FEDERAL FLUMINENSE,UFF,Aca.,GEOGRAFIA                                         ,4
51001012039P8,Geografia,UNIVERSIDADE FEDERAL DE MATO GROSSO DO SUL,UFMS,Aca.,GEOGRAFIA                                         ,3
26001012038P0,Geografia,UNIVERSIDADE FEDERAL DE ALAGOAS,UFAL,Aca.,GEOGRAFIA                                         ,4
32018010016P0,GEOGRAFIA,UNIVERSIDADE FEDERAL DE SÃO JOÃO DEL-REI,UFSJ,Aca.,GEOGRAFIA                                         ,4
32014015011P3,GEOGRAFIA,UNIVERSIDADE ESTADUAL DE MONTES CLAROS,UNIMONTES,Aca.,GEOGRAFIA                                         ,4
32006012070P0,GEOGRAFIA,UNIVERSIDADE FEDERAL DE UBERLÂNDIA,UFU,Aca.,GEOGRAFIA                                         ,4
23001011078P4,GEOGRAFIA ,UNIVERSIDADE FEDERAL DO RIO GRANDE DO NORTE,UFRN,Prof.,GEOGRAFIA                                         ,4
50002015102P5,GEOGRAFIA ,UNIVERSIDADE DO ESTADO DE MATO GROSSO CARLOS ALBERTO REYES MALDONADO,UNEMAT,Aca.,GEOGRAFIA                                         ,4
20002017039P7,"GEOGRAFIA, NATUREZA E DINÂMICA DO ESPAÇO",UNIVERSIDADE ESTADUAL DO MARANHÃO,UEMA,Aca.,GEOGRAFIA                                         ,4
31002013157P0,GEOGRAFIA,UNIVERSIDADE FEDERAL RURAL DO RIO DE JANEIRO,UFRRJ,Aca.,GEOGRAFIA                                         ,4
28006011170P3,GEOGRAFIA ,UNIVERSIDADE ESTADUAL DO SUDOESTE DA BAHIA,UESB,Aca.,GEOGRAFIA                                         ,4
23002018074P5,GEOGRAFIA,UNIVERSIDADE DO ESTADO DO RIO GRANDE DO NORTE,UERN,Aca.,GEOGRAFIA                                         ,4
33001014071P8,GEOGRAFIA,UNIVERSIDADE FEDERAL DE SÃO CARLOS,UFSCAR,Aca.,GEOGRAFIA                                         ,4
52012018012P3,GEOGRAFIA,UNIVERSIDADE ESTADUAL DE GOIÁS,UEG,Aca.,GEOGRAFIA                                         ,3
32002017051P0,GEOGRAFIA,UNIVERSIDADE FEDERAL DE VIÇOSA,UFV,Aca.,GEOGRAFIA                                         ,3
20001010047P3,"GEOGRAFIA, AMBIENTE E SOCIEDADE",UNIVERSIDADE FEDERAL DO MARANHÃO,UFMA,Aca.,GEOGRAFIA                                         ,3
41020014014P4,GEOGRAFIA,UNIVERSIDADE FEDERAL DA FRONTEIRA SUL,UFFS,Aca.,GEOGRAFIA                                         ,3
32011016045P6,GEOGRAFIA,UNIVERSIDADE FEDERAL DE ALFENAS,UNIFAL-MG,Aca.,GEOGRAFIA                                         ,3
28005015074P8,ESTUDOS TERRITORIAIS ,UNIVERSIDADE DO ESTADO DA BAHIA,UNEB,Aca.,GEOGRAFIA                                         ,3
23001011180P3,GEOGRAFIA,UNIVERSIDADE FEDERAL DO RIO GRANDE DO NORTE,UFRN,Aca.,GEOGRAFIA                                         ,3
15006018011P6,GEOGRAFIA,UNIVERSIDADE DO ESTADO DO PARÁ,UEPA,Aca.,GEOGRAFIA                                         ,3
21003017002P5,ANÁLISE E PLANEJAMENTO ESPACIAL ,"INSTITUTO FEDERAL DE EDUCAÇÃO, CIÊNCIA E TECNOLOGIA DO PIAUÍ",IFPI,Prof.,GEOGRAFIA                                         ,3
14001012161P3,GEOGRAFIA,UNIVERSIDADE FEDERAL DO AMAPÁ,UNIFAP,Aca.,GEOGRAFIA                                         ,3
11001011076P8,GEOGRAFIA,UNIVERSIDADE FEDERAL DO ACRE,UFAC,Aca.,GEOGRAFIA                                         ,3
52060004005P8,GEOGRAFIA ,UNIVERSIDADE FEDERAL DE JATAÍ,UFJ,Aca.,GEOGRAFIA                                         ,4
52059006010P7,GEOGRAFIA,UNIVERSIDADE FEDERAL DE CATALÃO,UFCAT,Aca.,GEOGRAFIA                                         ,4
15001016009P0,PSICOLOGIA (TEORIA E PESQUISA DO COMPORTAMENTO),UNIVERSIDADE FEDERAL DO PARÁ,UFPA,Aca.,PSICOLOGIA                                        ,6
22001018043P3,PSICOLOGIA,UNIVERSIDADE FEDERAL DO CEARÁ,UFC,Aca.,PSICOLOGIA                                        ,4
22002014005P0,PSICOLOGIA,UNIVERSIDADE DE FORTALEZA,UNIFOR,Aca.,PSICOLOGIA                                        ,5
23001011003P4,PSICOBIOLOGIA,UNIVERSIDADE FEDERAL DO RIO GRANDE DO NORTE,UFRN,Aca.,PSICOLOGIA                                        ,6
23001011025P8,PSICOLOGIA,UNIVERSIDADE FEDERAL DO RIO GRANDE DO NORTE,UFRN,Aca.,PSICOLOGIA                                        ,5
25001019018P7,PSICOLOGIA COGNITIVA,UNIVERSIDADE FEDERAL DE PERNAMBUCO,UFPE,Aca.,PSICOLOGIA                                        ,5
25002015001P3,PSICOLOGIA CLÍNICA,UNIVERSIDADE CATÓLICA DE PERNAMBUCO,UNICAP,Aca.,PSICOLOGIA                                        ,4
28001010044P0,PSICOLOGIA,UNIVERSIDADE FEDERAL DA BAHIA,UFBA,Aca.,PSICOLOGIA                                        ,6
30001013006P3,PSICOLOGIA,UNIVERSIDADE FEDERAL DO ESPÍRITO SANTO,UFES,Aca.,PSICOLOGIA                                        ,5
31001017097P1,TEORIA PSICANALÍTICA,UNIVERSIDADE FEDERAL DO RIO DE JANEIRO,UFRJ,Aca.,PSICOLOGIA                                        ,5
31001017098P8,PSICOLOGIA,UNIVERSIDADE FEDERAL DO RIO DE JANEIRO,UFRJ,Aca.,PSICOLOGIA                                        ,5
31001017101P9,PSICOSSOCIOLOGIA DE COMUNID.E ECOLOGIA SOCIAL,UNIVERSIDADE FEDERAL DO RIO DE JANEIRO,UFRJ,Aca.,PSICOLOGIA                                        ,4
31003010043P5,PSICOLOGIA,UNIVERSIDADE FEDERAL FLUMINENSE,UFF,Aca.,PSICOLOGIA                                        ,4
31004016013P1,PSICOLOGIA SOCIAL,UNIVERSIDADE DO ESTADO DO RIO DE JANEIRO,UERJ,Aca.,PSICOLOGIA                                        ,5
31004016027P2,PSICANÁLISE,UNIVERSIDADE DO ESTADO DO RIO DE JANEIRO,UERJ,Aca.,PSICOLOGIA                                        ,4
31005012009P0,PSICOLOGIA (PSICOLOGIA CLÍNICA),PONTIFÍCIA UNIVERSIDADE CATÓLICA DO RIO DE JANEIRO,PUC-RIO,Aca.,PSICOLOGIA                                        ,6
32001010041P9,PSICOLOGIA,UNIVERSIDADE FEDERAL DE MINAS GERAIS,UFMG,Aca.,PSICOLOGIA                                        ,5
32006012021P0,PSICOLOGIA,UNIVERSIDADE FEDERAL DE UBERLÂNDIA,UFU,Aca.,PSICOLOGIA                                        ,4
33002010037P0,PSICOLOGIA (PSICOLOGIA EXPERIMENTAL),UNIVERSIDADE DE SÃO PAULO,USP,Aca.,PSICOLOGIA                                        ,7
33002010038P7,PSICOLOGIA ESCOLAR E DO DESENVOLVIMENTO HUMANO,UNIVERSIDADE DE SÃO PAULO,USP,Aca.,PSICOLOGIA                                        ,4
33002010039P3,PSICOLOGIA CLÍNICA,UNIVERSIDADE DE SÃO PAULO,USP,Aca.,PSICOLOGIA                                        ,5
33002010040P1,PSICOLOGIA SOCIAL,UNIVERSIDADE DE SÃO PAULO,USP,Aca.,PSICOLOGIA                                        ,4
33002010162P0,NEUROCIÊNCIAS E COMPORTAMENTO,UNIVERSIDADE DE SÃO PAULO,USP,Aca.,PSICOLOGIA                                        ,5
33002029020P6,PSICOBIOLOGIA,UNIVERSIDADE DE SÃO PAULO - CAMPUS RIBEIRÃO PRETO,USP-RIBEIRÃO PRETO,Aca.,PSICOLOGIA                                        ,6
33002029030P1,PSICOLOGIA,UNIVERSIDADE DE SÃO PAULO - CAMPUS RIBEIRÃO PRETO,USP-RIBEIRÃO PRETO,Aca.,PSICOLOGIA                                        ,6
33004048021P6,PSICOLOGIA,UNIVERSIDADE ESTADUAL PAULISTA JÚLIO DE MESQUITA FILHO - CAMPUS ASSIS,UNESP-ASSIS,Aca.,PSICOLOGIA                                        ,4
33005010013P7,PSICOLOGIA (PSICOLOGIA SOCIAL),PONTIFÍCIA UNIVERSIDADE CATÓLICA DE SÃO PAULO,PUCSP,Aca.,PSICOLOGIA                                        ,5
33005010014P3,PSICOLOGIA (PSICOLOGIA CLÍNICA),PONTIFÍCIA UNIVERSIDADE CATÓLICA DE SÃO PAULO,PUCSP,Aca.,PSICOLOGIA                                        ,4
33005010026P1,PSICOLOGIA EXPERIMENTAL: ANÁLISE DO COMPORTAMENTO,PONTIFÍCIA UNIVERSIDADE CATÓLICA DE SÃO PAULO,PUCSP,Aca.,PSICOLOGIA                                        ,4
33006016002P8,PSICOLOGIA,PONTIFÍCIA UNIVERSIDADE CATÓLICA DE CAMPINAS,PUC-CAMPINAS,Aca.,PSICOLOGIA                                        ,5
33017018002P6,PSICOLOGIA DA SAÚDE,UNIVERSIDADE METODISTA DE SÃO PAULO,UMESP,Aca.,PSICOLOGIA                                        ,4
33050015005P8,PSICOLOGIA,UNIVERSIDADE SÃO FRANCISCO,USF,Aca.,PSICOLOGIA                                        ,7
41001010036P4,PSICOLOGIA,UNIVERSIDADE FEDERAL DE SANTA CATARINA,UFSC,Aca.,PSICOLOGIA                                        ,5
42001013047P5,PSICOLOGIA,UNIVERSIDADE FEDERAL DO RIO GRANDE DO SUL,UFRGS,Aca.,PSICOLOGIA                                        ,7
42001013064P7,PSICOLOGIA SOCIAL E INSTITUCIONAL,UNIVERSIDADE FEDERAL DO RIO GRANDE DO SUL,UFRGS,Aca.,PSICOLOGIA                                        ,5
42005019006P2,PSICOLOGIA,PONTIFÍCIA UNIVERSIDADE CATÓLICA DO RIO GRANDE DO SUL,PUCRS,Aca.,PSICOLOGIA                                        ,7
51002019004P6,PSICOLOGIA,UNIVERSIDADE CATÓLICA DOM BOSCO,UCDB,Aca.,PSICOLOGIA                                        ,4
52002012001P0,PSICOLOGIA,PONTIFÍCIA UNIVERSIDADE CATÓLICA DE GOIÁS,PUC GOIÁS,Aca.,PSICOLOGIA                                        ,4
53003012002P5,PSICOLOGIA,UNIVERSIDADE CATÓLICA DE BRASÍLIA,UCB,Aca.,PSICOLOGIA                                        ,5
40002012028P1,ANÁLISE DO COMPORTAMENTO,UNIVERSIDADE ESTADUAL DE LONDRINA,UEL,Aca.,PSICOLOGIA                                        ,5
15001016045P6,PSICOLOGIA,UNIVERSIDADE FEDERAL DO PARÁ,UFPA,Aca.,PSICOLOGIA                                        ,4
32008015012P3,PSICOLOGIA,PONTIFÍCIA UNIVERSIDADE CATÓLICA DE MINAS GERAIS,PUC MINAS,Aca.,PSICOLOGIA                                        ,5
33004056085P0,PSICOLOGIA DO DESENVOLVIMENTO E APRENDIZAGEM,UNIVERSIDADE ESTADUAL PAULISTA JÚLIO DE MESQUITA FILHO - CAMPUS BAURU,UNESP-BAURU,Aca.,PSICOLOGIA                                        ,5
53001010062P9,Psicologia do Desenvolvimento e Escolar,UNIVERSIDADE DE BRASÍLIA,UNB,Aca.,PSICOLOGIA                                        ,5
53001010064P1,PSICOLOGIA CLÍNICA E CULTURA,UNIVERSIDADE DE BRASÍLIA,UNB,Aca.,PSICOLOGIA                                        ,5
53001010065P8,"PSICOLOGIA SOCIAL, DO TRABALHO E DAS ORGANIZAÇÕES (PSTO)",UNIVERSIDADE DE BRASÍLIA,UNB,Aca.,PSICOLOGIA                                        ,6
25001019066P1,PSICOLOGIA,UNIVERSIDADE FEDERAL DE PERNAMBUCO,UFPE,Aca.,PSICOLOGIA                                        ,5
31025013004P2,PSICOLOGIA,UNIVERSIDADE SALGADO DE OLIVEIRA,UNIVERSO,Aca.,PSICOLOGIA                                        ,5
42007011016P0,PSICOLOGIA,UNIVERSIDADE DO VALE DO RIO DOS SINOS,UNISINOS,Aca.,PSICOLOGIA                                        ,5
40004015028P4,PSICOLOGIA,UNIVERSIDADE ESTADUAL DE MARINGÁ,UEM,Aca.,PSICOLOGIA                                        ,4
30001013028P7,PSICOLOGIA INSTITUCIONAL,UNIVERSIDADE FEDERAL DO ESPÍRITO SANTO,UFES,Aca.,PSICOLOGIA                                        ,4
53001010068P7,CIÊNCIAS DO COMPORTAMENTO,UNIVERSIDADE DE BRASÍLIA,UNB,Aca.,PSICOLOGIA                                        ,4
33079013002P0,PSICOLOGIA EDUCACIONAL,CENTRO UNIVERSITÁRIO FIEO,UNIFIEO,Aca.,PSICOLOGIA                                        ,3
27001016022P0,Psicologia,UNIVERSIDADE FEDERAL DE SERGIPE,UFS,Aca.,PSICOLOGIA                                        ,4
33001014031P6,PSICOLOGIA,UNIVERSIDADE FEDERAL DE SÃO CARLOS,UFSCAR,Aca.,PSICOLOGIA                                        ,6
32018010005P9,PSICOLOGIA,UNIVERSIDADE FEDERAL DE SÃO JOÃO DEL-REI,UFSJ,Aca.,PSICOLOGIA                                        ,4
32005016025P9,PSICOLOGIA,UNIVERSIDADE FEDERAL DE JUIZ DE FORA,UFJF,Aca.,PSICOLOGIA                                        ,5
42002010046P9,PSICOLOGIA,UNIVERSIDADE FEDERAL DE SANTA MARIA,UFSM,Aca.,PSICOLOGIA                                        ,5
12001015036P9,PSICOLOGIA,UNIVERSIDADE FEDERAL DO AMAZONAS,UFAM,Aca.,PSICOLOGIA                                        ,4
40001016067P0,PSICOLOGIA,UNIVERSIDADE FEDERAL DO PARANÁ,UFPR,Aca.,PSICOLOGIA                                        ,5
10001018009P6,PSICOLOGIA,UNIVERSIDADE FEDERAL DE RONDÔNIA,UNIR,Aca.,PSICOLOGIA                                        ,4
40020010004P6,PSICOLOGIA FORENSE,UNIVERSIDADE TUIUTI DO PARANÁ,UTP,Aca.,PSICOLOGIA                                        ,4
26001012032P2,Psicologia,UNIVERSIDADE FEDERAL DE ALAGOAS,UFAL,Aca.,PSICOLOGIA                                        ,4
51001012032P3,Psicologia,UNIVERSIDADE FEDERAL DE MATO GROSSO DO SUL,UFMS,Aca.,PSICOLOGIA                                        ,4
53005015002P8,Psicologia,CENTRO UNIVERSITÁRIO DE BRASÍLIA,UNICEUB,Aca.,PSICOLOGIA                                        ,4
20001010027P2,PSICOLOGIA,UNIVERSIDADE FEDERAL DO MARANHÃO,UFMA,Aca.,PSICOLOGIA                                        ,3
24001015063P0,Psicologia Social,UNIVERSIDADE FEDERAL DA PARAÍBA - CAMPUS JOÃO PESSOA,UFPB-JOÃO PESSOA,Aca.,PSICOLOGIA                                        ,5
31002013027P0,Psicologia,UNIVERSIDADE FEDERAL RURAL DO RIO DE JANEIRO,UFRRJ,Aca.,PSICOLOGIA                                        ,4
31019013003P0,PSICOLOGIA,UNIVERSIDADE CATÓLICA DE PETRÓPOLIS,UCP,Aca.,PSICOLOGIA                                        ,3
33278016001P1,Análise do Comportamento Aplicada,INSTITUTO PAR EDUCAÇÃO,PAR,Prof.,PSICOLOGIA                                        ,4
33031010003P8,Psicologia e Saúde,FACULDADE DE MEDICINA DE SÃO JOSÉ DO RIO PRETO,FAMERP,Aca.,PSICOLOGIA                                        ,3
24001015067P5,Neurociência Cognitiva e Comportamento,UNIVERSIDADE FEDERAL DA PARAÍBA - CAMPUS JOÃO PESSOA,UFPB-JOÃO PESSOA,Aca.,PSICOLOGIA                                        ,5
33281017001P9,Psicogerontologia,INSTITUTO EDUCATIE,EDUCATIE,Prof.,PSICOLOGIA                                        ,1
24004014018P3,Psicologia da Saúde,UNIVERSIDADE ESTADUAL DA PARAÍBA,UEPB,Aca.,PSICOLOGIA                                        ,4
52001016071P1,Psicologia,UNIVERSIDADE FEDERAL DE GOIÁS,UFG,Aca.,PSICOLOGIA                                        ,3
15001016084P1,Neurociências e Comportamento,UNIVERSIDADE FEDERAL DO PARÁ,UFPA,Aca.,PSICOLOGIA                                        ,4
42001013107P8,Psicanálise: Clínica e Cultura,UNIVERSIDADE FEDERAL DO RIO GRANDE DO SUL,UFRGS,Aca.,PSICOLOGIA                                        ,4
31001017165P7,ATENÇÃO PSICOSSOCIAL,UNIVERSIDADE FEDERAL DO RIO DE JANEIRO,UFRJ,Prof.,PSICOLOGIA                                        ,4
31004016159P6,PSICANÁLISE ,UNIVERSIDADE DO ESTADO DO RIO DE JANEIRO,UERJ,Prof.,PSICOLOGIA                                        ,3
25004018071P4,PRÁTICAS E INOVAÇÃO EM SAÚDE MENTAL,UNIVERSIDADE DE PERNAMBUCO,UPE,Prof.,PSICOLOGIA                                        ,4
23004010005P6,PSICOLOGIA ORGANIZACIONAL E DO TRABALHO,UNIVERSIDADE POTIGUAR,UNP,Prof.,PSICOLOGIA                                        ,3
32012012070P7,PSICOLOGIA,UNIVERSIDADE FEDERAL DO TRIÂNGULO MINEIRO,UFTM,Aca.,PSICOLOGIA                                        ,4
25020013009P5,PSICOLOGIA,UNIVERSIDADE FEDERAL DO VALE DO SÃO FRANCISCO,UNIVASF,Aca.,PSICOLOGIA                                        ,3
51005018101P0,PSICOLOGIA,UNIVERSIDADE FEDERAL DA GRANDE DOURADOS,UFGD,Aca.,PSICOLOGIA                                        ,3
42015014012P4,PSICOLOGIA E SAÚDE,UNIVERSIDADE FEDERAL DE CIÊNCIAS DA SAÚDE DE PORTO ALEGRE,UFCSPA,Aca.,PSICOLOGIA                                        ,4
25025015002P2,PSICOLOGIA DA SAÚDE,FACULDADE PERNAMBUCANA DE SAÚDE,FPS,Prof.,PSICOLOGIA                                        ,3
32001010173P2,PSICOLOGIA: COGNIÇÃO E COMPORTAMENTO,UNIVERSIDADE FEDERAL DE MINAS GERAIS,UFMG,Aca.,PSICOLOGIA                                        ,5
50001019171P0,PSICOLOGIA,UNIVERSIDADE FEDERAL DE MATO GROSSO,UFMT,Aca.,PSICOLOGIA                                        ,3
42051010006P6,PSICOLOGIA,FACULDADE ATITUS EDUCAÇÃO PASSO FUNDO,ATITUS EDUCAÇÃO,Aca.,PSICOLOGIA                                        ,4
33057010004P0,PSICOLOGIA,UNIVERSIDADE IBIRAPUERA,UNIB,Aca.,PSICOLOGIA                                        ,3
40002012173P1,PSICOLOGIA,UNIVERSIDADE ESTADUAL DE LONDRINA,UEL,Aca.,PSICOLOGIA                                        ,4
33020019006P9,PSICOLOGIA DESENVOLVIMENTO E POLÍTICAS PÚBLICAS,UNIVERSIDADE CATÓLICA DE SANTOS,UNISANTOS,Prof.,PSICOLOGIA                                        ,3
28001010173P4,PSICOLOGIA DA SAÚDE,UNIVERSIDADE FEDERAL DA BAHIA,UFBA,Prof.,PSICOLOGIA                                        ,3
22001018176P3,PSICOLOGIA E POLÍTICAS PÚBLICAS,UNIVERSIDADE FEDERAL DO CEARÁ,UFC,Prof.,PSICOLOGIA                                        ,4
28008014005P5,PSICOLOGIA E INTERVENÇÕES EM SAÚDE,ESCOLA BAHIANA DE MEDICINA E SAÚDE PÚBLICA,EBMSP,Prof.,PSICOLOGIA                                        ,3
42004012160P5,PSICOLOGIA,UNIVERSIDADE FEDERAL DO RIO GRANDE,FURG,Aca.,PSICOLOGIA                                        ,3
42008018037P4,PSICOLOGIA,UNIVERSIDADE DE CAXIAS DO SUL,UCS,Prof.,PSICOLOGIA                                        ,3
42020018009P3,PSICOLOGIA,UNIVERSIDADE DE SANTA CRUZ DO SUL,UNISC,Prof.,PSICOLOGIA                                        ,4
41005015013P6,Psicologia,UNIVERSIDADE DO VALE DO ITAJAÍ,UNIVALI,Prof.,PSICOLOGIA                                        ,3
42041015012P4,PSICOLOGIA,UNIVERSIDADE FEEVALE,FEEVALE,Aca.,PSICOLOGIA                                        ,3
22042008004P6,PSICOLOGIA,UNIVERSIDADE FEDERAL DO DELTA DO PARNAÍBA,UFDPAR,Aca.,PSICOLOGIA                                        ,4
12001015001P0,EDUCAÇÃO,UNIVERSIDADE FEDERAL DO AMAZONAS,UFAM,Aca.,EDUCAÇÃO                                          ,4
15001016035P0,EDUCAÇÃO,UNIVERSIDADE FEDERAL DO PARÁ,UFPA,Aca.,EDUCAÇÃO                                          ,5
20001010008P8,EDUCAÇÃO,UNIVERSIDADE FEDERAL DO MARANHÃO,UFMA,Aca.,EDUCAÇÃO                                          ,4
21001014001P6,EDUCAÇÃO,UNIVERSIDADE FEDERAL DO PIAUÍ,UFPI,Aca.,EDUCAÇÃO                                          ,5
22001018001P9,EDUCAÇÃO,UNIVERSIDADE FEDERAL DO CEARÁ,UFC,Aca.,EDUCAÇÃO                                          ,4
22003010010P0,EDUCAÇÃO,UNIVERSIDADE ESTADUAL DO CEARÁ,UECE,Aca.,EDUCAÇÃO                                          ,5
23001011001P1,EDUCAÇÃO,UNIVERSIDADE FEDERAL DO RIO GRANDE DO NORTE,UFRN,Aca.,EDUCAÇÃO                                          ,5
24001015001P4,EDUCAÇÃO,UNIVERSIDADE FEDERAL DA PARAÍBA - CAMPUS JOÃO PESSOA,UFPB-JOÃO PESSOA,Aca.,EDUCAÇÃO                                          ,4
25001019001P7,EDUCAÇÃO,UNIVERSIDADE FEDERAL DE PERNAMBUCO,UFPE,Aca.,EDUCAÇÃO                                          ,5
26001012011P5,EDUCAÇÃO,UNIVERSIDADE FEDERAL DE ALAGOAS,UFAL,Aca.,EDUCAÇÃO                                          ,3
27001016003P5,EDUCAÇÃO,UNIVERSIDADE FEDERAL DE SERGIPE,UFS,Aca.,EDUCAÇÃO                                          ,5
28001010001P9,EDUCAÇÃO,UNIVERSIDADE FEDERAL DA BAHIA,UFBA,Aca.,EDUCAÇÃO                                          ,6
28005015001P0,EDUCAÇÃO E CONTEMPORANEIDADE,UNIVERSIDADE DO ESTADO DA BAHIA,UNEB,Aca.,EDUCAÇÃO                                          ,4
30001013001P1,EDUCAÇÃO,UNIVERSIDADE FEDERAL DO ESPÍRITO SANTO,UFES,Aca.,EDUCAÇÃO                                          ,6
31001017001P4,EDUCAÇÃO,UNIVERSIDADE FEDERAL DO RIO DE JANEIRO,UFRJ,Aca.,EDUCAÇÃO                                          ,6
31003010001P0,EDUCAÇÃO,UNIVERSIDADE FEDERAL FLUMINENSE,UFF,Aca.,EDUCAÇÃO                                          ,5
31004016006P5,EDUCAÇÃO,UNIVERSIDADE DO ESTADO DO RIO DE JANEIRO,UERJ,Aca.,EDUCAÇÃO                                          ,7
31005012001P0,EDUCAÇÃO,PONTIFÍCIA UNIVERSIDADE CATÓLICA DO RIO DE JANEIRO,PUC-RIO,Aca.,EDUCAÇÃO                                          ,6
31018017010P0,EDUCAÇÃO,UNIVERSIDADE ESTÁCIO DE SÁ,UNESA,Aca.,EDUCAÇÃO                                          ,4
31019013001P7,EDUCAÇÃO,UNIVERSIDADE CATÓLICA DE PETRÓPOLIS,UCP,Aca.,EDUCAÇÃO                                          ,4
31021018007P6,EDUCAÇÃO,UNIVERSIDADE FEDERAL DO ESTADO DO RIO DE JANEIRO,UNIRIO,Aca.,EDUCAÇÃO                                          ,5
32001010001P7,EDUCAÇÃO,UNIVERSIDADE FEDERAL DE MINAS GERAIS,UFMG,Aca.,EDUCAÇÃO                                          ,7
32005016007P0,EDUCAÇÃO,UNIVERSIDADE FEDERAL DE JUIZ DE FORA,UFJF,Aca.,EDUCAÇÃO                                          ,4
32006012003P1,EDUCAÇÃO,UNIVERSIDADE FEDERAL DE UBERLÂNDIA,UFU,Aca.,EDUCAÇÃO                                          ,5
32008015006P3,EDUCAÇÃO,PONTIFÍCIA UNIVERSIDADE CATÓLICA DE MINAS GERAIS,PUC MINAS,Aca.,EDUCAÇÃO                                          ,4
32036019001P4,EDUCAÇÃO,UNIVERSIDADE DE UBERABA,UNIUBE,Aca.,EDUCAÇÃO                                          ,4
33001014001P0,EDUCAÇÃO,UNIVERSIDADE FEDERAL DE SÃO CARLOS,UFSCAR,Aca.,EDUCAÇÃO                                          ,6
33001014002P6,EDUCAÇÃO ESPECIAL (EDUCAÇÃO DO INDIVÍDUO ESPECIAL),UNIVERSIDADE FEDERAL DE SÃO CARLOS,UFSCAR,Aca.,EDUCAÇÃO                                          ,7
33002010001P6,EDUCAÇÃO,UNIVERSIDADE DE SÃO PAULO,USP,Aca.,EDUCAÇÃO                                          ,5
33003017001P2,EDUCAÇÃO,UNIVERSIDADE ESTADUAL DE CAMPINAS,UNICAMP,Aca.,EDUCAÇÃO                                          ,6
33004030079P2,EDUCAÇÃO ESCOLAR,UNIVERSIDADE ESTADUAL PAULISTA JÚLIO DE MESQUITA FILHO - CAMPUS ARARAQUARA,UNESP-ARARAQUARA,Aca.,EDUCAÇÃO                                          ,4
33004110040P5,EDUCAÇÃO,UNIVERSIDADE ESTADUAL PAULISTA JÚLIO DE MESQUITA FILHO - CAMPUS MARÍLIA,UNESP-MARÍLIA,Aca.,EDUCAÇÃO                                          ,6
33004129044P6,EDUCAÇÃO,UNIVERSIDADE ESTADUAL PAULISTA JÚLIO DE MESQUITA FILHO - CAMPUS PRESIDENTE PRUDENTE,UNESP-PRESIDENTE PRUDENTE,Aca.,EDUCAÇÃO                                          ,5
33004137064P2,EDUCAÇÃO,UNIVERSIDADE ESTADUAL PAULISTA JÚLIO DE MESQUITA FILHO - CAMPUS RIO CLARO,UNESP-RIO CLARO,Aca.,EDUCAÇÃO                                          ,5
33005010001P9,"EDUCAÇÃO: HISTÓRIA, POLÍTICA, SOCIEDADE",PONTIFÍCIA UNIVERSIDADE CATÓLICA DE SÃO PAULO,PUCSP,Aca.,EDUCAÇÃO                                          ,5
33005010002P5,EDUCAÇÃO (PSICOLOGIA DA EDUCAÇÃO),PONTIFÍCIA UNIVERSIDADE CATÓLICA DE SÃO PAULO,PUCSP,Aca.,EDUCAÇÃO                                          ,4
33005010003P1,EDUCAÇÃO (CURRÍCULO),PONTIFÍCIA UNIVERSIDADE CATÓLICA DE SÃO PAULO,PUCSP,Aca.,EDUCAÇÃO                                          ,4
33006016005P7,EDUCAÇÃO,PONTIFÍCIA UNIVERSIDADE CATÓLICA DE CAMPINAS,PUC-CAMPINAS,Aca.,EDUCAÇÃO                                          ,4
33007012001P8,EDUCAÇÃO,UNIVERSIDADE METODISTA DE PIRACICABA,UNIMEP,Aca.,EDUCAÇÃO                                          ,4
33017018007P8,EDUCAÇÃO,UNIVERSIDADE METODISTA DE SÃO PAULO,UMESP,Aca.,EDUCAÇÃO                                          ,3
33020019004P6,EDUCAÇÃO,UNIVERSIDADE CATÓLICA DE SANTOS,UNISANTOS,Aca.,EDUCAÇÃO                                          ,4
33050015004P1,EDUCAÇÃO,UNIVERSIDADE SÃO FRANCISCO,USF,Aca.,EDUCAÇÃO                                          ,5
33052018003P8,EDUCAÇÃO,UNIVERSIDADE CIDADE DE SÃO PAULO,UNICID,Aca.,EDUCAÇÃO                                          ,5
33054010002P4,EDUCAÇÃO,UNIVERSIDADE DO OESTE PAULISTA,UNOESTE,Aca.,EDUCAÇÃO                                          ,5
33065012001P6,EDUCAÇÃO,UNIVERSIDADE DE SOROCABA,UNISO,Aca.,EDUCAÇÃO                                          ,4
33092010002P2,EDUCAÇÃO,UNIVERSIDADE NOVE DE JULHO,UNINOVE,Aca.,EDUCAÇÃO                                          ,4
40001016001P0,EDUCAÇÃO,UNIVERSIDADE FEDERAL DO PARANÁ,UFPR,Aca.,EDUCAÇÃO                                          ,7
40002012015P7,EDUCAÇÃO,UNIVERSIDADE ESTADUAL DE LONDRINA,UEL,Aca.,EDUCAÇÃO                                          ,5
40003019007P0,EDUCAÇÃO,PONTIFÍCIA UNIVERSIDADE CATÓLICA DO PARANÁ,PUCPR,Aca.,EDUCAÇÃO                                          ,5
40004015004P8,EDUCAÇÃO,UNIVERSIDADE ESTADUAL DE MARINGÁ,UEM,Aca.,EDUCAÇÃO                                          ,5
40005011005P0,EDUCAÇÃO,UNIVERSIDADE ESTADUAL DE PONTA GROSSA,UEPG,Aca.,EDUCAÇÃO                                          ,5
40020010002P3,EDUCAÇÃO,UNIVERSIDADE TUIUTI DO PARANÁ,UTP,Aca.,EDUCAÇÃO                                          ,4
41001010015P7,EDUCAÇÃO,UNIVERSIDADE FEDERAL DE SANTA CATARINA,UFSC,Aca.,EDUCAÇÃO                                          ,5
41005015003P0,EDUCAÇÃO,UNIVERSIDADE DO VALE DO ITAJAÍ,UNIVALI,Aca.,EDUCAÇÃO                                          ,3
41006011004P3,EDUCAÇÃO,UNIVERSIDADE REGIONAL DE BLUMENAU,FURB,Aca.,EDUCAÇÃO                                          ,5
42001013001P5,EDUCAÇÃO,UNIVERSIDADE FEDERAL DO RIO GRANDE DO SUL,UFRGS,Aca.,EDUCAÇÃO                                          ,6
42002010001P5,EDUCAÇÃO,UNIVERSIDADE FEDERAL DE SANTA MARIA,UFSM,Aca.,EDUCAÇÃO                                          ,5
42003016014P2,EDUCAÇÃO,UNIVERSIDADE FEDERAL DE PELOTAS,UFPEL,Aca.,EDUCAÇÃO                                          ,5
42004012002P0,EDUCAÇÃO AMBIENTAL,UNIVERSIDADE FEDERAL DO RIO GRANDE,FURG,Aca.,EDUCAÇÃO                                          ,4
42005019001P0,EDUCAÇÃO,PONTIFÍCIA UNIVERSIDADE CATÓLICA DO RIO GRANDE DO SUL,PUCRS,Aca.,EDUCAÇÃO                                          ,6
42007011003P6,EDUCAÇÃO,UNIVERSIDADE DO VALE DO RIO DOS SINOS,UNISINOS,Aca.,EDUCAÇÃO                                          ,6
42009014002P2,EDUCAÇÃO,UNIVERSIDADE DE PASSO FUNDO,UPF,Aca.,EDUCAÇÃO                                          ,5
42019010009P2,EDUCAÇÃO,UNIVERSIDADE LUTERANA DO BRASIL,ULBRA,Aca.,EDUCAÇÃO                                          ,4
42024013002P4,EDUCAÇÃO NAS CIÊNCIAS,UNIVERSIDADE REGIONAL DO NOROESTE DO ESTADO DO RIO GRANDE DO SUL,UNIJUÍ,Aca.,EDUCAÇÃO                                          ,5
50001019001P8,EDUCAÇÃO,UNIVERSIDADE FEDERAL DE MATO GROSSO,UFMT,Aca.,EDUCAÇÃO                                          ,4
51001012001P0,EDUCAÇÃO,UNIVERSIDADE FEDERAL DE MATO GROSSO DO SUL,UFMS,Aca.,EDUCAÇÃO                                          ,4
51002019002P3,EDUCAÇÃO,UNIVERSIDADE CATÓLICA DOM BOSCO,UCDB,Aca.,EDUCAÇÃO                                          ,5
52001016007P1,EDUCAÇÃO,UNIVERSIDADE FEDERAL DE GOIÁS,UFG,Aca.,EDUCAÇÃO                                          ,5
52002012004P9,EDUCAÇÃO,PONTIFÍCIA UNIVERSIDADE CATÓLICA DE GOIÁS,PUC GOIÁS,Aca.,EDUCAÇÃO                                          ,4
53001010001P0,EDUCAÇÃO,UNIVERSIDADE DE BRASÍLIA,UNB,Aca.,EDUCAÇÃO                                          ,4
53003012001P9,EDUCAÇÃO,UNIVERSIDADE CATÓLICA DE BRASÍLIA,UCB,Aca.,EDUCAÇÃO                                          ,4
41015010002P6,EDUCAÇÃO,UNIVERSIDADE DO EXTREMO SUL CATARINENSE,UNESC,Aca.,EDUCAÇÃO                                          ,4
15006018001P0,EDUCAÇÃO,UNIVERSIDADE DO ESTADO DO PARÁ,UEPA,Aca.,EDUCAÇÃO                                          ,4
32020015003P7,EDUCAÇÃO TECNOLÓGICA,CENTRO FEDERAL DE EDUCAÇÃO TECNOLÓGICA DE MINAS GERAIS,CEFET-MG,Aca.,EDUCAÇÃO                                          ,4
33131015001P2,EDUCAÇÃO,CENTRO UNIVERSITÁRIO SALESIANO DE SÃO PAULO,UNISAL,Aca.,EDUCAÇÃO                                          ,3
31002013017P4,EDUCAÇÃO AGRÍCOLA,UNIVERSIDADE FEDERAL RURAL DO RIO DE JANEIRO,UFRRJ,Aca.,EDUCAÇÃO                                          ,3
41002016015P0,EDUCAÇÃO,FUNDAÇÃO UNIVERSIDADE DO ESTADO DE SANTA CATARINA,UDESC,Aca.,EDUCAÇÃO                                          ,5
40015017008P1,EDUCAÇÃO,UNIVERSIDADE ESTADUAL DO OESTE DO PARANÁ,UNIOESTE,Aca.,EDUCAÇÃO                                          ,5
41007018001P0,EDUCAÇÃO,UNIVERSIDADE DO OESTE DE SANTA CATARINA,UNOESC,Aca.,EDUCAÇÃO                                          ,4
42021014001P9,EDUCAÇÃO,UNIVERSIDADE LA SALLE,UNILASALLE,Aca.,EDUCAÇÃO                                          ,5
31004016051P0,"EDUCAÇÃO, CULTURA E COMUNICAÇÃO",UNIVERSIDADE DO ESTADO DO RIO DE JANEIRO,UERJ,Aca.,EDUCAÇÃO                                          ,4
32018010004P2,EDUCAÇÃO,UNIVERSIDADE FEDERAL DE SÃO JOÃO DEL-REI,UFSJ,Aca.,EDUCAÇÃO                                          ,4
42020018006P4,EDUCAÇÃO,UNIVERSIDADE DE SANTA CRUZ DO SUL,UNISC,Aca.,EDUCAÇÃO                                          ,5
41008014002P3,EDUCAÇÃO,UNIVERSIDADE DO SUL DE SANTA CATARINA,UNISUL,Aca.,EDUCAÇÃO                                          ,4
42008018008P4,EDUCAÇÃO,UNIVERSIDADE DE CAXIAS DO SUL,UCS,Aca.,EDUCAÇÃO                                          ,5
51005018005P1,EDUCAÇÃO,UNIVERSIDADE FEDERAL DA GRANDE DOURADOS,UFGD,Aca.,EDUCAÇÃO                                          ,5
32025017001P6,Educação e Formação Humana,UNIVERSIDADE DO ESTADO DE MINAS GERAIS,UEMG,Aca.,EDUCAÇÃO                                          ,4
51001012026P3,EDUCAÇÃO,UNIVERSIDADE FEDERAL DE MATO GROSSO DO SUL,UFMS,Aca.,EDUCAÇÃO                                          ,4
31002013020P5,"EDUCAÇÃO, CONTEXTOS CONTEMPORÂNEOS E DEMANDAS POPULARES",UNIVERSIDADE FEDERAL RURAL DO RIO DE JANEIRO,UFRRJ,Aca.,EDUCAÇÃO                                          ,4
32002017037P8,EDUCAÇÃO,UNIVERSIDADE FEDERAL DE VIÇOSA,UFV,Aca.,EDUCAÇÃO                                          ,4
41019016001P5,EDUCAÇÃO,UNIVERSIDADE DO PLANALTO CATARINENSE,UNIPLAC,Aca.,EDUCAÇÃO                                          ,4
31004016058P5,EDUCAÇÃO - PROCESSOS FORMATIVOS E DESIGUALDADES SOCIAIS,UNIVERSIDADE DO ESTADO DO RIO DE JANEIRO,UERJ,Aca.,EDUCAÇÃO                                          ,4
50001019024P8,EDUCAÇÃO,UNIVERSIDADE FEDERAL DE MATO GROSSO,UFMT,Aca.,EDUCAÇÃO                                          ,4
27002012003P1,EDUCAÇÃO,UNIVERSIDADE TIRADENTES,UNIT,Aca.,EDUCAÇÃO                                          ,5
10001018011P0,EDUCAÇÃO,UNIVERSIDADE FEDERAL DE RONDÔNIA,UNIR,Aca.,EDUCAÇÃO                                          ,4
32073011001P2,"Educação, Conhecimento e Sociedade",UNIVERSIDADE DO VALE DO SAPUCAÍ,UNIVÁS,Aca.,EDUCAÇÃO                                          ,4
50002015005P0,Educação,UNIVERSIDADE DO ESTADO DE MATO GROSSO CARLOS ALBERTO REYES MALDONADO,UNEMAT,Aca.,EDUCAÇÃO                                          ,4
32005016031P9,Gestão e Avaliação da Educação Pública,UNIVERSIDADE FEDERAL DE JUIZ DE FORA,UFJF,Prof.,EDUCAÇÃO                                          ,3
25003011029P1,TECNOLOGIA E GESTÃO EM EDUCAÇÃO A DISTÂNCIA,UNIVERSIDADE FEDERAL RURAL DE PERNAMBUCO,UFRPE,Prof.,EDUCAÇÃO                                          ,3
28005015011P6,Gestão e Tecnologias Aplicadas à Educação,UNIVERSIDADE DO ESTADO DA BAHIA,UNEB,Prof.,EDUCAÇÃO                                          ,4
25001019084P0,Educação Contemporânea,UNIVERSIDADE FEDERAL DE PERNAMBUCO,UFPE,Aca.,EDUCAÇÃO                                          ,4
24004014013P1,FORMAÇÃO DE PROFESSORES,UNIVERSIDADE ESTADUAL DA PARAÍBA,UEPB,Prof.,EDUCAÇÃO                                          ,3
53001010087P1,Educação,UNIVERSIDADE DE BRASÍLIA,UNB,Prof.,EDUCAÇÃO                                          ,3
32007019024P5,Educação,UNIVERSIDADE FEDERAL DE OURO PRETO,UFOP,Aca.,EDUCAÇÃO                                          ,5
41004019004P0,Educação,UNIVERSIDADE DA REGIÃO DE JOINVILLE,UNIVILLE,Aca.,EDUCAÇÃO                                          ,4
33002029042P0,Educação,UNIVERSIDADE DE SÃO PAULO - CAMPUS RIBEIRÃO PRETO,USP-RIBEIRÃO PRETO,Aca.,EDUCAÇÃO                                          ,4
28002016015P2,EDUCAÇÃO,UNIVERSIDADE ESTADUAL DE FEIRA DE SANTANA,UEFS,Aca.,EDUCAÇÃO                                          ,4
51004011004P9,Educação,UNIVERSIDADE ESTADUAL DE MATO GROSSO DO SUL,UEMS,Aca.,EDUCAÇÃO                                          ,3
23002018006P0,Educação,UNIVERSIDADE DO ESTADO DO RIO GRANDE DO NORTE,UERN,Aca.,EDUCAÇÃO                                          ,3
42004012021P5,EDUCAÇÃO,UNIVERSIDADE FEDERAL DO RIO GRANDE,FURG,Aca.,EDUCAÇÃO                                          ,4
42010012008P5,Educação,UNIVERSIDADE REGIONAL INTEGRADA DO ALTO URUGUAI E DAS MISSÕES,URI,Aca.,EDUCAÇÃO                                          ,4
32004010023P3,Educação,UNIVERSIDADE FEDERAL DE LAVRAS,UFLA,Prof.,EDUCAÇÃO                                          ,4
33001014043P4,Educação,UNIVERSIDADE FEDERAL DE SÃO CARLOS,UFSCAR,Aca.,EDUCAÇÃO                                          ,4
40014010009P1,Educação,UNIVERSIDADE ESTADUAL DO CENTRO-OESTE,UNICENTRO,Aca.,EDUCAÇÃO                                          ,4
42033012001P3,Educação e Tecnologia,"INSTITUTO FEDERAL DE EDUCAÇÃO, CIÊNCIA E TECNOLOGIA SUL-RIO-GRANDENSE",IFSUL,Prof.,EDUCAÇÃO                                          ,4
33092010012P8,Gestão e Práticas Educacionais,UNIVERSIDADE NOVE DE JULHO,UNINOVE,Prof.,EDUCAÇÃO                                          ,4
40015017020P1,EDUCAÇÃO,UNIVERSIDADE ESTADUAL DO OESTE DO PARANÁ,UNIOESTE,Aca.,EDUCAÇÃO                                          ,4
16003012013P2,EDUCAÇAO,UNIVERSIDADE FEDERAL DO TOCANTINS,UFT,Aca.,EDUCAÇÃO                                          ,3
33004030083P0,EDUCAÇÃO SEXUAL,UNIVERSIDADE ESTADUAL PAULISTA JÚLIO DE MESQUITA FILHO - CAMPUS ARARAQUARA,UNESP-ARARAQUARA,Prof.,EDUCAÇÃO                                          ,4
41016017004P5,EDUCAÇÃO,UNIVERSIDADE COMUNITÁRIA DA REGIÃO DE CHAPECÓ,UNOCHAPECÓ,Aca.,EDUCAÇÃO                                          ,4
42046017008P9,Educação,UNIVERSIDADE FEDERAL DO PAMPA,UNIPAMPA,Prof.,EDUCAÇÃO                                          ,4
51004011006P1,Educação,UNIVERSIDADE ESTADUAL DE MATO GROSSO DO SUL,UEMS,Prof.,EDUCAÇÃO                                          ,4
28022017010P4,Educação do Campo,UNIVERSIDADE FEDERAL DO RECÔNCAVO DA BAHIA,UFRB,Prof.,EDUCAÇÃO                                          ,3
42007011027P2,Gestão Educacional,UNIVERSIDADE DO VALE DO RIO DOS SINOS,UNISINOS,Prof.,EDUCAÇÃO                                          ,4
22003010027P0,EDUCAÇÃO E ENSINO (MAIE),UNIVERSIDADE ESTADUAL DO CEARÁ,UECE,Aca.,EDUCAÇÃO                                          ,4
28006011013P5,EDUCAÇÃO,UNIVERSIDADE ESTADUAL DO SUDOESTE DA BAHIA,UESB,Aca.,EDUCAÇÃO                                          ,4
32012012008P0,Educação,UNIVERSIDADE FEDERAL DO TRIÂNGULO MINEIRO,UFTM,Aca.,EDUCAÇÃO                                          ,4
33005010037P3,Educação: formação de formadores,PONTIFÍCIA UNIVERSIDADE CATÓLICA DE SÃO PAULO,PUCSP,Prof.,EDUCAÇÃO                                          ,4
28007018017P7,Educação ,UNIVERSIDADE ESTADUAL DE SANTA CRUZ,UESC,Prof.,EDUCAÇÃO                                          ,4
28001010091P8,"Currículo, linguagens e inovações pedagógicas.",UNIVERSIDADE FEDERAL DA BAHIA,UFBA,Prof.,EDUCAÇÃO                                          ,3
40001016080P7,Educação: Teoria e Prática de Ensino,UNIVERSIDADE FEDERAL DO PARANÁ,UFPR,Prof.,EDUCAÇÃO                                          ,4
33001014049P2,Educação,UNIVERSIDADE FEDERAL DE SÃO CARLOS,UFSCAR,Prof.,EDUCAÇÃO                                          ,3
28005015012P2,Educação de Jovens e Adultos,UNIVERSIDADE DO ESTADO DA BAHIA,UNEB,Prof.,EDUCAÇÃO                                          ,4
33002010234P0,Ensino de Astronomia,UNIVERSIDADE DE SÃO PAULO,USP,Prof.,EDUCAÇÃO                                          ,3
33009015083P7,Educação,UNIVERSIDADE FEDERAL DE SÃO PAULO,UNIFESP,Aca.,EDUCAÇÃO                                          ,4
32010010012P8,Educação,UNIVERSIDADE FEDERAL DOS VALES DO JEQUITINHONHA E MUCURI,UFVJM,Prof.,EDUCAÇÃO                                          ,3
23005017001P7,Educação Profissional,"INSTITUTO FEDERAL DE EDUCAÇÃO, CIÊNCIA E TECNOLOGIA DO RIO GRANDE DO NORTE",IFRN,Aca.,EDUCAÇÃO                                          ,5
41020014002P6,Educação,UNIVERSIDADE FEDERAL DA FRONTEIRA SUL,UFFS,Aca.,EDUCAÇÃO                                          ,3
10001018016P2,Educação Escolar,UNIVERSIDADE FEDERAL DE RONDÔNIA,UNIR,Prof.,EDUCAÇÃO                                          ,4
25003011038P0,"Educação, Culturas e Identidades",UNIVERSIDADE FEDERAL RURAL DE PERNAMBUCO,UFRPE,Aca.,EDUCAÇÃO                                          ,4
32001010097P4,Educação e Docência,UNIVERSIDADE FEDERAL DE MINAS GERAIS,UFMG,Prof.,EDUCAÇÃO                                          ,4
33082014004P0,"Processos de ensino, gestão e inovação",UNIVERSIDADE DE ARARAQUARA,UNIARA,Prof.,EDUCAÇÃO                                          ,4
33021015013P1,EDUCAÇÃO,UNIVERSIDADE DE TAUBATÉ,UNITAU,Prof.,EDUCAÇÃO                                          ,4
15010015005P0,EDUCAÇÃO,UNIVERSIDADE FEDERAL DO OESTE DO PARÁ,UFOPA,Aca.,EDUCAÇÃO                                          ,4
25004018019P2,Educação,UNIVERSIDADE DE PERNAMBUCO,UPE,Prof.,EDUCAÇÃO                                          ,4
28005015014P5,Educação e Diversidade,UNIVERSIDADE DO ESTADO DA BAHIA,UNEB,Prof.,EDUCAÇÃO                                          ,4
40051013001P9,Educação e Novas Tecnologias,CENTRO UNIVERSITÁRIO INTERNACIONAL,UNINTER,Prof.,EDUCAÇÃO                                          ,4
13003011003P9,EDUCAÇÃO,UNIVERSIDADE ESTADUAL DE RORAIMA,UERR,Aca.,EDUCAÇÃO                                          ,3
15001016082P9,EDUCAÇÃO E CULTURA,UNIVERSIDADE FEDERAL DO PARÁ,UFPA,Aca.,EDUCAÇÃO                                          ,3
24001015073P5,"POLÍTICAS PÚBLICAS, GESTÃO E AVALIAÇÃO DA EDUCAÇÃO SUPERIOR",UNIVERSIDADE FEDERAL DA PARAÍBA - CAMPUS JOÃO PESSOA,UFPB-JOÃO PESSOA,Prof.,EDUCAÇÃO                                          ,4
33126011003P5,Gestão e Desenvolvimento da Educação Profissional,CENTRO ESTADUAL DE EDUCAÇÃO TECNOLÓGICA PAULA SOUZA,CEETEPS,Prof.,EDUCAÇÃO                                          ,4
32048017002P5,EDUCAÇÃO TECNOLÓGICA,"INSTITUTO FEDERAL DE EDUCAÇÃO, CIÊNCIA E TECNOLOGIA DO TRIÂNGULO MINEIRO",IFTM,Prof.,EDUCAÇÃO                                          ,4
11001011009P9,EDUCAÇÃO,UNIVERSIDADE FEDERAL DO ACRE,UFAC,Aca.,EDUCAÇÃO                                          ,4
32011016015P0,Educação,UNIVERSIDADE FEDERAL DE ALFENAS,UNIFAL-MG,Aca.,EDUCAÇÃO                                          ,4
25004018070P8,FORMAÇÃO DE PROFESSORES E PRÁTICAS INTERDISCIPLINARES,UNIVERSIDADE DE PERNAMBUCO,UPE,Prof.,EDUCAÇÃO                                          ,4
41020014006P1,EDUCAÇÃO,UNIVERSIDADE FEDERAL DA FRONTEIRA SUL,UFFS,Prof.,EDUCAÇÃO                                          ,4
33052018006P7,FORMAÇÃO DE GESTORES EDUCACIONAIS,UNIVERSIDADE CIDADE DE SÃO PAULO,UNICID,Prof.,EDUCAÇÃO                                          ,4
20001010041P5,GESTÃO DE ENSINO DA EDUCAÇÃO BÁSICA,UNIVERSIDADE FEDERAL DO MARANHÃO,UFMA,Prof.,EDUCAÇÃO                                          ,4
42002010159P8,POLÍTICAS PÚBLICAS E GESTÃO EDUCACIONAL,UNIVERSIDADE FEDERAL DE SANTA MARIA,UFSM,Prof.,EDUCAÇÃO                                          ,4
24009016071P3,EDUCAÇÃO,UNIVERSIDADE FEDERAL DE CAMPINA GRANDE,UFCG,Aca.,EDUCAÇÃO                                          ,3
15001016089P3,Currículo e Gestão da Escola Básica,UNIVERSIDADE FEDERAL DO PARÁ,UFPA,Aca.,EDUCAÇÃO                                          ,4
33125015002P2,EDUCAÇÃO,CENTRO UNIVERSITÁRIO ADVENTISTA DE SÃO PAULO,UNASP,Prof.,EDUCAÇÃO                                          ,4
33110018003P5,DOCÊNCIA E GESTÃO EDUCACIONAL,UNIVERSIDADE MUNICIPAL DE SÃO CAETANO DO SUL,USCS,Prof.,EDUCAÇÃO                                          ,4
16003012160P5,EDUCAÇÃO,UNIVERSIDADE FEDERAL DO TOCANTINS,UFT,Prof.,EDUCAÇÃO                                          ,3
42070007002P2,EDUCAÇÃO BÁSICA,UNIVERSIDADE ALTO VALE DO RIO DO PEIXE,UNIARP,Prof.,EDUCAÇÃO                                          ,4
33003017172P1,EDUCAÇÃO ESCOLAR,UNIVERSIDADE ESTADUAL DE CAMPINAS,UNICAMP,Prof.,EDUCAÇÃO                                          ,4
32036019005P0,FORMAÇÃO DOCENTE PARA A EDUCAÇÃO BÁSICA,UNIVERSIDADE DE UBERABA,UNIUBE,Prof.,EDUCAÇÃO                                          ,4
42045010002P4,EDUCAÇÃO,UNIVERSIDADE ESTADUAL DO RIO GRANDE DO SUL,UERGS,Prof.,EDUCAÇÃO                                          ,4
30001013107P4,PROFISSIONAL EM EDUCAÇÃO,UNIVERSIDADE FEDERAL DO ESPÍRITO SANTO,UFES,Prof.,EDUCAÇÃO                                          ,4
14001012157P6,EDUCAÇÃO,UNIVERSIDADE FEDERAL DO AMAPÁ,UNIFAP,Aca.,EDUCAÇÃO                                          ,4
42046017015P5,ENSINO,UNIVERSIDADE FEDERAL DO PAMPA,UNIPAMPA,Aca.,EDUCAÇÃO                                          ,4
22005013003P7,EDUCAÇÃO,UNIVERSIDADE REGIONAL DO CARIRI,URCA,Prof.,EDUCAÇÃO                                          ,4
40031012071P3,EDUCAÇÃO,UNIVERSIDADE ESTADUAL DO NORTE DO PARANÁ,UENP,Prof.,EDUCAÇÃO                                          ,3
41012011003P3,EDUCAÇÃO,"INSTITUTO FEDERAL DE EDUCAÇÃO, CIÊNCIA E TECNOLOGIA CATARINENSE",IFCATARINENSE,Aca.,EDUCAÇÃO                                          ,3
20002017042P8,EDUCAÇÃO,UNIVERSIDADE ESTADUAL DO MARANHÃO,UEMA,Prof.,EDUCAÇÃO                                          ,3
13001019041P5,EDUCAÇÃO  ,UNIVERSIDADE FEDERAL DE RORAIMA,UFRR,Aca.,EDUCAÇÃO                                          ,3
51001012179P4,PÓS GRADUAÇÃO EM EDUCAÇÃO,UNIVERSIDADE FEDERAL DE MATO GROSSO DO SUL,UFMS,Aca.,EDUCAÇÃO                                          ,3
33057010005P6,EDUCAÇÃO,UNIVERSIDADE IBIRAPUERA,UNIB,Aca.,EDUCAÇÃO                                          ,3
32014015103P5,EDUCAÇÃO,UNIVERSIDADE ESTADUAL DE MONTES CLAROS,UNIMONTES,Aca.,EDUCAÇÃO                                          ,3
15001016166P8,EDUCAÇÃO NA AMAZÔNIA,UNIVERSIDADE FEDERAL DO PARÁ,UFPA,Aca.,EDUCAÇÃO                                          ,4
20001010053P3,EDUCAÇÃO E PRÁTICAS EDUCATIVAS,UNIVERSIDADE FEDERAL DO MARANHÃO,UFMA,Prof.,EDUCAÇÃO                                          ,3
52045005001P0,EDUCAÇÃO ,CENTRO UNIVERSITÁRIO MAIS,UNIMAIS,Aca.,EDUCAÇÃO                                          ,3
22001018177P0,TECNOLOGIA EDUCACIONAL,UNIVERSIDADE FEDERAL DO CEARÁ,UFC,Prof.,EDUCAÇÃO                                          ,3
23001011182P6,EDUCAÇÃO ESPECIAL,UNIVERSIDADE FEDERAL DO RIO GRANDE DO NORTE,UFRN,Prof.,EDUCAÇÃO                                          ,3
12008010073P0,EDUCAÇÃO,UNIVERSIDADE DO ESTADO DO AMAZONAS,UEA,Aca.,EDUCAÇÃO                                          ,3
52059006002P4,EDUCAÇÃO,UNIVERSIDADE FEDERAL DE CATALÃO,UFCAT,Aca.,EDUCAÇÃO                                          ,4
52060004004P1,EDUCAÇÃO,UNIVERSIDADE FEDERAL DE JATAÍ,UFJ,Aca.,EDUCAÇÃO                                          ,4
25001019033P6,CIÊNCIA POLÍTICA,UNIVERSIDADE FEDERAL DE PERNAMBUCO,UFPE,Aca.,CIÊNCIA POLÍTICA E RELAÇÕES INTERNACIONAIS        ,6
31003010033P0,CIÊNCIA  POLÍTICA,UNIVERSIDADE FEDERAL FLUMINENSE,UFF,Aca.,CIÊNCIA POLÍTICA E RELAÇÕES INTERNACIONAIS        ,4
31005012026P2,RELAÇÕES INTERNACIONAIS,PONTIFÍCIA UNIVERSIDADE CATÓLICA DO RIO DE JANEIRO,PUC-RIO,Aca.,CIÊNCIA POLÍTICA E RELAÇÕES INTERNACIONAIS        ,6
32001010011P2,CIÊNCIA  POLÍTICA,UNIVERSIDADE FEDERAL DE MINAS GERAIS,UFMG,Aca.,CIÊNCIA POLÍTICA E RELAÇÕES INTERNACIONAIS        ,7
33002010030P6,CIÊNCIA  POLÍTICA,UNIVERSIDADE DE SÃO PAULO,USP,Aca.,CIÊNCIA POLÍTICA E RELAÇÕES INTERNACIONAIS        ,7
33003017017P6,CIÊNCIA  POLÍTICA,UNIVERSIDADE ESTADUAL DE CAMPINAS,UNICAMP,Aca.,CIÊNCIA POLÍTICA E RELAÇÕES INTERNACIONAIS        ,7
33004110044P0,RELAÇÕES INTERNACIONAIS (UNESP - UNICAMP - PUC-SP),UNIVERSIDADE ESTADUAL PAULISTA JÚLIO DE MESQUITA FILHO,UNESP,Aca.,CIÊNCIA POLÍTICA E RELAÇÕES INTERNACIONAIS        ,5
42001013033P4,CIÊNCIA  POLÍTICA,UNIVERSIDADE FEDERAL DO RIO GRANDE DO SUL,UFRGS,Aca.,CIÊNCIA POLÍTICA E RELAÇÕES INTERNACIONAIS        ,5
53001010025P6,RELAÇÕES INTERNACIONAIS,UNIVERSIDADE DE BRASÍLIA,UNB,Aca.,CIÊNCIA POLÍTICA E RELAÇÕES INTERNACIONAIS        ,5
53001010026P2,CIÊNCIA  POLÍTICA,UNIVERSIDADE DE BRASÍLIA,UNB,Aca.,CIÊNCIA POLÍTICA E RELAÇÕES INTERNACIONAIS        ,7
32008015017P5,Relações Internacionais,PONTIFÍCIA UNIVERSIDADE CATÓLICA DE MINAS GERAIS,PUC MINAS,Aca.,CIÊNCIA POLÍTICA E RELAÇÕES INTERNACIONAIS        ,5
31003010057P6,DEFESA E SEGURANÇA CIVIL,UNIVERSIDADE FEDERAL FLUMINENSE,UFF,Prof.,CIÊNCIA POLÍTICA E RELAÇÕES INTERNACIONAIS        ,4
22003010019P8,PLANEJAMENTO E POLITICAS PÚBLICAS,UNIVERSIDADE ESTADUAL DO CEARÁ,UECE,Prof.,CIÊNCIA POLÍTICA E RELAÇÕES INTERNACIONAIS        ,4
15001016053P9,CIÊNCIA POLÍTICA,UNIVERSIDADE FEDERAL DO PARÁ,UFPA,Aca.,CIÊNCIA POLÍTICA E RELAÇÕES INTERNACIONAIS        ,4
33001014026P2,CIENCIA POLITICA,UNIVERSIDADE FEDERAL DE SÃO CARLOS,UFSCAR,Aca.,CIÊNCIA POLÍTICA E RELAÇÕES INTERNACIONAIS        ,5
24004014007P1,RELAÇOES INTERNACIONAIS,UNIVERSIDADE ESTADUAL DA PARAÍBA,UEPB,Aca.,CIÊNCIA POLÍTICA E RELAÇÕES INTERNACIONAIS        ,3
31003010062P0,ESTUDOS ESTRATÉGICOS DA DEFESA E DA SEGURANÇA,UNIVERSIDADE FEDERAL FLUMINENSE,UFF,Aca.,CIÊNCIA POLÍTICA E RELAÇÕES INTERNACIONAIS        ,4
40001016061P2,CIÊNCIA POLÍTICA,UNIVERSIDADE FEDERAL DO PARANÁ,UFPR,Aca.,CIÊNCIA POLÍTICA E RELAÇÕES INTERNACIONAIS        ,6
33002010208P0,RELAÇÕES INTERNACIONAIS,UNIVERSIDADE DE SÃO PAULO,USP,Aca.,CIÊNCIA POLÍTICA E RELAÇÕES INTERNACIONAIS        ,5
31004016057P9,RELAÇÕES INTERNACIONAIS,UNIVERSIDADE DO ESTADO DO RIO DE JANEIRO,UERJ,Aca.,CIÊNCIA POLÍTICA E RELAÇÕES INTERNACIONAIS        ,4
31001017137P3,ECONOMIA POLÍTICA INTERNACIONAL,UNIVERSIDADE FEDERAL DO RIO DE JANEIRO,UFRJ,Aca.,CIÊNCIA POLÍTICA E RELAÇÕES INTERNACIONAIS        ,4
40004015033P8,POLÍTICAS PÚBLICAS,UNIVERSIDADE ESTADUAL DE MARINGÁ,UEM,Prof.,CIÊNCIA POLÍTICA E RELAÇÕES INTERNACIONAIS        ,4
41001010083P2,Relações Internacionais,UNIVERSIDADE FEDERAL DE SANTA CATARINA,UFSC,Aca.,CIÊNCIA POLÍTICA E RELAÇÕES INTERNACIONAIS        ,4
42003016037P2,Ciência Política,UNIVERSIDADE FEDERAL DE PELOTAS,UFPEL,Aca.,CIÊNCIA POLÍTICA E RELAÇÕES INTERNACIONAIS        ,5
28022017008P0,Gestão de Políticas Públicas,UNIVERSIDADE FEDERAL DO RECÔNCAVO DA BAHIA,UFRB,Prof.,CIÊNCIA POLÍTICA E RELAÇÕES INTERNACIONAIS        ,4
42001013101P0,Estudos Estratégicos Internacionais,UNIVERSIDADE FEDERAL DO RIO GRANDE DO SUL,UFRGS,Aca.,CIÊNCIA POLÍTICA E RELAÇÕES INTERNACIONAIS        ,4
31004016061P6,CIÊNCIA POLÍTICA,UNIVERSIDADE DO ESTADO DO RIO DE JANEIRO,UERJ,Aca.,CIÊNCIA POLÍTICA E RELAÇÕES INTERNACIONAIS        ,6
40001016076P0,Políticas Públicas,UNIVERSIDADE FEDERAL DO PARANÁ,UFPR,Aca.,CIÊNCIA POLÍTICA E RELAÇÕES INTERNACIONAIS        ,4
52001016055P6,Ciência Política e Relações Internacionais,UNIVERSIDADE FEDERAL DE GOIÁS,UFG,Aca.,CIÊNCIA POLÍTICA E RELAÇÕES INTERNACIONAIS        ,4
53037014001P0,Poder Legislativo,"CENTRO DE FORMAÇÃO, TREINAMENTO E APERFEIÇOAMENTO",CEFOR,Prof.,CIÊNCIA POLÍTICA E RELAÇÕES INTERNACIONAIS        ,5
31096018001P2,Ciências Aeroespaciais,UNIVERSIDADE DA FORÇA AÉREA,UNIFA,Prof.,CIÊNCIA POLÍTICA E RELAÇÕES INTERNACIONAIS        ,5
25001019091P6,Políticas Públicas,UNIVERSIDADE FEDERAL DE PERNAMBUCO,UFPE,Prof.,CIÊNCIA POLÍTICA E RELAÇÕES INTERNACIONAIS        ,4
31098010001P5,CIÊNCIAS MILITARES,ESCOLA DE COMANDO E ESTADO-MAIOR DO EXÉRCITO,ECEME,Aca.,CIÊNCIA POLÍTICA E RELAÇÕES INTERNACIONAIS        ,5
31070019001P0,Estudos Marítimos,ESCOLA DE GUERRA NAVAL,EGN,Prof.,CIÊNCIA POLÍTICA E RELAÇÕES INTERNACIONAIS        ,5
28001010094P7,RELAÇÕES INTERNACIONAIS,UNIVERSIDADE FEDERAL DA BAHIA,UFBA,Aca.,CIÊNCIA POLÍTICA E RELAÇÕES INTERNACIONAIS        ,4
33144010019P3,Políticas Públicas,UNIVERSIDADE FEDERAL DO ABC,UFABC,Aca.,CIÊNCIA POLÍTICA E RELAÇÕES INTERNACIONAIS        ,4
40043010002P6,INTEGRAÇÃO CONTEMPORÂNEA DA AMÉRICA LATINA - ICAL,UNIVERSIDADE FEDERAL DA INTEGRAÇÃO LATINO-AMERICANA,UNILA,Aca.,CIÊNCIA POLÍTICA E RELAÇÕES INTERNACIONAIS        ,4
31001017160P5,POLÍTICAS PÚBLICAS EM DIREITOS HUMANOS,UNIVERSIDADE FEDERAL DO RIO DE JANEIRO,UFRJ,Aca.,CIÊNCIA POLÍTICA E RELAÇÕES INTERNACIONAIS        ,3
32006012072P3,RELAÇÕES INTERNACIONAIS,UNIVERSIDADE FEDERAL DE UBERLÂNDIA,UFU,Aca.,CIÊNCIA POLÍTICA E RELAÇÕES INTERNACIONAIS        ,4
42001013156P9,POLÍTICAS PÚBLICAS,UNIVERSIDADE FEDERAL DO RIO GRANDE DO SUL,UFRGS,Aca.,CIÊNCIA POLÍTICA E RELAÇÕES INTERNACIONAIS        ,4
31005012157P0,ANÁLISE E GESTÃO DE POLÍTICAS INTERNACIONAIS: RESOLUÇÃO DE CONFLITOS E COOPERAÇÃO PARA O DESENVOLVIMENTO,PONTIFÍCIA UNIVERSIDADE CATÓLICA DO RIO DE JANEIRO,PUC-RIO,Prof.,CIÊNCIA POLÍTICA E RELAÇÕES INTERNACIONAIS        ,4
42046017012P6,POLÍTICAS PÚBLICAS,UNIVERSIDADE FEDERAL DO PAMPA,UNIPAMPA,Prof.,CIÊNCIA POLÍTICA E RELAÇÕES INTERNACIONAIS        ,4
24001015080P1,CIÊNCIA POLÍTICA E RELAÇÕES INTERNACIONAIS,UNIVERSIDADE FEDERAL DA PARAÍBA - CAMPUS JOÃO PESSOA,UFPB-JOÃO PESSOA,Aca.,CIÊNCIA POLÍTICA E RELAÇÕES INTERNACIONAIS        ,4
24009016171P8,CIÊNCIA POLÍTICA,UNIVERSIDADE FEDERAL DE CAMPINA GRANDE,UFCG,Aca.,CIÊNCIA POLÍTICA E RELAÇÕES INTERNACIONAIS        ,3
31021018157P8,CIÊNCIA POLÍTICA,UNIVERSIDADE FEDERAL DO ESTADO DO RIO DE JANEIRO,UNIRIO,Aca.,CIÊNCIA POLÍTICA E RELAÇÕES INTERNACIONAIS        ,4
53013018001P0,GOVERNANÇA E DESENVOLVIMENTO,ESCOLA NACIONAL DE ADMINISTRAÇÃO PÚBLICA,ENAP,Prof.,CIÊNCIA POLÍTICA E RELAÇÕES INTERNACIONAIS        ,3
14001012156P0,ESTUDOS DE FRONTEIRA,UNIVERSIDADE FEDERAL DO AMAPÁ,UNIFAP,Prof.,CIÊNCIA POLÍTICA E RELAÇÕES INTERNACIONAIS        ,4
22003010074P9,POLÍTICAS PÚBLICAS,UNIVERSIDADE ESTADUAL DO CEARÁ,UECE,Aca.,CIÊNCIA POLÍTICA E RELAÇÕES INTERNACIONAIS        ,4
42001013175P3,SEGURANÇA CIDADÃ,UNIVERSIDADE FEDERAL DO RIO GRANDE DO SUL,UFRGS,Prof.,CIÊNCIA POLÍTICA E RELAÇÕES INTERNACIONAIS        ,3
33144010173P2,RELAÇÕES INTERNACIONAIS,UNIVERSIDADE FEDERAL DO ABC,UFABC,Aca.,CIÊNCIA POLÍTICA E RELAÇÕES INTERNACIONAIS        ,3
42002010163P5,RELAÇÕES INTERNACIONAIS,UNIVERSIDADE FEDERAL DE SANTA MARIA,UFSM,Aca.,CIÊNCIA POLÍTICA E RELAÇÕES INTERNACIONAIS        ,3
32025017005P1,SEGURANÇA PÚBLICA E CIDADANIA,UNIVERSIDADE DO ESTADO DE MINAS GERAIS,UEMG,Prof.,CIÊNCIA POLÍTICA E RELAÇÕES INTERNACIONAIS        ,3
33011010014P0,SEGURANÇA DE AVIAÇÃO E AERONAVEGABILIDADE CONTINUADA,INSTITUTO TECNOLÓGICO DE AERONÁUTICA,ITA,Prof.,CIÊNCIA POLÍTICA E RELAÇÕES INTERNACIONAIS        ,3
33005010046P2,GOVERNANÇA GLOBAL E FORMULAÇÃO DE POLÍTICAS INTERNACIONAIS,PONTIFÍCIA UNIVERSIDADE CATÓLICA DE SÃO PAULO,PUCSP,Prof.,CIÊNCIA POLÍTICA E RELAÇÕES INTERNACIONAIS        ,3
33324000001P2,SEGURANÇA INTERNACIONAL E DEFESA,ESCOLA SUPERIOR DE GUERRA,ESG,Aca.,CIÊNCIA POLÍTICA E RELAÇÕES INTERNACIONAIS        ,3
40043010009P0,RELAÇÕES INTERNACIONAIS,UNIVERSIDADE FEDERAL DA INTEGRAÇÃO LATINO-AMERICANA,UNILA,Aca.,CIÊNCIA POLÍTICA E RELAÇÕES INTERNACIONAIS        ,3
21001014082P6,CIÊNCIA POLÍTICA,UNIVERSIDADE FEDERAL DO PIAUÍ,UFPI,Aca.,CIÊNCIA POLÍTICA E RELAÇÕES INTERNACIONAIS        ,3
53062000001P8,POLÍTICAS PÚBLICAS E GOVERNO,FUNDAÇÃO GETULIO VARGAS - BRASÍLIA,FGV-BSB,Aca.,CIÊNCIA POLÍTICA E RELAÇÕES INTERNACIONAIS        ,3
53013018002P7,AVALIAÇÃO E MONITORAMENTO DE POLÍTICAS PÚBLICAS ,ESCOLA NACIONAL DE ADMINISTRAÇÃO PÚBLICA,ENAP,Prof.,CIÊNCIA POLÍTICA E RELAÇÕES INTERNACIONAIS        ,3
15001016043P3,HISTÓRIA,UNIVERSIDADE FEDERAL DO PARÁ,UFPA,Aca.,HISTÓRIA                                          ,5
21001014009P7,HISTÓRIA,UNIVERSIDADE FEDERAL DO PIAUÍ,UFPI,Aca.,HISTÓRIA                                          ,4
22001018033P8,HISTÓRIA,UNIVERSIDADE FEDERAL DO CEARÁ,UFC,Aca.,HISTÓRIA                                          ,5
25001019015P8,HISTÓRIA,UNIVERSIDADE FEDERAL DE PERNAMBUCO,UFPE,Aca.,HISTÓRIA                                          ,5
28001010022P6,HISTÓRIA,UNIVERSIDADE FEDERAL DA BAHIA,UFBA,Aca.,HISTÓRIA                                          ,5
30001013017P5,HISTÓRIA,UNIVERSIDADE FEDERAL DO ESPÍRITO SANTO,UFES,Aca.,HISTÓRIA                                          ,5
31001017023P8,HISTÓRIA SOCIAL,UNIVERSIDADE FEDERAL DO RIO DE JANEIRO,UFRJ,Aca.,HISTÓRIA                                          ,7
31001017119P5,HISTÓRIA COMPARADA,UNIVERSIDADE FEDERAL DO RIO DE JANEIRO,UFRJ,Aca.,HISTÓRIA                                          ,5
31003010005P6,HISTÓRIA,UNIVERSIDADE FEDERAL FLUMINENSE,UFF,Aca.,HISTÓRIA                                          ,7
31004016024P3,HISTÓRIA,UNIVERSIDADE DO ESTADO DO RIO DE JANEIRO,UERJ,Aca.,HISTÓRIA                                          ,5
31005012024P0,HISTÓRIA SOCIAL  DA CULTURA,PONTIFÍCIA UNIVERSIDADE CATÓLICA DO RIO DE JANEIRO,PUC-RIO,Aca.,HISTÓRIA                                          ,6
31010016006P1,História das Ciências e da Saúde,FUNDAÇÃO OSWALDO CRUZ,FIOCRUZ,Aca.,HISTÓRIA                                          ,6
31011012009P7,"HISTÓRIA, POLÍTICA E BENS CULTURAIS",FUNDAÇÃO GETULIO VARGAS - RIO DE JANEIRO,FGV-RJ,Prof.,HISTÓRIA                                          ,5
32001010043P1,HISTÓRIA,UNIVERSIDADE FEDERAL DE MINAS GERAIS,UFMG,Aca.,HISTÓRIA                                          ,7
32005016010P1,HISTÓRIA,UNIVERSIDADE FEDERAL DE JUIZ DE FORA,UFJF,Aca.,HISTÓRIA                                          ,6
32006012012P0,HISTÓRIA,UNIVERSIDADE FEDERAL DE UBERLÂNDIA,UFU,Aca.,HISTÓRIA                                          ,4
33002010032P9,HISTÓRIA SOCIAL,UNIVERSIDADE DE SÃO PAULO,USP,Aca.,HISTÓRIA                                          ,7
33002010033P5,HISTÓRIA ECONÔMICA,UNIVERSIDADE DE SÃO PAULO,USP,Aca.,HISTÓRIA                                          ,4
33003017019P9,HISTÓRIA,UNIVERSIDADE ESTADUAL DE CAMPINAS,UNICAMP,Aca.,HISTÓRIA                                          ,7
33004072013P0,HISTÓRIA,UNIVERSIDADE ESTADUAL PAULISTA JÚLIO DE MESQUITA FILHO - CAMPUS FRANCA,UNESP-FRANCA,Aca.,HISTÓRIA                                          ,5
33005010010P8,HISTÓRIA,PONTIFÍCIA UNIVERSIDADE CATÓLICA DE SÃO PAULO,PUCSP,Aca.,HISTÓRIA                                          ,5
40001016009P0,HISTÓRIA,UNIVERSIDADE FEDERAL DO PARANÁ,UFPR,Aca.,HISTÓRIA                                          ,6
40004015025P5,HISTÓRIA,UNIVERSIDADE ESTADUAL DE MARINGÁ,UEM,Aca.,HISTÓRIA                                          ,5
41001010004P5,HISTÓRIA,UNIVERSIDADE FEDERAL DE SANTA CATARINA,UFSC,Aca.,HISTÓRIA                                          ,5
42001013043P0,HISTÓRIA,UNIVERSIDADE FEDERAL DO RIO GRANDE DO SUL,UFRGS,Aca.,HISTÓRIA                                          ,7
42005019005P6,HISTÓRIA,PONTIFÍCIA UNIVERSIDADE CATÓLICA DO RIO GRANDE DO SUL,PUCRS,Aca.,HISTÓRIA                                          ,5
42007011001P3,HISTÓRIA,UNIVERSIDADE DO VALE DO RIO DOS SINOS,UNISINOS,Aca.,HISTÓRIA                                          ,5
42009014003P9,HISTÓRIA,UNIVERSIDADE DE PASSO FUNDO,UPF,Aca.,HISTÓRIA                                          ,4
50001019005P3,HISTÓRIA,UNIVERSIDADE FEDERAL DE MATO GROSSO,UFMT,Aca.,HISTÓRIA                                          ,4
52001016002P0,HISTÓRIA,UNIVERSIDADE FEDERAL DE GOIÁS,UFG,Aca.,HISTÓRIA                                          ,6
53001010011P5,HISTÓRIA,UNIVERSIDADE DE BRASÍLIA,UNB,Aca.,HISTÓRIA                                          ,5
23001011038P2,HISTÓRIA,UNIVERSIDADE FEDERAL DO RIO GRANDE DO NORTE,UFRN,Aca.,HISTÓRIA                                          ,4
24001015045P1,HISTÓRIA,UNIVERSIDADE FEDERAL DA PARAÍBA - CAMPUS JOÃO PESSOA,UFPB-JOÃO PESSOA,Aca.,HISTÓRIA                                          ,4
12001015023P4,HISTÓRIA,UNIVERSIDADE FEDERAL DO AMAZONAS,UFAM,Aca.,HISTÓRIA                                          ,4
40015017007P5,História,UNIVERSIDADE ESTADUAL DO OESTE DO PARANÁ,UNIOESTE,Aca.,HISTÓRIA                                          ,5
31004016046P7,HISTÓRIA SOCIAL,UNIVERSIDADE DO ESTADO DO RIO DE JANEIRO,UERJ,Aca.,HISTÓRIA                                          ,5
31025013003P6,HISTÓRIA,UNIVERSIDADE SALGADO DE OLIVEIRA,UNIVERSO,Aca.,HISTÓRIA                                          ,4
28005015007P9,HISTÓRIA REGIONAL E LOCAL,UNIVERSIDADE DO ESTADO DA BAHIA,UNEB,Aca.,HISTÓRIA                                          ,4
25003011019P6,HISTÓRIA,UNIVERSIDADE FEDERAL RURAL DE PERNAMBUCO,UFRPE,Aca.,HISTÓRIA                                          ,4
31011012012P8,"HISTÓRIA, POLÍTICA E BENS CULTURAIS",FUNDAÇÃO GETULIO VARGAS - RIO DE JANEIRO,FGV-RJ,Aca.,HISTÓRIA                                          ,5
52002012013P8,HISTÓRIA,PONTIFÍCIA UNIVERSIDADE CATÓLICA DE GOIÁS,PUC GOIÁS,Aca.,HISTÓRIA                                          ,4
41002016013P7,HISTÓRIA,FUNDAÇÃO UNIVERSIDADE DO ESTADO DE SANTA CATARINA,UDESC,Aca.,HISTÓRIA                                          ,5
40002012032P9,HISTÓRIA SOCIAL,UNIVERSIDADE ESTADUAL DE LONDRINA,UEL,Aca.,HISTÓRIA                                          ,4
51005018002P2,HISTÓRIA,UNIVERSIDADE FEDERAL DA GRANDE DOURADOS,UFGD,Aca.,HISTÓRIA                                          ,4
24009016018P5,HISTÓRIA,UNIVERSIDADE FEDERAL DE CAMPINA GRANDE,UFCG,Aca.,HISTÓRIA                                          ,3
32007019015P6,História,UNIVERSIDADE FEDERAL DE OURO PRETO,UFOP,Aca.,HISTÓRIA                                          ,5
31021018010P7,HISTORIA,UNIVERSIDADE FEDERAL DO ESTADO DO RIO DE JANEIRO,UNIRIO,Aca.,HISTÓRIA                                          ,6
28002016009P2,HISTÓRIA,UNIVERSIDADE ESTADUAL DE FEIRA DE SANTANA,UEFS,Aca.,HISTÓRIA                                          ,3
31002013019P7,HISTÓRIA,UNIVERSIDADE FEDERAL RURAL DO RIO DE JANEIRO,UFRRJ,Aca.,HISTÓRIA                                          ,5
32018010003P6,HISTÓRIA,UNIVERSIDADE FEDERAL DE SÃO JOÃO DEL-REI,UFSJ,Aca.,HISTÓRIA                                          ,4
42003016036P6,História,UNIVERSIDADE FEDERAL DE PELOTAS,UFPEL,Aca.,HISTÓRIA                                          ,4
20001010024P3,HISTÓRIA,UNIVERSIDADE FEDERAL DO MARANHÃO,UFMA,Aca.,HISTÓRIA                                          ,4
42002010051P2,HISTÓRIA,UNIVERSIDADE FEDERAL DE SANTA MARIA,UFSM,Aca.,HISTÓRIA                                          ,5
32014015008P2,HISTORIA,UNIVERSIDADE ESTADUAL DE MONTES CLAROS,UNIMONTES,Aca.,HISTÓRIA                                          ,4
40014010008P5,Hístória,UNIVERSIDADE ESTADUAL DO CENTRO-OESTE,UNICENTRO,Aca.,HISTÓRIA                                          ,3
33009015078P3,História,UNIVERSIDADE FEDERAL DE SÃO PAULO,UNIFESP,Aca.,HISTÓRIA                                          ,4
27001016043P7,História,UNIVERSIDADE FEDERAL DE SERGIPE,UFS,Aca.,HISTÓRIA                                          ,4
42004012023P8,HISTÓRIA,UNIVERSIDADE FEDERAL DO RIO GRANDE,FURG,Prof.,HISTÓRIA                                          ,4
40005011014P0,História,UNIVERSIDADE ESTADUAL DE PONTA GROSSA,UEPG,Aca.,HISTÓRIA                                          ,4
26001012034P5,História,UNIVERSIDADE FEDERAL DE ALAGOAS,UFAL,Aca.,HISTÓRIA                                          ,4
42008018016P7,História,UNIVERSIDADE DE CAXIAS DO SUL,UCS,Prof.,HISTÓRIA                                          ,4
20002017008P4,História,UNIVERSIDADE ESTADUAL DO MARANHÃO,UEMA,Prof.,HISTÓRIA                                          ,5
28022017011P0,"HISTÓRIA DA ÁFRICA, DA DIÁSPORA E DOS POVOS INDÍGENAS",UNIVERSIDADE FEDERAL DO RECÔNCAVO DA BAHIA,UFRB,Prof.,HISTÓRIA                                          ,4
32002017048P0,"Patrimônio Cultural, Paisagens e Cidadania",UNIVERSIDADE FEDERAL DE VIÇOSA,UFV,Prof.,HISTÓRIA                                          ,3
32011016014P3,História Ibérica,UNIVERSIDADE FEDERAL DE ALFENAS,UNIFAL-MG,Prof.,HISTÓRIA                                          ,4
28005015070P2,HISTÓRIA,UNIVERSIDADE DO ESTADO DA BAHIA,UNEB,Aca.,HISTÓRIA                                          ,3
41020014008P4,HISTÓRIA,UNIVERSIDADE FEDERAL DA FRONTEIRA SUL,UFFS,Aca.,HISTÓRIA                                          ,4
25002015009P4,HISTÓRIA,UNIVERSIDADE CATÓLICA DE PERNAMBUCO,UNICAP,Prof.,HISTÓRIA                                          ,3
28005015071P9,"ESTUDOS AFRICANOS, POVOS INDÍGENAS E CULTURAS NEGRAS",UNIVERSIDADE DO ESTADO DA BAHIA,UNEB,Aca.,HISTÓRIA                                          ,3
28007018076P3,HISTÓRIA: ATLÂNTICO E DIÁSPORA AFRICANA,UNIVERSIDADE ESTADUAL DE SANTA CRUZ,UESC,Aca.,HISTÓRIA                                          ,3
15025012073P9,HISTÓRIA,UNIVERSIDADE FEDERAL DO SUL E SUDESTE DO PARÁ,UNIFESSPA,Aca.,HISTÓRIA                                          ,3
40043010010P9,HISTÓRIA ,UNIVERSIDADE FEDERAL DA INTEGRAÇÃO LATINO-AMERICANA,UNILA,Aca.,HISTÓRIA                                          ,3
52012018013P0,HISTÓRIA,UNIVERSIDADE ESTADUAL DE GOIÁS,UEG,Aca.,HISTÓRIA                                          ,3
52012018014P6,ESTUDOS CULTURAIS MEMORIA E PATRIMÔNIO,UNIVERSIDADE ESTADUAL DE GOIÁS,UEG,Prof.,HISTÓRIA                                          ,3
23001011179P5,HISTÓRIA,UNIVERSIDADE FEDERAL DO RIO GRANDE DO NORTE,UFRN,Aca.,HISTÓRIA                                          ,3
40076016007P2,HISTÓRIA,UNIVERSIDADE ESTADUAL DO PARANÁ,UNESPAR,Aca.,HISTÓRIA                                          ,3
14001012159P9,HISTÓRIA,UNIVERSIDADE FEDERAL DO AMAPÁ,UNIFAP,Aca.,HISTÓRIA                                          ,3
16003012174P6,HISTÓRIA DAS POPULAÇÕES AMAZÔNICAS,UNIVERSIDADE FEDERAL DO TOCANTINS,UFT,Prof.,HISTÓRIA                                          ,3
52059006007P6,HISTORIA,UNIVERSIDADE FEDERAL DE CATALÃO,UFCAT,Prof.,HISTÓRIA                                          ,3
15001016008P3,LETRAS: LINGÜÍSTICA E TEORIA LITERÁRIA,UNIVERSIDADE FEDERAL DO PARÁ,UFPA,Aca.,LINGUíSTICA E LITERATURA,6
21001014008P0,LETRAS,UNIVERSIDADE FEDERAL DO PIAUÍ,UFPI,Aca.,LINGUíSTICA E LITERATURA,4
22001018018P9,LETRAS,UNIVERSIDADE FEDERAL DO CEARÁ,UFC,Aca.,LINGUíSTICA E LITERATURA,5
22001018024P9,LINGÜÍSTICA,UNIVERSIDADE FEDERAL DO CEARÁ,UFC,Aca.,LINGUíSTICA E LITERATURA,5
22003010008P6,LINGÜÍSTICA APLICADA,UNIVERSIDADE ESTADUAL DO CEARÁ,UECE,Aca.,LINGUíSTICA E LITERATURA,5
23001011013P0,ESTUDOS DA LINGUAGEM,UNIVERSIDADE FEDERAL DO RIO GRANDE DO NORTE,UFRN,Aca.,LINGUíSTICA E LITERATURA,4
24009016015P6,LINGUAGEM E ENSINO,UNIVERSIDADE FEDERAL DE CAMPINA GRANDE,UFCG,Aca.,LINGUíSTICA E LITERATURA,4
25001019032P0,LETRAS,UNIVERSIDADE FEDERAL DE PERNAMBUCO,UFPE,Aca.,LINGUíSTICA E LITERATURA,5
25002015003P6,CIÊNCIAS DA LINGUAGEM,UNIVERSIDADE CATÓLICA DE PERNAMBUCO,UNICAP,Aca.,LINGUíSTICA E LITERATURA,5
26001012001P0,Linguística e Literatura,UNIVERSIDADE FEDERAL DE ALAGOAS,UFAL,Aca.,LINGUíSTICA E LITERATURA,4
28002016003P4,Estudos Literários,UNIVERSIDADE ESTADUAL DE FEIRA DE SANTANA,UEFS,Aca.,LINGUíSTICA E LITERATURA,5
30001013013P0,LETRAS,UNIVERSIDADE FEDERAL DO ESPÍRITO SANTO,UFES,Aca.,LINGUíSTICA E LITERATURA,5
31001017067P5,LINGÜÍSTICA,UNIVERSIDADE FEDERAL DO RIO DE JANEIRO,UFRJ,Aca.,LINGUíSTICA E LITERATURA,6
31001017069P8,LETRAS (LETRAS CLÁSSICAS),UNIVERSIDADE FEDERAL DO RIO DE JANEIRO,UFRJ,Aca.,LINGUíSTICA E LITERATURA,4
31001017070P6,LETRAS (LETRAS VERNÁCULAS),UNIVERSIDADE FEDERAL DO RIO DE JANEIRO,UFRJ,Aca.,LINGUíSTICA E LITERATURA,7
31001017071P2,LETRAS (CIÊNCIA DA LITERATURA),UNIVERSIDADE FEDERAL DO RIO DE JANEIRO,UFRJ,Aca.,LINGUíSTICA E LITERATURA,6
31001017085P3,INTERDISCIPLINAR LINGÜÍSTICA APLICADA,UNIVERSIDADE FEDERAL DO RIO DE JANEIRO,UFRJ,Aca.,LINGUíSTICA E LITERATURA,5
31001017086P0,LETRAS NEOLATINAS,UNIVERSIDADE FEDERAL DO RIO DE JANEIRO,UFRJ,Aca.,LINGUíSTICA E LITERATURA,6
31004016009P4,LETRAS,UNIVERSIDADE DO ESTADO DO RIO DE JANEIRO,UERJ,Aca.,LINGUíSTICA E LITERATURA,5
32001010056P6,ESTUDOS LITERÁRIOS,UNIVERSIDADE FEDERAL DE MINAS GERAIS,UFMG,Aca.,LINGUíSTICA E LITERATURA,6
32001010057P2,ESTUDOS LINGÜÍSTICOS,UNIVERSIDADE FEDERAL DE MINAS GERAIS,UFMG,Aca.,LINGUíSTICA E LITERATURA,6
32006012007P7,ESTUDOS LINGÜÍSTICOS,UNIVERSIDADE FEDERAL DE UBERLÂNDIA,UFU,Aca.,LINGUíSTICA E LITERATURA,6
32008015001P1,LETRAS,PONTIFÍCIA UNIVERSIDADE CATÓLICA DE MINAS GERAIS,PUC MINAS,Aca.,LINGUíSTICA E LITERATURA,6
32018010002P0,TEORIA LITERARIA E CRITICA DA CULTURA,UNIVERSIDADE FEDERAL DE SÃO JOÃO DEL-REI,UFSJ,Aca.,LINGUíSTICA E LITERATURA,4
33002010103P3,LINGÜÍSTICA,UNIVERSIDADE DE SÃO PAULO,USP,Aca.,LINGUíSTICA E LITERATURA,6
33002010104P0,"LETRAS (LÍNGUA,  LITERATURA E CULTURA ITALIANAS)",UNIVERSIDADE DE SÃO PAULO,USP,Aca.,LINGUíSTICA E LITERATURA,5
33002010105P6,LETRAS (LÍNGUA E LITERATURA ALEMÃ),UNIVERSIDADE DE SÃO PAULO,USP,Aca.,LINGUíSTICA E LITERATURA,4
33002010106P2,LETRAS (LETRAS CLÁSSICAS),UNIVERSIDADE DE SÃO PAULO,USP,Aca.,LINGUíSTICA E LITERATURA,5
33002010107P9,FILOLOGIA E LÍNGUA PORTUGUESA,UNIVERSIDADE DE SÃO PAULO,USP,Aca.,LINGUíSTICA E LITERATURA,5
33002010108P5,Letras Estrangeiras e Tradução,UNIVERSIDADE DE SÃO PAULO,USP,Aca.,LINGUíSTICA E LITERATURA,6
33002010109P1,ESTUDOS LINGUÍSTICOS  E LITERÁRIOS EM INGLÊS,UNIVERSIDADE DE SÃO PAULO,USP,Aca.,LINGUíSTICA E LITERATURA,5
33002010110P0,LITERATURA BRASILEIRA,UNIVERSIDADE DE SÃO PAULO,USP,Aca.,LINGUíSTICA E LITERATURA,6
33002010111P6,LETRAS (LITERATURA PORTUGUESA),UNIVERSIDADE DE SÃO PAULO,USP,Aca.,LINGUíSTICA E LITERATURA,4
33002010112P2,LETRAS (TEORIA LITERÁRIA E LITERATURA COMPARADA),UNIVERSIDADE DE SÃO PAULO,USP,Aca.,LINGUíSTICA E LITERATURA,5
33002010113P9,LETRAS (LÍNGUA ESPANHOLA E LIT. ESPANHOLA E HISPANO-AMERIC.),UNIVERSIDADE DE SÃO PAULO,USP,Aca.,LINGUíSTICA E LITERATURA,5
33002010168P8,LETRAS (EST.COMP. DE LITER. DE LÍNGUA PORTUGUESA),UNIVERSIDADE DE SÃO PAULO,USP,Aca.,LINGUíSTICA E LITERATURA,5
33002010175P4,LETRAS (LÍNGUA LITERATURA E CULTURA JAPONESA),UNIVERSIDADE DE SÃO PAULO,USP,Aca.,LINGUíSTICA E LITERATURA,4
33002010184P3,LITERATURA E CULTURA RUSSA,UNIVERSIDADE DE SÃO PAULO,USP,Aca.,LINGUíSTICA E LITERATURA,3
33003017030P2,LINGÜÍSTICA,UNIVERSIDADE ESTADUAL DE CAMPINAS,UNICAMP,Aca.,LINGUíSTICA E LITERATURA,7
33003017031P9,TEORIA E HISTÓRIA LITERÁRIA,UNIVERSIDADE ESTADUAL DE CAMPINAS,UNICAMP,Aca.,LINGUíSTICA E LITERATURA,6
33003017043P7,LINGÜÍSTICA APLICADA,UNIVERSIDADE ESTADUAL DE CAMPINAS,UNICAMP,Aca.,LINGUíSTICA E LITERATURA,6
33004030009P4,LINGUÍSTICA E LÍNGUA PORTUGUESA,UNIVERSIDADE ESTADUAL PAULISTA JÚLIO DE MESQUITA FILHO - CAMPUS ARARAQUARA,UNESP-ARARAQUARA,Aca.,LINGUíSTICA E LITERATURA,6
33004030016P0,ESTUDOS LITERÁRIOS,UNIVERSIDADE ESTADUAL PAULISTA JÚLIO DE MESQUITA FILHO - CAMPUS ARARAQUARA,UNESP-ARARAQUARA,Aca.,LINGUíSTICA E LITERATURA,5
33004048019P1,LETRAS,UNIVERSIDADE ESTADUAL PAULISTA JÚLIO DE MESQUITA FILHO - CAMPUS ASSIS,UNESP-ASSIS,Aca.,LINGUíSTICA E LITERATURA,5
33004153015P2,LETRAS,UNIVERSIDADE ESTADUAL PAULISTA JÚLIO DE MESQUITA FILHO - CAMPUS SÃO JOSÉ DO RIO PRETO,UNESP-SÃO JOSÉ DO RIO PRETO,Aca.,LINGUíSTICA E LITERATURA,5
33004153069P5,ESTUDOS LINGÜÍSTICOS,UNIVERSIDADE ESTADUAL PAULISTA JÚLIO DE MESQUITA FILHO - CAMPUS SÃO JOSÉ DO RIO PRETO,UNESP-SÃO JOSÉ DO RIO PRETO,Aca.,LINGUíSTICA E LITERATURA,7
33005010022P6,LÍNGUA PORTUGUESA,PONTIFÍCIA UNIVERSIDADE CATÓLICA DE SÃO PAULO,PUCSP,Aca.,LINGUíSTICA E LITERATURA,5
33005010023P2,LINGÜÍSTICA APLICADA E ESTUDOS DA LINGUAGEM,PONTIFÍCIA UNIVERSIDADE CATÓLICA DE SÃO PAULO,PUCSP,Aca.,LINGUíSTICA E LITERATURA,5
33005010029P0,LITERATURA E CRÍTICA LITERÁRIA,PONTIFÍCIA UNIVERSIDADE CATÓLICA DE SÃO PAULO,PUCSP,Aca.,LINGUíSTICA E LITERATURA,4
33021015007P1,LINGÜÍSTICA APLICADA,UNIVERSIDADE DE TAUBATÉ,UNITAU,Aca.,LINGUíSTICA E LITERATURA,3
33024014015P3,LETRAS,UNIVERSIDADE PRESBITERIANA MACKENZIE,MACKENZIE,Aca.,LINGUíSTICA E LITERATURA,7
40001016016P7,LETRAS,UNIVERSIDADE FEDERAL DO PARANÁ,UFPR,Aca.,LINGUíSTICA E LITERATURA,7
40002012012P8,LETRAS,UNIVERSIDADE ESTADUAL DE LONDRINA,UEL,Aca.,LINGUíSTICA E LITERATURA,4
40002012022P3,ESTUDOS DA LINGUAGEM,UNIVERSIDADE ESTADUAL DE LONDRINA,UEL,Aca.,LINGUíSTICA E LITERATURA,4
40004015014P3,LETRAS,UNIVERSIDADE ESTADUAL DE MARINGÁ,UEM,Aca.,LINGUíSTICA E LITERATURA,6
40015017003P0,Letras,UNIVERSIDADE ESTADUAL DO OESTE DO PARANÁ,UNIOESTE,Aca.,LINGUíSTICA E LITERATURA,5
41001010012P8,Inglês:Estudos Lingüísticos e Literários,UNIVERSIDADE FEDERAL DE SANTA CATARINA,UFSC,Aca.,LINGUíSTICA E LITERATURA,5
41001010013P4,LITERATURA,UNIVERSIDADE FEDERAL DE SANTA CATARINA,UFSC,Aca.,LINGUíSTICA E LITERATURA,5
41001010014P0,LINGÜÍSTICA,UNIVERSIDADE FEDERAL DE SANTA CATARINA,UFSC,Aca.,LINGUíSTICA E LITERATURA,6
41001010053P6,ESTUDOS DA TRADUÇÃO,UNIVERSIDADE FEDERAL DE SANTA CATARINA,UFSC,Aca.,LINGUíSTICA E LITERATURA,6
41008014001P7,CIÊNCIAS DA LINGUAGEM,UNIVERSIDADE DO SUL DE SANTA CATARINA,UNISUL,Aca.,LINGUíSTICA E LITERATURA,5
42001013031P1,LETRAS,UNIVERSIDADE FEDERAL DO RIO GRANDE DO SUL,UFRGS,Aca.,LINGUíSTICA E LITERATURA,7
42002010014P0,LETRAS,UNIVERSIDADE FEDERAL DE SANTA MARIA,UFSM,Aca.,LINGUíSTICA E LITERATURA,5
42004012010P3,LETRAS,UNIVERSIDADE FEDERAL DO RIO GRANDE,FURG,Aca.,LINGUíSTICA E LITERATURA,4
42005019009P1,LINGÜÍSTICA E LETRAS,PONTIFÍCIA UNIVERSIDADE CATÓLICA DO RIO GRANDE DO SUL,PUCRS,Aca.,LINGUíSTICA E LITERATURA,7
42007011013P1,LINGÜÍSTICA APLICADA,UNIVERSIDADE DO VALE DO RIO DOS SINOS,UNISINOS,Aca.,LINGUíSTICA E LITERATURA,6
42008018005P5,Letras e Cultura,UNIVERSIDADE DE CAXIAS DO SUL,UCS,Aca.,LINGUíSTICA E LITERATURA,4
42009014005P1,LETRAS,UNIVERSIDADE DE PASSO FUNDO,UPF,Aca.,LINGUíSTICA E LITERATURA,5
50001019008P2,ESTUDOS DE LINGUAGEM,UNIVERSIDADE FEDERAL DE MATO GROSSO,UFMT,Aca.,LINGUíSTICA E LITERATURA,5
51001012011P6,LETRAS,UNIVERSIDADE FEDERAL DE MATO GROSSO DO SUL,UFMS,Aca.,LINGUíSTICA E LITERATURA,5
52001016004P2,LETRAS E LINGUÍSTICA,UNIVERSIDADE FEDERAL DE GOIÁS,UFG,Aca.,LINGUíSTICA E LITERATURA,6
53001010022P7,LITERATURA,UNIVERSIDADE DE BRASÍLIA,UNB,Aca.,LINGUíSTICA E LITERATURA,5
53001010023P3,LINGÜÍSTICA,UNIVERSIDADE DE BRASÍLIA,UNB,Aca.,LINGUíSTICA E LITERATURA,5
42020018003P5,LETRAS,UNIVERSIDADE DE SANTA CRUZ DO SUL,UNISC,Aca.,LINGUíSTICA E LITERATURA,4
33001014021P0,LINGUÍSTICA,UNIVERSIDADE FEDERAL DE SÃO CARLOS,UFSCAR,Aca.,LINGUíSTICA E LITERATURA,5
52002012010P9,LETRAS,PONTIFÍCIA UNIVERSIDADE CATÓLICA DE GOIÁS,PUC GOIÁS,Aca.,LINGUíSTICA E LITERATURA,4
11001011003P0,LETRAS- LINGUAGEM E IDENTIDADE,UNIVERSIDADE FEDERAL DO ACRE,UFAC,Aca.,LINGUíSTICA E LITERATURA,5
30001013022P9,LINGÜÍSTICA,UNIVERSIDADE FEDERAL DO ESPÍRITO SANTO,UFES,Aca.,LINGUíSTICA E LITERATURA,5
33093016005P4,LINGÜÍSTICA,UNIVERSIDADE DE FRANCA,UNIFRAN,Aca.,LINGUíSTICA E LITERATURA,4
28005015003P3,ESTUDO DE LINGUAGENS,UNIVERSIDADE DO ESTADO DA BAHIA,UNEB,Aca.,LINGUíSTICA E LITERATURA,4
32006012022P6,Estudos Literários,UNIVERSIDADE FEDERAL DE UBERLÂNDIA,UFU,Aca.,LINGUíSTICA E LITERATURA,5
51001012020P5,ESTUDOS DE LINGUAGENS,UNIVERSIDADE FEDERAL DE MATO GROSSO DO SUL,UFMS,Aca.,LINGUíSTICA E LITERATURA,4
24004014004P2,LITERATURA E INTERCULTURALIDADE,UNIVERSIDADE ESTADUAL DA PARAÍBA,UEPB,Aca.,LINGUíSTICA E LITERATURA,4
40035018001P0,TEORIA LITERÁRIA,CENTRO UNIVERSITÁRIO CAMPOS DE ANDRADE,UNIANDRADE,Aca.,LINGUíSTICA E LITERATURA,4
24001015048P0,LINGÜÍSTICA,UNIVERSIDADE FEDERAL DA PARAÍBA - CAMPUS JOÃO PESSOA,UFPB-JOÃO PESSOA,Aca.,LINGUíSTICA E LITERATURA,6
32005016020P7,LETRAS: ESTUDOS LITERÁRIOS,UNIVERSIDADE FEDERAL DE JUIZ DE FORA,UFJF,Aca.,LINGUíSTICA E LITERATURA,5
24001015051P1,LETRAS,UNIVERSIDADE FEDERAL DA PARAÍBA - CAMPUS JOÃO PESSOA,UFPB-JOÃO PESSOA,Aca.,LINGUíSTICA E LITERATURA,5
32005016022P0,LINGÜÍSTICA,UNIVERSIDADE FEDERAL DE JUIZ DE FORA,UFJF,Aca.,LINGUíSTICA E LITERATURA,6
27001016021P3,LETRAS,UNIVERSIDADE FEDERAL DE SERGIPE,UFS,Aca.,LINGUíSTICA E LITERATURA,4
23002018004P7,LETRAS,UNIVERSIDADE DO ESTADO DO RIO GRANDE DO NORTE,UERN,Aca.,LINGUíSTICA E LITERATURA,5
28007018009P4,LINGUAGENS E REPRESENTAÇÕES,UNIVERSIDADE ESTADUAL DE SANTA CRUZ,UESC,Aca.,LINGUíSTICA E LITERATURA,4
51005018007P4,Letras,UNIVERSIDADE FEDERAL DA GRANDE DOURADOS,UFGD,Aca.,LINGUíSTICA E LITERATURA,4
13001019005P9,LETRAS,UNIVERSIDADE FEDERAL DE RORAIMA,UFRR,Aca.,LINGUíSTICA E LITERATURA,4
32002017038P4,LETRAS,UNIVERSIDADE FEDERAL DE VIÇOSA,UFV,Aca.,LINGUíSTICA E LITERATURA,4
53001010078P2,LINGÜÍSTICA APLICADA,UNIVERSIDADE DE BRASÍLIA,UNB,Aca.,LINGUíSTICA E LITERATURA,4
32014015007P6,LETRAS-ESTUDOS LITERÁRIOS,UNIVERSIDADE ESTADUAL DE MONTES CLAROS,UNIMONTES,Aca.,LINGUíSTICA E LITERATURA,3
32020015006P6,ESTUDOS DE LINGUAGENS,CENTRO FEDERAL DE EDUCAÇÃO TECNOLÓGICA DE MINAS GERAIS,CEFET-MG,Aca.,LINGUíSTICA E LITERATURA,5
28005015008P5,CRÍTICA CULTURAL,UNIVERSIDADE DO ESTADO DA BAHIA,UNEB,Aca.,LINGUíSTICA E LITERATURA,5
40005011012P7,Estudos da Linguagem,UNIVERSIDADE ESTADUAL DE PONTA GROSSA,UEPG,Aca.,LINGUíSTICA E LITERATURA,4
28006011008P1,"Letras: Cultura, Educação e Linguagens",UNIVERSIDADE ESTADUAL DO SUDOESTE DA BAHIA,UESB,Aca.,LINGUíSTICA E LITERATURA,3
32007019021P6,Letras: estudos da linguagem,UNIVERSIDADE FEDERAL DE OURO PRETO,UFOP,Aca.,LINGUíSTICA E LITERATURA,4
50002015003P7,Línguística,UNIVERSIDADE DO ESTADO DE MATO GROSSO CARLOS ALBERTO REYES MALDONADO,UNEMAT,Aca.,LINGUíSTICA E LITERATURA,4
50002015004P3,Estudos Literários,UNIVERSIDADE DO ESTADO DE MATO GROSSO CARLOS ALBERTO REYES MALDONADO,UNEMAT,Aca.,LINGUíSTICA E LITERATURA,4
12001015037P5,LETRAS,UNIVERSIDADE FEDERAL DO AMAZONAS,UFAM,Aca.,LINGUíSTICA E LITERATURA,3
10001018010P4,Letras,UNIVERSIDADE FEDERAL DE RONDÔNIA,UNIR,Aca.,LINGUíSTICA E LITERATURA,4
28001010078P1,LÍNGUA E CULTURA,UNIVERSIDADE FEDERAL DA BAHIA,UFBA,Aca.,LINGUíSTICA E LITERATURA,5
28001010079P8,LITERATURA E CULTURA,UNIVERSIDADE FEDERAL DA BAHIA,UFBA,Aca.,LINGUíSTICA E LITERATURA,5
31003010073P1,Estudos de Linguagem,UNIVERSIDADE FEDERAL FLUMINENSE,UFF,Aca.,LINGUíSTICA E LITERATURA,6
31003010074P8,Estudos de Literatura,UNIVERSIDADE FEDERAL FLUMINENSE,UFF,Aca.,LINGUíSTICA E LITERATURA,7
28002016012P3,Estudos Linguísticos,UNIVERSIDADE ESTADUAL DE FEIRA DE SANTANA,UEFS,Aca.,LINGUíSTICA E LITERATURA,5
28006011011P2,Linguística,UNIVERSIDADE ESTADUAL DO SUDOESTE DA BAHIA,UESB,Aca.,LINGUíSTICA E LITERATURA,5
21002010001P2,LETRAS,UNIVERSIDADE ESTADUAL DO PIAUÍ,UESPI,Aca.,LINGUíSTICA E LITERATURA,5
42003016039P5,Letras,UNIVERSIDADE FEDERAL DE PELOTAS,UFPEL,Aca.,LINGUíSTICA E LITERATURA,5
40014010007P9,Letras,UNIVERSIDADE ESTADUAL DO CENTRO-OESTE,UNICENTRO,Aca.,LINGUíSTICA E LITERATURA,5
10001018012P7,Estudos Literários,UNIVERSIDADE FEDERAL DE RONDÔNIA,UNIR,Aca.,LINGUíSTICA E LITERATURA,4
33002010216P2,Estudos Judaicos e Arabes,UNIVERSIDADE DE SÃO PAULO,USP,Aca.,LINGUíSTICA E LITERATURA,3
31005012037P4,Estudos da linguagem,PONTIFÍCIA UNIVERSIDADE CATÓLICA DO RIO DE JANEIRO,PUC-RIO,Aca.,LINGUíSTICA E LITERATURA,6
31005012038P0,"LITERATURA, CULTURA E CONTEMPORANEIDADE",PONTIFÍCIA UNIVERSIDADE CATÓLICA DO RIO DE JANEIRO,PUC-RIO,Aca.,LINGUíSTICA E LITERATURA,6
33001014041P1,Estudos de literatura,UNIVERSIDADE FEDERAL DE SÃO CARLOS,UFSCAR,Aca.,LINGUíSTICA E LITERATURA,4
53001010091P9,Estudos de Tradução,UNIVERSIDADE DE BRASÍLIA,UNB,Aca.,LINGUíSTICA E LITERATURA,4
51004011005P5,Letras,UNIVERSIDADE ESTADUAL DE MATO GROSSO DO SUL,UEMS,Aca.,LINGUíSTICA E LITERATURA,3
41020014001P0,Estudos Linguísticos,UNIVERSIDADE FEDERAL DA FRONTEIRA SUL,UFFS,Aca.,LINGUíSTICA E LITERATURA,4
33002010224P5,ESTUDOS DA TRADUÇÃO,UNIVERSIDADE DE SÃO PAULO,USP,Aca.,LINGUíSTICA E LITERATURA,4
24001015066P9,LINGUÍSTICA E ENSINO,UNIVERSIDADE FEDERAL DA PARAÍBA - CAMPUS JOÃO PESSOA,UFPB-JOÃO PESSOA,Prof.,LINGUíSTICA E LITERATURA,4
42046017010P3,Ensino de Línguas,UNIVERSIDADE FEDERAL DO PAMPA,UNIPAMPA,Prof.,LINGUíSTICA E LITERATURA,4
40002012050P7,Letras Estrangeiras Modernas,UNIVERSIDADE ESTADUAL DE LONDRINA,UEL,Prof.,LINGUíSTICA E LITERATURA,4
33009015089P5,Letras,UNIVERSIDADE FEDERAL DE SÃO PAULO,UNIFESP,Aca.,LINGUíSTICA E LITERATURA,4
22001018083P5,Estudos da Tradução,UNIVERSIDADE FEDERAL DO CEARÁ,UFC,Aca.,LINGUíSTICA E LITERATURA,4
20001010032P6,Letras,UNIVERSIDADE FEDERAL DO MARANHÃO,UFMA,Aca.,LINGUíSTICA E LITERATURA,3
40006018035P3,ESTUDOS DE LINGUAGENS,UNIVERSIDADE TECNOLÓGICA FEDERAL DO PARANÁ,UTFPR,Aca.,LINGUíSTICA E LITERATURA,4
40006018036P0,LETRAS,UNIVERSIDADE TECNOLÓGICA FEDERAL DO PARANÁ,UTFPR,Aca.,LINGUíSTICA E LITERATURA,4
32032013002P5,LETRAS,CENTRO UNIVERSITÁRIO ACADEMIA,UNIACADEMIA,Aca.,LINGUíSTICA E LITERATURA,2
12008010039P6,LETRAS E ARTES,UNIVERSIDADE DO ESTADO DO AMAZONAS,UEA,Aca.,LINGUíSTICA E LITERATURA,4
16003012159P7,LETRAS,UNIVERSIDADE FEDERAL DO TOCANTINS,UFT,Aca.,LINGUíSTICA E LITERATURA,4
31001017167P0,LINGUÍSTICA E LÍNGUAS INDÍGENAS,UNIVERSIDADE FEDERAL DO RIO DE JANEIRO,UFRJ,Prof.,LINGUíSTICA E LITERATURA,4
20002017040P5,LETRAS,UNIVERSIDADE ESTADUAL DO MARANHÃO,UEMA,Aca.,LINGUíSTICA E LITERATURA,4
40043010005P5,LITERATURA COMPARADA,UNIVERSIDADE FEDERAL DA INTEGRAÇÃO LATINO-AMERICANA,UNILA,Aca.,LINGUíSTICA E LITERATURA,4
23002018073P9,CIÊNCIAS DA LINGUAGEM,UNIVERSIDADE DO ESTADO DO RIO GRANDE DO NORTE,UERN,Aca.,LINGUíSTICA E LITERATURA,3
31004016160P4,LETRAS E LINGUÍSTICA,UNIVERSIDADE DO ESTADO DO RIO DE JANEIRO,UERJ,Aca.,LINGUíSTICA E LITERATURA,4
50002015156P8,LETRAS,UNIVERSIDADE DO ESTADO DE MATO GROSSO CARLOS ALBERTO REYES MALDONADO,UNEMAT,Aca.,LINGUíSTICA E LITERATURA,4
41025016001P1,PRÁTICAS TRANSCULTURAIS,CENTRO UNIVERSITÁRIO FACVEST,UNIFACVEST,Prof.,LINGUíSTICA E LITERATURA,2
15025012070P0,LETRAS,UNIVERSIDADE FEDERAL DO SUL E SUDESTE DO PARÁ,UNIFESSPA,Aca.,LINGUíSTICA E LITERATURA,4
52012018011P7,"LÍNGUA, LITERATURA E INTERCULTURALIDADE",UNIVERSIDADE ESTADUAL DE GOIÁS,UEG,Aca.,LINGUíSTICA E LITERATURA,4
32004010047P0,LETRAS,UNIVERSIDADE FEDERAL DE LAVRAS,UFLA,Aca.,LINGUíSTICA E LITERATURA,3
14001012160P7,LETRAS,UNIVERSIDADE FEDERAL DO AMAPÁ,UNIFAP,Aca.,LINGUíSTICA E LITERATURA,3
15006018010P0,ENSINO DE LÍNGUA PORTUGUESA E SUAS RESPECTIVAS LITERATURAS          ,UNIVERSIDADE DO ESTADO DO PARÁ,UEPA,Prof.,LINGUíSTICA E LITERATURA,3
22011013004P0,ESTUDOS DA LINGUAGEM,UNIVERSIDADE DA INTEGRAÇÃO INTERNACIONAL DA LUSOFONIA AFRO-BRASILEIRA,UNILAB,Aca.,LINGUíSTICA E LITERATURA,3
22005013005P0,LETRAS,UNIVERSIDADE REGIONAL DO CARIRI,URCA,Aca.,LINGUíSTICA E LITERATURA,3
21018006001P7,LETRAS,UNIVERSIDADE ESTADUAL DA REGIÃO TOCANTINA DO MARANHÃO,UEMASUL,Prof.,LINGUíSTICA E LITERATURA,3
31047017001P0,EDUCAÇÃO BILÍNGUE,INSTITUTO NACIONAL DE EDUCAÇÃO DE SURDOS,INES,Prof.,LINGUíSTICA E LITERATURA,3
20001010052P7,LETRAS,UNIVERSIDADE FEDERAL DO MARANHÃO,UFMA,Aca.,LINGUíSTICA E LITERATURA,3
25003011075P3,ESTUDOS DA LINGUAGEM,UNIVERSIDADE FEDERAL RURAL DE PERNAMBUCO,UFRPE,Aca.,LINGUíSTICA E LITERATURA,3
52059006005P3,ESTUDOS DA LINGUAGEM,UNIVERSIDADE FEDERAL DE CATALÃO,UFCAT,Aca.,LINGUíSTICA E LITERATURA,4
17010004005P0,Linguística e Literatura,UNIVERSIDADE FEDERAL DO NORTE DO TOCANTINS,UFNT,Aca.,LINGUíSTICA E LITERATURA,5
12001015003P3,AGRONOMIA TROPICAL,UNIVERSIDADE FEDERAL DO AMAZONAS,UFAM,Aca.,CIÊNCIAS AGRÁRIAS I                               ,4
12001015016P8,CIÊNCIAS FLORESTAIS E AMBIENTAIS,UNIVERSIDADE FEDERAL DO AMAZONAS,UFAM,Aca.,CIÊNCIAS AGRÁRIAS I                               ,4
12002011006P9,CIÊNCIAS DE FLORESTAS TROPICAIS,INSTITUTO NACIONAL DE PESQUISAS DA AMAZÔNIA,INPA,Aca.,CIÊNCIAS AGRÁRIAS I                               ,5
12002011010P6,AGRICULTURA NO TRÓPICO ÚMIDO,INSTITUTO NACIONAL DE PESQUISAS DA AMAZÔNIA,INPA,Aca.,CIÊNCIAS AGRÁRIAS I                               ,4
15002012001P5,AGRONOMIA,UNIVERSIDADE FEDERAL RURAL DA AMAZÔNIA,UFRA,Aca.,CIÊNCIAS AGRÁRIAS I                               ,5
20002017001P0,CIÊNCIAS AGRÁRIAS,UNIVERSIDADE ESTADUAL DO MARANHÃO,UEMA,Aca.,CIÊNCIAS AGRÁRIAS I                               ,4
21001014007P4,Agronomia,UNIVERSIDADE FEDERAL DO PIAUÍ,UFPI,Aca.,CIÊNCIAS AGRÁRIAS I                               ,4
22001018012P0,AGRONOMIA (FITOTECNIA),UNIVERSIDADE FEDERAL DO CEARÁ,UFC,Aca.,CIÊNCIAS AGRÁRIAS I                               ,5
22001018013P7,Ciência do Solo,UNIVERSIDADE FEDERAL DO CEARÁ,UFC,Aca.,CIÊNCIAS AGRÁRIAS I                               ,4
22001018014P3,ENGENHARIA AGRÍCOLA,UNIVERSIDADE FEDERAL DO CEARÁ,UFC,Aca.,CIÊNCIAS AGRÁRIAS I                               ,5
23003014011P0,FITOTECNIA,UNIVERSIDADE FEDERAL RURAL DO SEMI-ÁRIDO,UFERSA,Aca.,CIÊNCIAS AGRÁRIAS I                               ,6
24001031020P0,AGRONOMIA,UNIVERSIDADE FEDERAL DA PARAÍBA - CAMPUS AREIA,UFPB-AREIA,Aca.,CIÊNCIAS AGRÁRIAS I                               ,5
24001031021P6,Ciência do Solo,UNIVERSIDADE FEDERAL DA PARAÍBA - CAMPUS AREIA,UFPB-AREIA,Aca.,CIÊNCIAS AGRÁRIAS I                               ,3
24009016007P3,ENGENHARIA AGRÍCOLA,UNIVERSIDADE FEDERAL DE CAMPINA GRANDE,UFCG,Aca.,CIÊNCIAS AGRÁRIAS I                               ,5
25003011002P6,FITOPATOLOGIA,UNIVERSIDADE FEDERAL RURAL DE PERNAMBUCO,UFRPE,Aca.,CIÊNCIAS AGRÁRIAS I                               ,5
25003011003P2,Ciência do Solo,UNIVERSIDADE FEDERAL RURAL DE PERNAMBUCO,UFRPE,Aca.,CIÊNCIAS AGRÁRIAS I                               ,5
25003011010P9,BIOMETRIA E ESTATÍSTICA APLICADA,UNIVERSIDADE FEDERAL RURAL DE PERNAMBUCO,UFRPE,Aca.,CIÊNCIAS AGRÁRIAS I                               ,5
25003011013P8,CIÊNCIAS FLORESTAIS,UNIVERSIDADE FEDERAL RURAL DE PERNAMBUCO,UFRPE,Aca.,CIÊNCIAS AGRÁRIAS I                               ,4
25003011015P0,AGRONOMIA ( MELHORAMENTO GENÉTICO DE PLANTAS),UNIVERSIDADE FEDERAL RURAL DE PERNAMBUCO,UFRPE,Aca.,CIÊNCIAS AGRÁRIAS I                               ,4
25003011017P3,ENTOMOLOGIA,UNIVERSIDADE FEDERAL RURAL DE PERNAMBUCO,UFRPE,Aca.,CIÊNCIAS AGRÁRIAS I                               ,6
26001012010P9,AGRONOMIA (PRODUÇÃO VEGETAL),UNIVERSIDADE FEDERAL DE ALAGOAS,UFAL,Aca.,CIÊNCIAS AGRÁRIAS I                               ,4
28006011001P7,AGRONOMIA (FITOTECNIA),UNIVERSIDADE ESTADUAL DO SUDOESTE DA BAHIA,UESB,Aca.,CIÊNCIAS AGRÁRIAS I                               ,4
28007018003P6,GENÉTICA E BIOLOGIA MOLECULAR,UNIVERSIDADE ESTADUAL DE SANTA CRUZ,UESC,Aca.,CIÊNCIAS AGRÁRIAS I                               ,5
28007018005P9,PRODUÇÃO VEGETAL,UNIVERSIDADE ESTADUAL DE SANTA CRUZ,UESC,Aca.,CIÊNCIAS AGRÁRIAS I                               ,5
30001013016P9,BIOLOGIA VEGETAL,UNIVERSIDADE FEDERAL DO ESPÍRITO SANTO,UFES,Aca.,CIÊNCIAS AGRÁRIAS I                               ,4
30001013019P8,Agronomia,UNIVERSIDADE FEDERAL DO ESPÍRITO SANTO,UFES,Aca.,CIÊNCIAS AGRÁRIAS I                               ,4
31002013002P7,AGRONOMIA (CIÊNCIAS DO SOLO),UNIVERSIDADE FEDERAL RURAL DO RIO DE JANEIRO,UFRRJ,Aca.,CIÊNCIAS AGRÁRIAS I                               ,7
31002013010P0,FITOTECNIA,UNIVERSIDADE FEDERAL RURAL DO RIO DE JANEIRO,UFRRJ,Aca.,CIÊNCIAS AGRÁRIAS I                               ,4
31002013011P6,CIÊNCIAS AMBIENTAIS E FLORESTAIS,UNIVERSIDADE FEDERAL RURAL DO RIO DE JANEIRO,UFRRJ,Aca.,CIÊNCIAS AGRÁRIAS I                               ,5
31033016001P2,PRODUÇÃO VEGETAL,UNIVERSIDADE ESTADUAL DO NORTE FLUMINENSE DARCY RIBEIRO,UENF,Aca.,CIÊNCIAS AGRÁRIAS I                               ,5
32002017001P3,FITOTECNIA (PRODUÇÃO VEGETAL),UNIVERSIDADE FEDERAL DE VIÇOSA,UFV,Aca.,CIÊNCIAS AGRÁRIAS I                               ,6
32002017002P0,AGRONOMIA (FITOPATOLOGIA),UNIVERSIDADE FEDERAL DE VIÇOSA,UFV,Aca.,CIÊNCIAS AGRÁRIAS I                               ,7
32002017003P6,MICROBIOLOGIA AGRÍCOLA,UNIVERSIDADE FEDERAL DE VIÇOSA,UFV,Aca.,CIÊNCIAS AGRÁRIAS I                               ,7
32002017004P2,GENÉTICA E MELHORAMENTO,UNIVERSIDADE FEDERAL DE VIÇOSA,UFV,Aca.,CIÊNCIAS AGRÁRIAS I                               ,7
32002017005P9,CIÊNCIAS AGRÁRIAS (FISIOLOGIA VEGETAL),UNIVERSIDADE FEDERAL DE VIÇOSA,UFV,Aca.,CIÊNCIAS AGRÁRIAS I                               ,7
32002017006P5,ENGENHARIA AGRÍCOLA,UNIVERSIDADE FEDERAL DE VIÇOSA,UFV,Aca.,CIÊNCIAS AGRÁRIAS I                               ,6
32002017007P1,AGRONOMIA (SOLOS E NUTRIÇÃO DE PLANTAS),UNIVERSIDADE FEDERAL DE VIÇOSA,UFV,Aca.,CIÊNCIAS AGRÁRIAS I                               ,6
32002017008P8,EXTENSÃO RURAL,UNIVERSIDADE FEDERAL DE VIÇOSA,UFV,Aca.,CIÊNCIAS AGRÁRIAS I                               ,5
32002017012P5,CIÊNCIA FLORESTAL,UNIVERSIDADE FEDERAL DE VIÇOSA,UFV,Aca.,CIÊNCIAS AGRÁRIAS I                               ,6
32002017014P8,AGRONOMIA (METEOROLOGIA APLICADA),UNIVERSIDADE FEDERAL DE VIÇOSA,UFV,Aca.,CIÊNCIAS AGRÁRIAS I                               ,5
32002017015P4,AGROQUÍMICA,UNIVERSIDADE FEDERAL DE VIÇOSA,UFV,Aca.,CIÊNCIAS AGRÁRIAS I                               ,5
32002017016P0,ENTOMOLOGIA,UNIVERSIDADE FEDERAL DE VIÇOSA,UFV,Aca.,CIÊNCIAS AGRÁRIAS I                               ,7
32004010001P0,AGRONOMIA (FITOTECNIA),UNIVERSIDADE FEDERAL DE LAVRAS,UFLA,Aca.,CIÊNCIAS AGRÁRIAS I                               ,6
32004010002P6,CIÊNCIA DO SOLO,UNIVERSIDADE FEDERAL DE LAVRAS,UFLA,Aca.,CIÊNCIAS AGRÁRIAS I                               ,7
32004010006P1,GENÉTICA E MELHORAMENTO DE PLANTAS,UNIVERSIDADE FEDERAL DE LAVRAS,UFLA,Aca.,CIÊNCIAS AGRÁRIAS I                               ,7
32004010007P8,ENTOMOLOGIA,UNIVERSIDADE FEDERAL DE LAVRAS,UFLA,Aca.,CIÊNCIAS AGRÁRIAS I                               ,6
32004010008P4,AGRONOMIA (FISIOLOGIA VEGETAL),UNIVERSIDADE FEDERAL DE LAVRAS,UFLA,Aca.,CIÊNCIAS AGRÁRIAS I                               ,5
32004010009P0,ENGENHARIA AGRÍCOLA,UNIVERSIDADE FEDERAL DE LAVRAS,UFLA,Aca.,CIÊNCIAS AGRÁRIAS I                               ,5
32004010010P9,ENGENHARIA FLORESTAL,UNIVERSIDADE FEDERAL DE LAVRAS,UFLA,Aca.,CIÊNCIAS AGRÁRIAS I                               ,5
32004010011P5,ESTATÍSTICA E EXPERIMENTAÇÃO AGROPECUÁRIA,UNIVERSIDADE FEDERAL DE LAVRAS,UFLA,Aca.,CIÊNCIAS AGRÁRIAS I                               ,5
32004010012P1,AGRONOMIA (FITOPATOLOGIA),UNIVERSIDADE FEDERAL DE LAVRAS,UFLA,Aca.,CIÊNCIAS AGRÁRIAS I                               ,5
32004010013P8,AGROQUÍMICA,UNIVERSIDADE FEDERAL DE LAVRAS,UFLA,Aca.,CIÊNCIAS AGRÁRIAS I                               ,5
32004010014P4,MICROBIOLOGIA AGRÍCOLA,UNIVERSIDADE FEDERAL DE LAVRAS,UFLA,Aca.,CIÊNCIAS AGRÁRIAS I                               ,6
32006012015P0,AGRONOMIA,UNIVERSIDADE FEDERAL DE UBERLÂNDIA,UFU,Aca.,CIÊNCIAS AGRÁRIAS I                               ,5
33002037001P7,ENTOMOLOGIA,UNIVERSIDADE DE SÃO PAULO - ESCOLA SUPERIOR DE AGRICULTURA LUIZ DE QUEIROZ,USP-ESALQ,Aca.,CIÊNCIAS AGRÁRIAS I                               ,7
33002037002P3,AGRONOMIA (FITOPATOLOGIA),UNIVERSIDADE DE SÃO PAULO - ESCOLA SUPERIOR DE AGRICULTURA LUIZ DE QUEIROZ,USP-ESALQ,Aca.,CIÊNCIAS AGRÁRIAS I                               ,7
33002037003P0,FITOTECNIA,UNIVERSIDADE DE SÃO PAULO - ESCOLA SUPERIOR DE AGRICULTURA LUIZ DE QUEIROZ,USP-ESALQ,Aca.,CIÊNCIAS AGRÁRIAS I                               ,6
33002037004P6,AGRONOMIA (GENÉTICA E MELHORAMENTO DE PLANTAS),UNIVERSIDADE DE SÃO PAULO - ESCOLA SUPERIOR DE AGRICULTURA LUIZ DE QUEIROZ,USP-ESALQ,Aca.,CIÊNCIAS AGRÁRIAS I                               ,7
33002037005P2,AGRONOMIA (MICROBIOLOGIA AGRÍCOLA),UNIVERSIDADE DE SÃO PAULO - ESCOLA SUPERIOR DE AGRICULTURA LUIZ DE QUEIROZ,USP-ESALQ,Aca.,CIÊNCIAS AGRÁRIAS I                               ,5
33002037006P9,AGRONOMIA (SOLOS E NUTRIÇÃO DE PLANTAS),UNIVERSIDADE DE SÃO PAULO - ESCOLA SUPERIOR DE AGRICULTURA LUIZ DE QUEIROZ,USP-ESALQ,Aca.,CIÊNCIAS AGRÁRIAS I                               ,7
33002037008P1,AGRONOMIA (ESTATÍSTICA  E EXPERIMENTAÇÃO AGRONÔMICA),UNIVERSIDADE DE SÃO PAULO - ESCOLA SUPERIOR DE AGRICULTURA LUIZ DE QUEIROZ,USP-ESALQ,Aca.,CIÊNCIAS AGRÁRIAS I                               ,5
33002037016P4,FISIOLOGIA BIOQUÍMICA DE PLANTAS,UNIVERSIDADE DE SÃO PAULO - ESCOLA SUPERIOR DE AGRICULTURA LUIZ DE QUEIROZ,USP-ESALQ,Aca.,CIÊNCIAS AGRÁRIAS I                               ,5
33002037021P8,RECURSOS FLORESTAIS,UNIVERSIDADE DE SÃO PAULO - ESCOLA SUPERIOR DE AGRICULTURA LUIZ DE QUEIROZ,USP-ESALQ,Aca.,CIÊNCIAS AGRÁRIAS I                               ,6
33002061001P3,CIÊNCIAS (ENERGIA NUCLEAR NA AGRICULTURA),UNIVERSIDADE DE SÃO PAULO - CENTRO DE ENERGIA NUCLEAR NA AGRICULTURA,USP-CENA,Aca.,CIÊNCIAS AGRÁRIAS I                               ,7
33003017026P5,ENGENHARIA AGRÍCOLA,UNIVERSIDADE ESTADUAL DE CAMPINAS,UNICAMP,Aca.,CIÊNCIAS AGRÁRIAS I                               ,5
33004064014P0,AGRONOMIA (HORTICULTURA),UNIVERSIDADE ESTADUAL PAULISTA JÚLIO DE MESQUITA FILHO - CAMPUS BOTUCATU,UNESP-BOTUCATU,Aca.,CIÊNCIAS AGRÁRIAS I                               ,5
33004064034P1,AGRONOMIA (PROTEÇÃO DE PLANTAS),UNIVERSIDADE ESTADUAL PAULISTA JÚLIO DE MESQUITA FILHO - CAMPUS BOTUCATU,UNESP-BOTUCATU,Aca.,CIÊNCIAS AGRÁRIAS I                               ,6
33004064038P7,Engenharia Agrícola,UNIVERSIDADE ESTADUAL PAULISTA JÚLIO DE MESQUITA FILHO - CAMPUS BOTUCATU,UNESP-BOTUCATU,Aca.,CIÊNCIAS AGRÁRIAS I                               ,5
33004064039P3,AGRONOMIA (AGRICULTURA),UNIVERSIDADE ESTADUAL PAULISTA JÚLIO DE MESQUITA FILHO - CAMPUS BOTUCATU,UNESP-BOTUCATU,Aca.,CIÊNCIAS AGRÁRIAS I                               ,5
33004099079P1,AGRONOMIA,UNIVERSIDADE ESTADUAL PAULISTA JÚLIO DE MESQUITA FILHO - CAMPUS ILHA SOLTEIRA,UNESP-ILHA SOLTEIRA,Aca.,CIÊNCIAS AGRÁRIAS I                               ,5
33004102001P4,AGRONOMIA (PRODUÇÃO VEGETAL),UNIVERSIDADE ESTADUAL PAULISTA JÚLIO DE MESQUITA FILHO - CAMPUS JABOTICABAL,UNESP-JABOTICABAL,Aca.,CIÊNCIAS AGRÁRIAS I                               ,6
33004102029P6,AGRONOMIA (GENÉTICA E MELHORAMENTO DE PLANTAS),UNIVERSIDADE ESTADUAL PAULISTA JÚLIO DE MESQUITA FILHO - CAMPUS JABOTICABAL,UNESP-JABOTICABAL,Aca.,CIÊNCIAS AGRÁRIAS I                               ,5
33004102037P9,AGRONOMIA (ENTOMOLOGIA AGRÍCOLA),UNIVERSIDADE ESTADUAL PAULISTA JÚLIO DE MESQUITA FILHO - CAMPUS JABOTICABAL,UNESP-JABOTICABAL,Aca.,CIÊNCIAS AGRÁRIAS I                               ,5
33004102070P6,MICROBIOLOGIA AGROPECUÁRIA,UNIVERSIDADE ESTADUAL PAULISTA JÚLIO DE MESQUITA FILHO - CAMPUS JABOTICABAL,UNESP-JABOTICABAL,Aca.,CIÊNCIAS AGRÁRIAS I                               ,6
33004102071P2,AGRONOMIA (CIÊNCIA DO SOLO),UNIVERSIDADE ESTADUAL PAULISTA JÚLIO DE MESQUITA FILHO - CAMPUS JABOTICABAL,UNESP-JABOTICABAL,Aca.,CIÊNCIAS AGRÁRIAS I                               ,5
33054010003P0,AGRONOMIA,UNIVERSIDADE DO OESTE PAULISTA,UNOESTE,Aca.,CIÊNCIAS AGRÁRIAS I                               ,4
33081018001P4,AGRICULTURA TROPICAL E SUBTROPICAL,SECRETARIA DE AGRICULTURA E ABASTECIMENTO DO ESTADO DE SÃO PAULO - INSTITUTO AGRONÔMICO DE CAMPINAS,SAA/SP-IAC,Aca.,CIÊNCIAS AGRÁRIAS I                               ,4
40001016014P4,CIENCIA DO SOLO,UNIVERSIDADE FEDERAL DO PARANÁ,UFPR,Aca.,CIÊNCIAS AGRÁRIAS I                               ,5
40001016015P0,ENGENHARIA FLORESTAL,UNIVERSIDADE FEDERAL DO PARANÁ,UFPR,Aca.,CIÊNCIAS AGRÁRIAS I                               ,5
40001016031P6,AGRONOMIA (PRODUÇÃO VEGETAL),UNIVERSIDADE FEDERAL DO PARANÁ,UFPR,Aca.,CIÊNCIAS AGRÁRIAS I                               ,6
40002012013P4,AGRONOMIA,UNIVERSIDADE ESTADUAL DE LONDRINA,UEL,Aca.,CIÊNCIAS AGRÁRIAS I                               ,6
40004015008P3,AGRONOMIA,UNIVERSIDADE ESTADUAL DE MARINGÁ,UEM,Aca.,CIÊNCIAS AGRÁRIAS I                               ,6
40004015020P3,GENÉTICA E MELHORAMENTO,UNIVERSIDADE ESTADUAL DE MARINGÁ,UEM,Aca.,CIÊNCIAS AGRÁRIAS I                               ,5
40005011006P7,AGRONOMIA,UNIVERSIDADE ESTADUAL DE PONTA GROSSA,UEPG,Aca.,CIÊNCIAS AGRÁRIAS I                               ,5
40015017001P7,ENGENHARIA AGRÍCOLA,UNIVERSIDADE ESTADUAL DO OESTE DO PARANÁ,UNIOESTE,Aca.,CIÊNCIAS AGRÁRIAS I                               ,5
40015017002P3,AGRONOMIA,UNIVERSIDADE ESTADUAL DO OESTE DO PARANÁ,UNIOESTE,Aca.,CIÊNCIAS AGRÁRIAS I                               ,5
41001010041P8,RECURSOS GENÉTICOS VEGETAIS,UNIVERSIDADE FEDERAL DE SANTA CATARINA,UFSC,Aca.,CIÊNCIAS AGRÁRIAS I                               ,6
41002016003P1,CIENCIA DO SOLO,FUNDAÇÃO UNIVERSIDADE DO ESTADO DE SANTA CATARINA,UDESC,Aca.,CIÊNCIAS AGRÁRIAS I                               ,5
41002016007P7,PRODUÇÃO VEGETAL,FUNDAÇÃO UNIVERSIDADE DO ESTADO DE SANTA CATARINA,UDESC,Aca.,CIÊNCIAS AGRÁRIAS I                               ,5
42001013035P7,FITOTECNIA,UNIVERSIDADE FEDERAL DO RIO GRANDE DO SUL,UFRGS,Aca.,CIÊNCIAS AGRÁRIAS I                               ,5
42001013037P0,CIÊNCIA DO SOLO,UNIVERSIDADE FEDERAL DO RIO GRANDE DO SUL,UFRGS,Aca.,CIÊNCIAS AGRÁRIAS I                               ,6
42001013048P1,MICROBIOLOGIA AGRÍCOLA E DO AMBIENTE,UNIVERSIDADE FEDERAL DO RIO GRANDE DO SUL,UFRGS,Aca.,CIÊNCIAS AGRÁRIAS I                               ,5
42002010007P3,AGRONOMIA,UNIVERSIDADE FEDERAL DE SANTA MARIA,UFSM,Aca.,CIÊNCIAS AGRÁRIAS I                               ,6
42002010008P0,ENGENHARIA AGRÍCOLA,UNIVERSIDADE FEDERAL DE SANTA MARIA,UFSM,Aca.,CIÊNCIAS AGRÁRIAS I                               ,5
42002010009P6,EXTENSÃO RURAL,UNIVERSIDADE FEDERAL DE SANTA MARIA,UFSM,Aca.,CIÊNCIAS AGRÁRIAS I                               ,5
42002010015P6,ENGENHARIA FLORESTAL,UNIVERSIDADE FEDERAL DE SANTA MARIA,UFSM,Aca.,CIÊNCIAS AGRÁRIAS I                               ,5
42002010027P4,CIÊNCIA DO SOLO,UNIVERSIDADE FEDERAL DE SANTA MARIA,UFSM,Aca.,CIÊNCIAS AGRÁRIAS I                               ,7
42003016010P7,AGRONOMIA,UNIVERSIDADE FEDERAL DE PELOTAS,UFPEL,Aca.,CIÊNCIAS AGRÁRIAS I                               ,4
42003016016P5,CIÊNCIA E TECNOLOGIA DE SEMENTES,UNIVERSIDADE FEDERAL DE PELOTAS,UFPEL,Aca.,CIÊNCIAS AGRÁRIAS I                               ,4
42003016017P1,FISIOLOGIA VEGETAL,UNIVERSIDADE FEDERAL DE PELOTAS,UFPEL,Aca.,CIÊNCIAS AGRÁRIAS I                               ,4
42003016018P8,FITOSSANIDADE,UNIVERSIDADE FEDERAL DE PELOTAS,UFPEL,Aca.,CIÊNCIAS AGRÁRIAS I                               ,6
42009014001P6,AGRONOMIA,UNIVERSIDADE DE PASSO FUNDO,UPF,Aca.,CIÊNCIAS AGRÁRIAS I                               ,4
50001019002P4,AGRICULTURA TROPICAL,UNIVERSIDADE FEDERAL DE MATO GROSSO,UFMT,Aca.,CIÊNCIAS AGRÁRIAS I                               ,5
51003015002P0,AGRONEGÓCIO SUSTENTÁVEL ,UNIVERSIDADE ANHANGUERA,UNIDERP,Prof.,CIÊNCIAS AGRÁRIAS I                               ,4
52001016006P5,AGRONOMIA,UNIVERSIDADE FEDERAL DE GOIÁS,UFG,Aca.,CIÊNCIAS AGRÁRIAS I                               ,5
52004015001P2,PRODUÇÃO VEGETAL,UNIVERSIDADE DE RIO VERDE,FESURV,Aca.,CIÊNCIAS AGRÁRIAS I                               ,4
53001010021P0,FITOPATOLOGIA,UNIVERSIDADE DE BRASÍLIA,UNB,Aca.,CIÊNCIAS AGRÁRIAS I                               ,5
53001010046P3,CIÊNCIAS FLORESTAIS,UNIVERSIDADE DE BRASÍLIA,UNB,Aca.,CIÊNCIAS AGRÁRIAS I                               ,4
31033016015P3,GENÉTICA E MELHORAMENTO DE PLANTAS,UNIVERSIDADE ESTADUAL DO NORTE FLUMINENSE DARCY RIBEIRO,UENF,Aca.,CIÊNCIAS AGRÁRIAS I                               ,6
25003011018P0,ENGENHARIA AGRÍCOLA,UNIVERSIDADE FEDERAL RURAL DE PERNAMBUCO,UFRPE,Aca.,CIÊNCIAS AGRÁRIAS I                               ,6
42003016023P1,CIÊNCIA E TECNOLOGIA DE SEMENTES,UNIVERSIDADE FEDERAL DE PELOTAS,UFPEL,Prof.,CIÊNCIAS AGRÁRIAS I                               ,4
32010010002P2,PRODUÇÃO VEGETAL,UNIVERSIDADE FEDERAL DOS VALES DO JEQUITINHONHA E MUCURI,UFVJM,Aca.,CIÊNCIAS AGRÁRIAS I                               ,5
11001011004P7,PRODUÇÃO VEGETAL,UNIVERSIDADE FEDERAL DO ACRE,UFAC,Aca.,CIÊNCIAS AGRÁRIAS I                               ,4
32004010016P7,BIOTECNOLOGIA VEGETAL,UNIVERSIDADE FEDERAL DE LAVRAS,UFLA,Aca.,CIÊNCIAS AGRÁRIAS I                               ,5
50001019016P5,CIÊNCIAS FLORESTAIS E AMBIENTAIS,UNIVERSIDADE FEDERAL DE MATO GROSSO,UFMT,Aca.,CIÊNCIAS AGRÁRIAS I                               ,4
32001010073P8,PRODUÇÃO VEGETAL,UNIVERSIDADE FEDERAL DE MINAS GERAIS,UFMG,Aca.,CIÊNCIAS AGRÁRIAS I                               ,4
31002013018P0,FITOSSANIDADE E BIOTECNOLOGIA APLICADA,UNIVERSIDADE FEDERAL RURAL DO RIO DE JANEIRO,UFRRJ,Aca.,CIÊNCIAS AGRÁRIAS I                               ,3
28005015005P6,Agronomia: Horticultura Irrigada,UNIVERSIDADE DO ESTADO DA BAHIA,UNEB,Aca.,CIÊNCIAS AGRÁRIAS I                               ,4
32014015001P8,PRODUÇÃO VEGETAL NO SEMIÁRIDO,UNIVERSIDADE ESTADUAL DE MONTES CLAROS,UNIMONTES,Aca.,CIÊNCIAS AGRÁRIAS I                               ,4
40028011003P0,BIOTECNOLOGIA APLICADA À AGRICULTURA,UNIVERSIDADE PARANAENSE,UNIPAR,Aca.,CIÊNCIAS AGRÁRIAS I                               ,5
32016018002P7,SISTEMAS DE PRODUÇÃO NA AGROPECUÁRIA,UNIVERSIDADE PROFESSOR EDSON ANTÔNIO VELANO,UNIFENAS,Prof.,CIÊNCIAS AGRÁRIAS I                               ,4
42003016025P4,SISTEMAS DE PRODUÇÃO AGRÍCOLA FAMILIAR,UNIVERSIDADE FEDERAL DE PELOTAS,UFPEL,Aca.,CIÊNCIAS AGRÁRIAS I                               ,5
40014010003P3,AGRONOMIA,UNIVERSIDADE ESTADUAL DO CENTRO-OESTE,UNICENTRO,Aca.,CIÊNCIAS AGRÁRIAS I                               ,4
40014010004P0,CIÊNCIAS FLORESTAIS,UNIVERSIDADE ESTADUAL DO CENTRO-OESTE,UNICENTRO,Aca.,CIÊNCIAS AGRÁRIAS I                               ,4
40006018005P7,AGRONOMIA,UNIVERSIDADE TECNOLÓGICA FEDERAL DO PARANÁ,UTFPR,Aca.,CIÊNCIAS AGRÁRIAS I                               ,4
13001019004P2,AGRONOMIA,UNIVERSIDADE FEDERAL DE RORAIMA,UFRR,Aca.,CIÊNCIAS AGRÁRIAS I                               ,4
16003012003P7,PRODUÇÃO VEGETAL,UNIVERSIDADE FEDERAL DO TOCANTINS,UFT,Aca.,CIÊNCIAS AGRÁRIAS I                               ,5
32002017033P2,ESTATÍSTICA APLICADA E BIOMETRIA,UNIVERSIDADE FEDERAL DE VIÇOSA,UFV,Aca.,CIÊNCIAS AGRÁRIAS I                               ,5
33004064082P6,CIÊNCIA FLORESTAL,UNIVERSIDADE ESTADUAL PAULISTA JÚLIO DE MESQUITA FILHO - CAMPUS BOTUCATU,UNESP-BOTUCATU,Aca.,CIÊNCIAS AGRÁRIAS I                               ,5
52012018002P8,ENGENHARIA AGRÍCOLA,UNIVERSIDADE ESTADUAL DE GOIÁS,UEG,Aca.,CIÊNCIAS AGRÁRIAS I                               ,4
32004010018P0,CIÊNCIA E TECNOLOGIA DA MADEIRA,UNIVERSIDADE FEDERAL DE LAVRAS,UFLA,Aca.,CIÊNCIAS AGRÁRIAS I                               ,5
28022017001P5,CIÊNCIAS AGRÁRIAS,UNIVERSIDADE FEDERAL DO RECÔNCAVO DA BAHIA,UFRB,Aca.,CIÊNCIAS AGRÁRIAS I                               ,4
51005018001P6,AGRONOMIA,UNIVERSIDADE FEDERAL DA GRANDE DOURADOS,UFGD,Aca.,CIÊNCIAS AGRÁRIAS I                               ,5
28002016010P0,RECURSOS GENÉTICOS VEGETAIS,UNIVERSIDADE ESTADUAL DE FEIRA DE SANTANA,UEFS,Aca.,CIÊNCIAS AGRÁRIAS I                               ,4
24009016021P6,CIÊNCIAS FLORESTAIS,UNIVERSIDADE FEDERAL DE CAMPINA GRANDE,UFCG,Aca.,CIÊNCIAS AGRÁRIAS I                               ,3
30001013032P4,CIÊNCIAS FLORESTAIS,UNIVERSIDADE FEDERAL DO ESPÍRITO SANTO,UFES,Aca.,CIÊNCIAS AGRÁRIAS I                               ,5
16003012005P0,AGROENERGIA DIGITAL,UNIVERSIDADE FEDERAL DO TOCANTINS,UFT,Aca.,CIÊNCIAS AGRÁRIAS I                               ,3
32002017036P1,TECNOLOGIA DE CELULOSE E PAPEL,UNIVERSIDADE FEDERAL DE VIÇOSA,UFV,Prof.,CIÊNCIAS AGRÁRIAS I                               ,4
53001010071P8,AGRONOMIA,UNIVERSIDADE DE BRASÍLIA,UNB,Aca.,CIÊNCIAS AGRÁRIAS I                               ,4
28022017003P8,RECURSOS GENÉTICOS VEGETAIS,UNIVERSIDADE FEDERAL DO RECÔNCAVO DA BAHIA,UFRB,Aca.,CIÊNCIAS AGRÁRIAS I                               ,5
51004011001P0,AGRONOMIA,UNIVERSIDADE ESTADUAL DE MATO GROSSO DO SUL,UEMS,Aca.,CIÊNCIAS AGRÁRIAS I                               ,4
33150010001P3,Fitossanidade dos citros,FUNDO DE DEFESA DA CITRICULTURA,FUNDECITRUS,Prof.,CIÊNCIAS AGRÁRIAS I                               ,5
33001014034P5,AGRICULTURA E AMBIENTE,UNIVERSIDADE FEDERAL DE SÃO CARLOS,UFSCAR,Aca.,CIÊNCIAS AGRÁRIAS I                               ,4
42002010047P5,AGROBIOLOGIA,UNIVERSIDADE FEDERAL DE SANTA MARIA,UFSM,Aca.,CIÊNCIAS AGRÁRIAS I                               ,4
32010010005P1,CIÊNCIA FLORESTAL,UNIVERSIDADE FEDERAL DOS VALES DO JEQUITINHONHA E MUCURI,UFVJM,Aca.,CIÊNCIAS AGRÁRIAS I                               ,4
40015017013P5,Engenharia de Energia na Agricultura,UNIVERSIDADE ESTADUAL DO OESTE DO PARANÁ,UNIOESTE,Aca.,CIÊNCIAS AGRÁRIAS I                               ,5
31002013023P4,Agricultura Orgânica,UNIVERSIDADE FEDERAL RURAL DO RIO DE JANEIRO,UFRRJ,Prof.,CIÊNCIAS AGRÁRIAS I                               ,4
24004014012P5,CIÊNCIAS AGRÁRIAS,UNIVERSIDADE ESTADUAL DA PARAÍBA,UEPB,Aca.,CIÊNCIAS AGRÁRIAS I                               ,5
52001016047P3,Genética e Melhoramento de Plantas,UNIVERSIDADE FEDERAL DE GOIÁS,UFG,Aca.,CIÊNCIAS AGRÁRIAS I                               ,5
32004010022P7,Recursos Hídricos,UNIVERSIDADE FEDERAL DE LAVRAS,UFLA,Aca.,CIÊNCIAS AGRÁRIAS I                               ,5
12002011012P9,Gestão de Áreas Protegidas na Amazônia,INSTITUTO NACIONAL DE PESQUISAS DA AMAZÔNIA,INPA,Prof.,CIÊNCIAS AGRÁRIAS I                               ,3
30001013042P0,AGRICULTURA TROPICAL,UNIVERSIDADE FEDERAL DO ESPÍRITO SANTO,UFES,Aca.,CIÊNCIAS AGRÁRIAS I                               ,4
25003011028P5,Produção Agrícola,UNIVERSIDADE FEDERAL RURAL DE PERNAMBUCO,UFRPE,Aca.,CIÊNCIAS AGRÁRIAS I                               ,5
28022017007P3,Defesa Agropecuária,UNIVERSIDADE FEDERAL DO RECÔNCAVO DA BAHIA,UFRB,Prof.,CIÊNCIAS AGRÁRIAS I                               ,4
42002010048P1,AGRICULTURA DE PRECISÂO,UNIVERSIDADE FEDERAL DE SANTA MARIA,UFSM,Prof.,CIÊNCIAS AGRÁRIAS I                               ,4
32002017040P9,DEFESA SANITÁRIA VEGETAL,UNIVERSIDADE FEDERAL DE VIÇOSA,UFV,Prof.,CIÊNCIAS AGRÁRIAS I                               ,5
21001014023P0,Ciências Agrárias,UNIVERSIDADE FEDERAL DO PIAUÍ,UFPI,Aca.,CIÊNCIAS AGRÁRIAS I                               ,4
41006011011P0,Engenharia Florestal,UNIVERSIDADE REGIONAL DE BLUMENAU,FURB,Aca.,CIÊNCIAS AGRÁRIAS I                               ,4
26001012029P1,Proteção de Plantas,UNIVERSIDADE FEDERAL DE ALAGOAS,UFAL,Aca.,CIÊNCIAS AGRÁRIAS I                               ,4
50001019030P8,ENGENHARIA AGRÍCOLA,UNIVERSIDADE FEDERAL DE MATO GROSSO,UFMT,Aca.,CIÊNCIAS AGRÁRIAS I                               ,3
25003011030P0,Produção Vegetal,UNIVERSIDADE FEDERAL RURAL DE PERNAMBUCO,UFRPE,Aca.,CIÊNCIAS AGRÁRIAS I                               ,4
32002017041P5,AGRONOMIA (PRODUÇÃO VEGETAL),UNIVERSIDADE FEDERAL DE VIÇOSA,UFV,Aca.,CIÊNCIAS AGRÁRIAS I                               ,4
25020013004P3,Engenharia Agrícola,UNIVERSIDADE FEDERAL DO VALE DO SÃO FRANCISCO,UNIVASF,Aca.,CIÊNCIAS AGRÁRIAS I                               ,4
42002010052P9,AGRONOMIA - AGRICULTURA E AMBIENTE,UNIVERSIDADE FEDERAL DE SANTA MARIA,UFSM,Aca.,CIÊNCIAS AGRÁRIAS I                               ,5
33002037023P0,Engenharia de Sistemas Agrícolas,UNIVERSIDADE DE SÃO PAULO - ESCOLA SUPERIOR DE AGRICULTURA LUIZ DE QUEIROZ,USP-ESALQ,Aca.,CIÊNCIAS AGRÁRIAS I                               ,6
42003016043P2,Manejo e Conservação do Solo e da Água,UNIVERSIDADE FEDERAL DE PELOTAS,UFPEL,Aca.,CIÊNCIAS AGRÁRIAS I                               ,4
32002017044P4,AGROECOLOGIA,UNIVERSIDADE FEDERAL DE VIÇOSA,UFV,Aca.,CIÊNCIAS AGRÁRIAS I                               ,4
51001012034P6,Agronomia,UNIVERSIDADE FEDERAL DE MATO GROSSO DO SUL,UFMS,Aca.,CIÊNCIAS AGRÁRIAS I                               ,4
52012018003P4,Produção Vegetal,UNIVERSIDADE ESTADUAL DE GOIÁS,UEG,Aca.,CIÊNCIAS AGRÁRIAS I                               ,4
40031012002P1,Produção Agropecuária Sustentável,UNIVERSIDADE ESTADUAL DO NORTE DO PARANÁ,UENP,Aca.,CIÊNCIAS AGRÁRIAS I                               ,3
23003014018P4,MANEJO DE SOLO E ÁGUA,UNIVERSIDADE FEDERAL RURAL DO SEMI-ÁRIDO,UFERSA,Aca.,CIÊNCIAS AGRÁRIAS I                               ,4
51005018014P0,Engenharia Agrícola,UNIVERSIDADE FEDERAL DA GRANDE DOURADOS,UFGD,Aca.,CIÊNCIAS AGRÁRIAS I                               ,3
32004010025P6,BOTÂNICA APLICADA,UNIVERSIDADE FEDERAL DE LAVRAS,UFLA,Aca.,CIÊNCIAS AGRÁRIAS I                               ,5
32004010026P2,Genética e Melhoramento de Plantas,UNIVERSIDADE FEDERAL DE LAVRAS,UFLA,Prof.,CIÊNCIAS AGRÁRIAS I                               ,4
50002015007P2,GENÉTICA E MELHORAMENTO DE PLANTAS,UNIVERSIDADE DO ESTADO DE MATO GROSSO CARLOS ALBERTO REYES MALDONADO,UNEMAT,Aca.,CIÊNCIAS AGRÁRIAS I                               ,4
41002016024P9,Engenharia Florestal,FUNDAÇÃO UNIVERSIDADE DO ESTADO DE SANTA CATARINA,UDESC,Aca.,CIÊNCIAS AGRÁRIAS I                               ,4
26001012033P9,Agricultura e Ambiente,UNIVERSIDADE FEDERAL DE ALAGOAS,UFAL,Aca.,CIÊNCIAS AGRÁRIAS I                               ,3
24009016028P0,Horticultura Tropical,UNIVERSIDADE FEDERAL DE CAMPINA GRANDE,UFCG,Aca.,CIÊNCIAS AGRÁRIAS I                               ,3
50001019034P3,Agronomia,UNIVERSIDADE FEDERAL DE MATO GROSSO,UFMT,Aca.,CIÊNCIAS AGRÁRIAS I                               ,3
24001015064P6,Ciências Agrárias (Agroecologia),UNIVERSIDADE FEDERAL DA PARAÍBA - CAMPUS JOÃO PESSOA,UFPB-JOÃO PESSOA,Aca.,CIÊNCIAS AGRÁRIAS I                               ,3
28022017009P6,Engenharia Agrícola,UNIVERSIDADE FEDERAL DO RECÔNCAVO DA BAHIA,UFRB,Aca.,CIÊNCIAS AGRÁRIAS I                               ,4
23001011061P4,Ciências Florestais,UNIVERSIDADE FEDERAL DO RIO GRANDE DO NORTE,UFRN,Aca.,CIÊNCIAS AGRÁRIAS I                               ,3
32018010012P5,CIÊNCIAS AGRÁRIAS,UNIVERSIDADE FEDERAL DE SÃO JOÃO DEL-REI,UFSJ,Aca.,CIÊNCIAS AGRÁRIAS I                               ,4
52010015003P1,Agroquímica,"INSTITUTO FEDERAL DE EDUCAÇÃO, CIÊNCIA E TECNOLOGIA GOIANO",IF GOIANO,Aca.,CIÊNCIAS AGRÁRIAS I                               ,5
40004015039P6,Ciências Agrárias,UNIVERSIDADE ESTADUAL DE MARINGÁ,UEM,Aca.,CIÊNCIAS AGRÁRIAS I                               ,3
32004010029P1,"Plantas Medicinais, Aromáticas e Condimentares",UNIVERSIDADE FEDERAL DE LAVRAS,UFLA,Aca.,CIÊNCIAS AGRÁRIAS I                               ,4
15002012008P0,Ciências Florestais,UNIVERSIDADE FEDERAL RURAL DA AMAZÔNIA,UFRA,Aca.,CIÊNCIAS AGRÁRIAS I                               ,4
16003012016P1,Ciências Florestais e Ambientais,UNIVERSIDADE FEDERAL DO TOCANTINS,UFT,Aca.,CIÊNCIAS AGRÁRIAS I                               ,4
32011016013P7,Estatística Aplicada e Biometria,UNIVERSIDADE FEDERAL DE ALFENAS,UNIFAL-MG,Aca.,CIÊNCIAS AGRÁRIAS I                               ,3
51004011007P8,AGRONOMIA - Sustentabilidade na Agricultura,UNIVERSIDADE ESTADUAL DE MATO GROSSO DO SUL,UEMS,Aca.,CIÊNCIAS AGRÁRIAS I                               ,3
30001013053P1,Genética e Melhoramento,UNIVERSIDADE FEDERAL DO ESPÍRITO SANTO,UFES,Aca.,CIÊNCIAS AGRÁRIAS I                               ,5
32002017047P3,MANEJO E CONSERVAÇÃO DE ECOSSISTEMAS NATURAIS E AGRÁRIOS,UNIVERSIDADE FEDERAL DE VIÇOSA,UFV,Aca.,CIÊNCIAS AGRÁRIAS I                               ,4
52010015004P8,Ciências Agrárias - Agronomia,"INSTITUTO FEDERAL DE EDUCAÇÃO, CIÊNCIA E TECNOLOGIA GOIANO",IF GOIANO,Aca.,CIÊNCIAS AGRÁRIAS I                               ,5
52010015005P4,Olericultura,"INSTITUTO FEDERAL DE EDUCAÇÃO, CIÊNCIA E TECNOLOGIA GOIANO",IF GOIANO,Prof.,CIÊNCIAS AGRÁRIAS I                               ,4
40004015043P3,Agroecologia,UNIVERSIDADE ESTADUAL DE MARINGÁ,UEM,Prof.,CIÊNCIAS AGRÁRIAS I                               ,4
33001014051P7,Produção Vegetal e Bioprocessos Associados,UNIVERSIDADE FEDERAL DE SÃO CARLOS,UFSCAR,Aca.,CIÊNCIAS AGRÁRIAS I                               ,4
28006011014P1,Ciências Florestais,UNIVERSIDADE ESTADUAL DO SUDOESTE DA BAHIA,UESB,Aca.,CIÊNCIAS AGRÁRIAS I                               ,3
27001016049P5,Agricultura e Biodiversidade,UNIVERSIDADE FEDERAL DE SERGIPE,UFS,Aca.,CIÊNCIAS AGRÁRIAS I                               ,5
32004010031P6,Engenharia de Biomateriais,UNIVERSIDADE FEDERAL DE LAVRAS,UFLA,Aca.,CIÊNCIAS AGRÁRIAS I                               ,6
31002013032P3,Engenharia Agrícola e Ambiental,UNIVERSIDADE FEDERAL RURAL DO RIO DE JANEIRO,UFRRJ,Aca.,CIÊNCIAS AGRÁRIAS I                               ,4
25020013008P9,AGRONOMIA  PRODUÇÃO VEGETAL,UNIVERSIDADE FEDERAL DO VALE DO SÃO FRANCISCO,UNIVASF,Aca.,CIÊNCIAS AGRÁRIAS I                               ,4
29002001001P9,PRODUÇÃO VEGETAL NO SEMIÁRIDO,"INSTITUTO FEDERAL DE EDUCAÇÃO, CIÊNCIA E TECNOLOGIA BAIANO",IFBAIANO,Prof.,CIÊNCIAS AGRÁRIAS I                               ,3
52010015101P3,IRRIGAÇÃO NO CERRADO,"INSTITUTO FEDERAL DE EDUCAÇÃO, CIÊNCIA E TECNOLOGIA GOIANO",IF GOIANO,Prof.,CIÊNCIAS AGRÁRIAS I                               ,4
52010015102P0,PROTEÇÃO DE PLANTAS,"INSTITUTO FEDERAL DE EDUCAÇÃO, CIÊNCIA E TECNOLOGIA GOIANO",IF GOIANO,Prof.,CIÊNCIAS AGRÁRIAS I                               ,4
30004012073P1,AGROECOLOGIA,"INSTITUTO FEDERAL DE EDUCAÇÃO, CIÊNCIA E TECNOLOGIA DO ESPÍRITO SANTO",IFES,Prof.,CIÊNCIAS AGRÁRIAS I                               ,4
40006018043P6,AGROECOSSISTEMAS,UNIVERSIDADE TECNOLÓGICA FEDERAL DO PARANÁ,UTFPR,Aca.,CIÊNCIAS AGRÁRIAS I                               ,3
32048017003P1,PRODUÇÃO VEGETAL,"INSTITUTO FEDERAL DE EDUCAÇÃO, CIÊNCIA E TECNOLOGIA DO TRIÂNGULO MINEIRO",IFTM,Prof.,CIÊNCIAS AGRÁRIAS I                               ,4
30001013104P5,AGROQUÍMICA,UNIVERSIDADE FEDERAL DO ESPÍRITO SANTO,UFES,Aca.,CIÊNCIAS AGRÁRIAS I                               ,4
32016018005P6,AGRICULTURA SUSTENTÁVEL,UNIVERSIDADE PROFESSOR EDSON ANTÔNIO VELANO,UNIFENAS,Aca.,CIÊNCIAS AGRÁRIAS I                               ,4
41001010161P3,ECOSSISTEMAS AGRÍCOLAS E NATURAIS,UNIVERSIDADE FEDERAL DE SANTA CATARINA,UFSC,Aca.,CIÊNCIAS AGRÁRIAS I                               ,4
11001011071P6,CIÊNCIA FLORESTAL,UNIVERSIDADE FEDERAL DO ACRE,UFAC,Aca.,CIÊNCIAS AGRÁRIAS I                               ,3
52010015106P5,BIOENERGIA E GRÃOS,"INSTITUTO FEDERAL DE EDUCAÇÃO, CIÊNCIA E TECNOLOGIA GOIANO",IF GOIANO,Prof.,CIÊNCIAS AGRÁRIAS I                               ,4
20002017041P1,AGRICULTURA E AMBIENTE,UNIVERSIDADE ESTADUAL DO MARANHÃO,UEMA,Aca.,CIÊNCIAS AGRÁRIAS I                               ,3
32001010177P8,CIÊNCIAS FLORESTAIS,UNIVERSIDADE FEDERAL DE MINAS GERAIS,UFMG,Aca.,CIÊNCIAS AGRÁRIAS I                               ,3
52060004001P2,AGRONOMIA (PRODUÇÃO VEGETAL),UNIVERSIDADE FEDERAL DE JATAÍ,UFJ,Aca.,CIÊNCIAS AGRÁRIAS I                               ,3
31005012007P8,TEOLOGIA,PONTIFÍCIA UNIVERSIDADE CATÓLICA DO RIO DE JANEIRO,PUC-RIO,Aca.,CIÊNCIAS DA RELIGIÃO E TEOLOGIA,5
32005016004P1,CIÊNCIA DA RELIGIÃO,UNIVERSIDADE FEDERAL DE JUIZ DE FORA,UFJF,Aca.,CIÊNCIAS DA RELIGIÃO E TEOLOGIA,5
32029012001P1,TEOLOGIA,FACULDADE JESUÍTA DE FILOSOFIA E TEOLOGIA,FAJE,Aca.,CIÊNCIAS DA RELIGIÃO E TEOLOGIA,6
33005010009P0,CIÊNCIA DA RELIGIÃO,PONTIFÍCIA UNIVERSIDADE CATÓLICA DE SÃO PAULO,PUCSP,Aca.,CIÊNCIAS DA RELIGIÃO E TEOLOGIA,5
33017018001P0,CIÊNCIAS DA RELIGIÃO,UNIVERSIDADE METODISTA DE SÃO PAULO,UMESP,Aca.,CIÊNCIAS DA RELIGIÃO E TEOLOGIA,5
42005019012P2,TEOLOGIA,PONTIFÍCIA UNIVERSIDADE CATÓLICA DO RIO GRANDE DO SUL,PUCRS,Aca.,CIÊNCIAS DA RELIGIÃO E TEOLOGIA,4
42016010001P9,TEOLOGIA,FACULDADES EST,EST,Aca.,CIÊNCIAS DA RELIGIÃO E TEOLOGIA,5
42016010002P5,TEOLOGIA,FACULDADES EST,EST,Prof.,CIÊNCIAS DA RELIGIÃO E TEOLOGIA,4
52002012002P6,CIÊNCIAS DA RELIGIÃO,PONTIFÍCIA UNIVERSIDADE CATÓLICA DE GOIÁS,PUC GOIÁS,Aca.,CIÊNCIAS DA RELIGIÃO E TEOLOGIA,5
25002015004P2,CIÊNCIAS DA RELIGIÃO,UNIVERSIDADE CATÓLICA DE PERNAMBUCO,UNICAP,Aca.,CIÊNCIAS DA RELIGIÃO E TEOLOGIA,4
24001015050P5,CIÊNCIAS DAS RELIGIÕES,UNIVERSIDADE FEDERAL DA PARAÍBA - CAMPUS JOÃO PESSOA,UFPB-JOÃO PESSOA,Aca.,CIÊNCIAS DA RELIGIÃO E TEOLOGIA,4
32008015019P8,CIÊNCIAS DA RELIGIÃO,PONTIFÍCIA UNIVERSIDADE CATÓLICA DE MINAS GERAIS,PUC MINAS,Aca.,CIÊNCIAS DA RELIGIÃO E TEOLOGIA,4
40003019017P6,TEOLOGIA,PONTIFÍCIA UNIVERSIDADE CATÓLICA DO PARANÁ,PUCPR,Aca.,CIÊNCIAS DA RELIGIÃO E TEOLOGIA,5
15006018004P0,CIÊNCIAS DA RELIGIÃO,UNIVERSIDADE DO ESTADO DO PARÁ,UEPA,Aca.,CIÊNCIAS DA RELIGIÃO E TEOLOGIA,4
33005010033P8,TEOLOGIA,PONTIFÍCIA UNIVERSIDADE CATÓLICA DE SÃO PAULO,PUCSP,Aca.,CIÊNCIAS DA RELIGIÃO E TEOLOGIA,4
30014018001P2,Ciências das Religiões,FACULDADE UNIDA DE VITÓRIA,FACULDADE UNIDA,Prof.,CIÊNCIAS DA RELIGIÃO E TEOLOGIA,4
40070018001P6,Teologia,FACULDADES BATISTA DO PARANÁ,FABAPAR,Prof.,CIÊNCIAS DA RELIGIÃO E TEOLOGIA,3
27001016046P6,Ciências da Religião,UNIVERSIDADE FEDERAL DE SERGIPE,UFS,Aca.,CIÊNCIAS DA RELIGIÃO E TEOLOGIA,3
33006016013P0,Ciências da Religião,PONTIFÍCIA UNIVERSIDADE CATÓLICA DE CAMPINAS,PUC-CAMPINAS,Aca.,CIÊNCIAS DA RELIGIÃO E TEOLOGIA,4
25002015007P1,TEOLOGIA,UNIVERSIDADE CATÓLICA DE PERNAMBUCO,UNICAP,Aca.,CIÊNCIAS DA RELIGIÃO E TEOLOGIA,3
41050002001P0,TEOLOGIA,FACULDADE TEOLÓGICA SUL AMERICANA,FTSA,Prof.,CIÊNCIAS DA RELIGIÃO E TEOLOGIA,2
10001018004P4,DESENVOLVIMENTO REGIONAL E MEIO AMBIENTE,UNIVERSIDADE FEDERAL DE RONDÔNIA,UNIR,Aca.,INTERDISCIPLINAR                                  ,4
12001015014P5,SOCIEDADE E CULTURA NA AMAZÔNIA,UNIVERSIDADE FEDERAL DO AMAZONAS,UFAM,Aca.,INTERDISCIPLINAR                                  ,4
15001016002P5,DESENVOLVIMENTO SUSTENTÁVEL DO TRÓPICO ÚMIDO,UNIVERSIDADE FEDERAL DO PARÁ,UFPA,Aca.,INTERDISCIPLINAR                                  ,7
15001016027P8,AGRICULTURAS AMAZÔNICAS,UNIVERSIDADE FEDERAL DO PARÁ,UFPA,Aca.,INTERDISCIPLINAR                                  ,5
20001010006P5,SAÚDE E AMBIENTE,UNIVERSIDADE FEDERAL DO MARANHÃO,UFMA,Aca.,INTERDISCIPLINAR                                  ,3
25001019055P0,GESTÃO PÚBLICA  PARA O DESENVOLVIMENTO DO NORDESTE,UNIVERSIDADE FEDERAL DE PERNAMBUCO,UFPE,Prof.,INTERDISCIPLINAR                                  ,3
26001012017P3,MODELAGEM COMPUTACIONAL DE CONHECIMENTO,UNIVERSIDADE FEDERAL DE ALAGOAS,UFAL,Aca.,INTERDISCIPLINAR                                  ,2
31003010044P1,SOCIOLOGIA E DIREITO,UNIVERSIDADE FEDERAL FLUMINENSE,UFF,Aca.,INTERDISCIPLINAR                                  ,5
31003010045P8,SISTEMAS DE GESTÃO,UNIVERSIDADE FEDERAL FLUMINENSE,UFF,Prof.,INTERDISCIPLINAR                                  ,4
31004016021P4,MODELAGEM COMPUTACIONAL,UNIVERSIDADE DO ESTADO DO RIO DE JANEIRO,UERJ,Aca.,INTERDISCIPLINAR                                  ,6
31010016007P8,VIGILÂNCIA SANITÁRIA,FUNDAÇÃO OSWALDO CRUZ,FIOCRUZ,Aca.,INTERDISCIPLINAR                                  ,6
31021018002P4,MEMÓRIA SOCIAL,UNIVERSIDADE FEDERAL DO ESTADO DO RIO DE JANEIRO,UNIRIO,Aca.,INTERDISCIPLINAR                                  ,4
31033016010P1,POLÍTICAS SOCIAIS,UNIVERSIDADE ESTADUAL DO NORTE FLUMINENSE DARCY RIBEIRO,UENF,Aca.,INTERDISCIPLINAR                                  ,4
31033016011P8,COGNIÇÃO E LINGUAGEM,UNIVERSIDADE ESTADUAL DO NORTE FLUMINENSE DARCY RIBEIRO,UENF,Aca.,INTERDISCIPLINAR                                  ,5
31033016013P0,CIÊNCIAS NATURAIS,UNIVERSIDADE ESTADUAL DO NORTE FLUMINENSE DARCY RIBEIRO,UENF,Aca.,INTERDISCIPLINAR                                  ,5
31036015001P1,MODELAGEM COMPUTACIONAL,LABORATÓRIO NACIONAL DE COMPUTAÇÃO CIENTÍFICA,LNCC,Aca.,INTERDISCIPLINAR                                  ,7
31056016001P5,RADIOPROTEÇÃO E DOSIMETRIA,COMISSÃO NACIONAL DE ENERGIA NUCLEAR - INSTITUTO DE RADIOPROTEÇÃO E DOSIMETRIA,CNEN/IRD,Aca.,INTERDISCIPLINAR                                  ,3
33002010134P6,INTEGRAÇÃO DA AMÉRICA LATINA,UNIVERSIDADE DE SÃO PAULO,USP,Aca.,INTERDISCIPLINAR                                  ,4
33002010149P3,ENERGIA,UNIVERSIDADE DE SÃO PAULO,USP,Aca.,INTERDISCIPLINAR                                  ,6
33002010182P0,CIÊNCIAS DA REABILITAÇÃO,UNIVERSIDADE DE SÃO PAULO,USP,Aca.,INTERDISCIPLINAR                                  ,5
33002010185P0,ESTÉTICA E HISTÓRIA DA ARTE,UNIVERSIDADE DE SÃO PAULO,USP,Aca.,INTERDISCIPLINAR                                  ,5
33003017047P2,POLÍTICA CIENTÍFICA E TECNOLÓGICA,UNIVERSIDADE ESTADUAL DE CAMPINAS,UNICAMP,Aca.,INTERDISCIPLINAR                                  ,6
33003017049P5,PLANEJAMENTO DE SISTEMAS ENERGÉTICOS,UNIVERSIDADE ESTADUAL DE CAMPINAS,UNICAMP,Aca.,INTERDISCIPLINAR                                  ,5
33003017069P6,GERONTOLOGIA,UNIVERSIDADE ESTADUAL DE CAMPINAS,UNICAMP,Aca.,INTERDISCIPLINAR                                  ,5
33004153068P9,Ciências Biomoleculares e Farmacológicas,UNIVERSIDADE ESTADUAL PAULISTA JÚLIO DE MESQUITA FILHO - CAMPUS SÃO JOSÉ DO RIO PRETO,UNESP-SÃO JOSÉ DO RIO PRETO,Aca.,INTERDISCIPLINAR                                  ,5
33005010027P8,HISTÓRIA DA CIÊNCIA,PONTIFÍCIA UNIVERSIDADE CATÓLICA DE SÃO PAULO,PUCSP,Aca.,INTERDISCIPLINAR                                  ,2
33010013002P1,COMPUTAÇÃO APLICADA,INSTITUTO NACIONAL DE PESQUISAS ESPACIAIS,INPE,Aca.,INTERDISCIPLINAR                                  ,5
33024014009P3,Ciências do Desenvolvimento Humano,UNIVERSIDADE PRESBITERIANA MACKENZIE,MACKENZIE,Aca.,INTERDISCIPLINAR                                  ,7
33024014016P0,"EDUCAÇÃO, ARTE E HISTÓRIA DA CULTURA",UNIVERSIDADE PRESBITERIANA MACKENZIE,MACKENZIE,Aca.,INTERDISCIPLINAR                                  ,5
33082014001P0,Desenvolvimento Territorial e Meio Ambiente,UNIVERSIDADE DE ARARAQUARA,UNIARA,Aca.,INTERDISCIPLINAR                                  ,5
33093016003P1,PROMOÇÃO DE SAÚDE,UNIVERSIDADE DE FRANCA,UNIFRAN,Aca.,INTERDISCIPLINAR                                  ,4
40003019011P8,TECNOLOGIA EM SAÚDE,PONTIFÍCIA UNIVERSIDADE CATÓLICA DO PARANÁ,PUCPR,Aca.,INTERDISCIPLINAR                                  ,4
40005011003P8,CIÊNCIAS SOCIAIS APLICADAS,UNIVERSIDADE ESTADUAL DE PONTA GROSSA,UEPG,Aca.,INTERDISCIPLINAR                                  ,4
40006018002P8,TECNOLOGIA E SOCIEDADE,UNIVERSIDADE TECNOLÓGICA FEDERAL DO PARANÁ,UTFPR,Aca.,INTERDISCIPLINAR                                  ,5
40033015001P8,DESENVOLVIMENTO DE TECNOLOGIA,LACTEC,LACTEC,Prof.,INTERDISCIPLINAR                                  ,4
41001010037P0,INTERDISCIPLINAR EM CIÊNCIAS HUMANAS,UNIVERSIDADE FEDERAL DE SANTA CATARINA,UFSC,Aca.,INTERDISCIPLINAR                                  ,5
41001010055P9,"ENGENHARIA, GESTÃO E MÍDIA DO CONHECIMENTO",UNIVERSIDADE FEDERAL DE SANTA CATARINA,UFSC,Aca.,INTERDISCIPLINAR                                  ,7
41004019001P1,SAÚDE E MEIO AMBIENTE,UNIVERSIDADE DA REGIÃO DE JOINVILLE,UNIVILLE,Aca.,INTERDISCIPLINAR                                  ,5
42001013070P7,AGRONEGÓCIOS,UNIVERSIDADE FEDERAL DO RIO GRANDE DO SUL,UFRGS,Aca.,INTERDISCIPLINAR                                  ,5
42001013071P3,DESENVOLVIMENTO RURAL,UNIVERSIDADE FEDERAL DO RIO GRANDE DO SUL,UFRGS,Aca.,INTERDISCIPLINAR                                  ,6
42001013075P9,INFORMÁTICA NA EDUCAÇÃO,UNIVERSIDADE FEDERAL DO RIO GRANDE DO SUL,UFRGS,Aca.,INTERDISCIPLINAR                                  ,7
42005019021P1,GERONTOLOGIA BIOMÉDICA,PONTIFÍCIA UNIVERSIDADE CATÓLICA DO RIO GRANDE DO SUL,PUCRS,Aca.,INTERDISCIPLINAR                                  ,7
42024013001P8,Modelagem Matemática e Computacional,UNIVERSIDADE REGIONAL DO NOROESTE DO ESTADO DO RIO GRANDE DO SUL,UNIJUÍ,Aca.,INTERDISCIPLINAR                                  ,4
51002019003P0,DESENVOLVIMENTO LOCAL,UNIVERSIDADE CATÓLICA DOM BOSCO,UCDB,Aca.,INTERDISCIPLINAR                                  ,5
52002012006P1,CIÊNCIAS AMBIENTAIS E SAÚDE,PONTIFÍCIA UNIVERSIDADE CATÓLICA DE GOIÁS,PUC GOIÁS,Aca.,INTERDISCIPLINAR                                  ,5
53003012006P0,"Governança, Tecnologia e Inovação",UNIVERSIDADE CATÓLICA DE BRASÍLIA,UCB,Prof.,INTERDISCIPLINAR                                  ,4
41005015006P0,SAÚDE E GESTÃO DO TRABALHO,UNIVERSIDADE DO VALE DO ITAJAÍ,UNIVALI,Prof.,INTERDISCIPLINAR                                  ,4
25004018008P0,HEBIATRIA - DETERMINANTES DE SAÚDE NA ADOLESCENCIA,UNIVERSIDADE DE PERNAMBUCO,UPE,Aca.,INTERDISCIPLINAR                                  ,5
32020015002P0,MODELAGEM MATEMÁTICA E COMPUTACIONAL,CENTRO FEDERAL DE EDUCAÇÃO TECNOLÓGICA DE MINAS GERAIS,CEFET-MG,Aca.,INTERDISCIPLINAR                                  ,4
53003012009P0,GERONTOLOGIA,UNIVERSIDADE CATÓLICA DE BRASÍLIA,UCB,Aca.,INTERDISCIPLINAR                                  ,4
31004016040P9,POLÍTICAS PÚBLICAS E FORMAÇÃO HUMANA,UNIVERSIDADE DO ESTADO DO RIO DE JANEIRO,UERJ,Aca.,INTERDISCIPLINAR                                  ,7
28001010048P5,ESTUDOS ÉTNICOS E AFRICANOS,UNIVERSIDADE FEDERAL DA BAHIA,UFBA,Aca.,INTERDISCIPLINAR                                  ,4
28001010049P1,CULTURA E SOCIEDADE,UNIVERSIDADE FEDERAL DA BAHIA,UFBA,Aca.,INTERDISCIPLINAR                                  ,4
22001018049P1,AVALIAÇÃO DE POLÍTICAS PÚBLICAS,UNIVERSIDADE FEDERAL DO CEARÁ,UFC,Prof.,INTERDISCIPLINAR                                  ,3
41005015007P6,GESTÃO DE POLÍTICAS PÚBLICAS,UNIVERSIDADE DO VALE DO ITAJAÍ,UNIVALI,Prof.,INTERDISCIPLINAR                                  ,4
21001014011P1,CIÊNCIAS E SAÚDE,UNIVERSIDADE FEDERAL DO PIAUÍ,UFPI,Aca.,INTERDISCIPLINAR                                  ,3
28001010053P9,ENERGIA E AMBIENTE,UNIVERSIDADE FEDERAL DA BAHIA,UFBA,Aca.,INTERDISCIPLINAR                                  ,4
22003010014P6,CIÊNCIAS FÍSICAS APLICADAS,UNIVERSIDADE ESTADUAL DO CEARÁ,UECE,Aca.,INTERDISCIPLINAR                                  ,3
31010016016P7,VIGILÂNCIA SANITÁRIA,FUNDAÇÃO OSWALDO CRUZ,FIOCRUZ,Prof.,INTERDISCIPLINAR                                  ,5
51001012019P7,SAÚDE E DESENVOLVIMENTO NA REGIÃO CENTRO-OESTE,UNIVERSIDADE FEDERAL DE MATO GROSSO DO SUL,UFMS,Aca.,INTERDISCIPLINAR                                  ,5
22003010015P2,SAÚDE DA CRIANÇA E DO ADOLESCENTE,UNIVERSIDADE ESTADUAL DO CEARÁ,UECE,Prof.,INTERDISCIPLINAR                                  ,2
33005010032P1,TECNOLOGIAS DA INTELIGÊNCIA E DESIGN DIGITAL,PONTIFÍCIA UNIVERSIDADE CATÓLICA DE SÃO PAULO,PUCSP,Aca.,INTERDISCIPLINAR                                  ,5
28003012003P0,POLÍTICAS SOCIAIS E CIDADANIA,UNIVERSIDADE CATÓLICA DO SALVADOR,UCSAL,Aca.,INTERDISCIPLINAR                                  ,4
28002016007P0,"DESENHO, CULTURA E INTERATIVIDADE",UNIVERSIDADE ESTADUAL DE FEIRA DE SANTANA,UEFS,Aca.,INTERDISCIPLINAR                                  ,3
28001010055P1,DESENVOLVIMENTO E GESTÃO SOCIAL,UNIVERSIDADE FEDERAL DA BAHIA,UFBA,Prof.,INTERDISCIPLINAR                                  ,3
28001010056P8,"ESTUDOS INTERDISCIPLINARES SOBRE MULHERES, GÊNERO E FEMINISMO",UNIVERSIDADE FEDERAL DA BAHIA,UFBA,Aca.,INTERDISCIPLINAR                                  ,4
52001016032P6,AGRONEGÓCIO,UNIVERSIDADE FEDERAL DE GOIÁS,UFG,Aca.,INTERDISCIPLINAR                                  ,4
53001010063P5,AGRONEGÓCIOS,UNIVERSIDADE DE BRASÍLIA,UNB,Aca.,INTERDISCIPLINAR                                  ,4
32005016017P6,MODELAGEM COMPUTACIONAL,UNIVERSIDADE FEDERAL DE JUIZ DE FORA,UFJF,Aca.,INTERDISCIPLINAR                                  ,5
31001017121P0,HISTÓRIA DAS CIÊNCIAS E DAS TÉCNICAS E EPISTEMOLOGIA,UNIVERSIDADE FEDERAL DO RIO DE JANEIRO,UFRJ,Aca.,INTERDISCIPLINAR                                  ,4
33001014022P7,AGROECOLOGIA E DESENVOLVIMENTO RURAL,UNIVERSIDADE FEDERAL DE SÃO CARLOS,UFSCAR,Aca.,INTERDISCIPLINAR                                  ,4
27002012002P5,BIOCIÊNCIAS E SAÚDE,UNIVERSIDADE TIRADENTES,UNIT,Aca.,INTERDISCIPLINAR                                  ,5
28003012004P7,FAMÍLIA NA SOCIEDADE CONTEMPORÃNEA,UNIVERSIDADE CATÓLICA DO SALVADOR,UCSAL,Aca.,INTERDISCIPLINAR                                  ,4
42004012014P9,MODELAGEM COMPUTACIONAL,UNIVERSIDADE FEDERAL DO RIO GRANDE,FURG,Aca.,INTERDISCIPLINAR                                  ,4
32014015002P4,DESENVOLVIMENTO SOCIAL,UNIVERSIDADE ESTADUAL DE MONTES CLAROS,UNIMONTES,Aca.,INTERDISCIPLINAR                                  ,5
42002010033P4,PATRIMÔNIO CULTURAL,UNIVERSIDADE FEDERAL DE SANTA MARIA,UFSM,Prof.,INTERDISCIPLINAR                                  ,3
31030017003P6,"PSICANÁLISE, SAÚDE E SOCIEDADE",UNIVERSIDADE VEIGA DE ALMEIDA,UVA,Aca.,INTERDISCIPLINAR                                  ,4
22001018055P1,POLÍTICAS PÚBLICAS E GESTÃO DA EDUCAÇÃO SUPERIOR,UNIVERSIDADE FEDERAL DO CEARÁ,UFC,Prof.,INTERDISCIPLINAR                                  ,3
32014015003P0,CUIDADO PRIMÁRIO EM SAÚDE,UNIVERSIDADE ESTADUAL DE MONTES CLAROS,UNIMONTES,Prof.,INTERDISCIPLINAR                                  ,5
32001010074P4,AMBIENTE CONSTRUÍDO E PATRIMÔNIO SUSTENTÁVEL,UNIVERSIDADE FEDERAL DE MINAS GERAIS,UFMG,Aca.,INTERDISCIPLINAR                                  ,4
32001010077P3,Estudos do Lazer,UNIVERSIDADE FEDERAL DE MINAS GERAIS,UFMG,Aca.,INTERDISCIPLINAR                                  ,5
42003016027P7,MEMÓRIA SOCIAL E PATRIMÔNIO CULTURAL,UNIVERSIDADE FEDERAL DE PELOTAS,UFPEL,Aca.,INTERDISCIPLINAR                                  ,5
33003017086P8,DIVULGAÇÃO CIENTÍFICA E CULTURAL,UNIVERSIDADE ESTADUAL DE CAMPINAS,UNICAMP,Aca.,INTERDISCIPLINAR                                  ,5
32014015004P7,CIÊNCIAS DA SAÚDE,UNIVERSIDADE ESTADUAL DE MONTES CLAROS,UNIMONTES,Aca.,INTERDISCIPLINAR                                  ,6
32001010079P6,NEUROCIÊNCIAS,UNIVERSIDADE FEDERAL DE MINAS GERAIS,UFMG,Aca.,INTERDISCIPLINAR                                  ,4
33141010001P4,"SANIDADE,SEGURANÇA ALIMENTAR E AMBIENTAL NO AGRONEGÓCIO",SECRETARIA DE AGRICULTURA E ABASTECIMENTO DO ESTADO DE SÃO PAULO - INSTITUTO BIOLÓGICO,SAA/SP-IB,Aca.,INTERDISCIPLINAR                                  ,4
42039010002P8,NANOCIÊNCIAS,UNIVERSIDADE FRANCISCANA,UFN,Aca.,INTERDISCIPLINAR                                  ,5
31066011001P7,AVALIAÇÃO,FACULDADE CESGRANRIO,FACESGRANRIO,Prof.,INTERDISCIPLINAR                                  ,4
31068014001P0,PROPRIEDADE INTELECTUAL E INOVAÇÃO,INSTITUTO NACIONAL DA PROPRIEDADE INDUSTRIAL,INPI,Prof.,INTERDISCIPLINAR                                  ,5
31010016020P4,EDUCAÇÃO PROFISSIONAL EM SAÚDE,FUNDAÇÃO OSWALDO CRUZ,FIOCRUZ,Prof.,INTERDISCIPLINAR                                  ,4
28006011005P2,MEMÓRIA:LINGUAGEM E SOCIEDADE,UNIVERSIDADE ESTADUAL DO SUDOESTE DA BAHIA,UESB,Aca.,INTERDISCIPLINAR                                  ,6
28001010064P0,DIFUSÃO DO CONHECIMENTO IFBA - SENAI/CIMATEC - LNCC - UNEB - UEFS,UNIVERSIDADE FEDERAL DA BAHIA,UFBA,Aca.,INTERDISCIPLINAR                                  ,5
50001019020P2,ESTUDOS DE CULTURA CONTEMPORÂNEA,UNIVERSIDADE FEDERAL DE MATO GROSSO,UFMT,Aca.,INTERDISCIPLINAR                                  ,5
40001016058P1,Gestão da Informação,UNIVERSIDADE FEDERAL DO PARANÁ,UFPR,Aca.,INTERDISCIPLINAR                                  ,4
33001014027P9,"CIÊNCIA, TECNOLOGIA E SOCIEDADE",UNIVERSIDADE FEDERAL DE SÃO CARLOS,UFSCAR,Aca.,INTERDISCIPLINAR                                  ,5
33004064083P2,BIOMETRIA,UNIVERSIDADE ESTADUAL PAULISTA JÚLIO DE MESQUITA FILHO - CAMPUS BOTUCATU,UNESP-BOTUCATU,Aca.,INTERDISCIPLINAR                                  ,4
33144010005P2,ENERGIA,UNIVERSIDADE FEDERAL DO ABC,UFABC,Aca.,INTERDISCIPLINAR                                  ,4
33144010006P9,NANOCIÊNCIAS E MATERIAIS AVANÇADOS,UNIVERSIDADE FEDERAL DO ABC,UFABC,Aca.,INTERDISCIPLINAR                                  ,6
31004016053P3,Ciências Computacionais e Modelagem Matemática,UNIVERSIDADE DO ESTADO DO RIO DE JANEIRO,UERJ,Aca.,INTERDISCIPLINAR                                  ,4
51001012025P7,ESTUDOS FRONTEIRIÇOS,UNIVERSIDADE FEDERAL DE MATO GROSSO DO SUL,UFMS,Prof.,INTERDISCIPLINAR                                  ,4
31001017127P8,"POLÍTICAS PÚBLICAS, ESTRATÉGIAS E DESENVOLVIMENTO",UNIVERSIDADE FEDERAL DO RIO DE JANEIRO,UFRJ,Aca.,INTERDISCIPLINAR                                  ,4
53001010076P0,BIOÉTICA,UNIVERSIDADE DE BRASÍLIA,UNB,Aca.,INTERDISCIPLINAR                                  ,5
33099014002P3,DESENVOLVIMENTO REGIONAL,CENTRO UNIVERSITÁRIO MUNICIPAL DE FRANCA,UNI-FACEF,Aca.,INTERDISCIPLINAR                                  ,3
32009011003P0,GESTÃO INTEGRADA DO TERRITÓRIO,UNIVERSIDADE VALE DO RIO DOCE,UNIVALE,Aca.,INTERDISCIPLINAR                                  ,3
41004019003P4,PATRIMÔNIO CULTURAL E SOCIEDADE,UNIVERSIDADE DA REGIÃO DE JOINVILLE,UNIVILLE,Aca.,INTERDISCIPLINAR                                  ,4
16003012007P2,CIÊNCIAS DA SAÚDE,UNIVERSIDADE FEDERAL DO TOCANTINS,UFT,Prof.,INTERDISCIPLINAR                                  ,4
28023013001P1,GESTÃO E TECNOLOGIA INDUSTRIAL - GETEC,UNIVERSIDADE SENAI CIMATEC,SENAI CIMATEC,Prof.,INTERDISCIPLINAR                                  ,5
33004056088P9,Mídia e Tecnologia,UNIVERSIDADE ESTADUAL PAULISTA JÚLIO DE MESQUITA FILHO - CAMPUS BAURU,UNESP-BAURU,Aca.,INTERDISCIPLINAR                                  ,4
31010016021P0,BIOLOGIA COMPUTACIONAL E SISTEMAS,FUNDAÇÃO OSWALDO CRUZ,FIOCRUZ,Aca.,INTERDISCIPLINAR                                  ,5
28023013002P8,MODELAGEM COMPUTACIONAL E TECNOLOGIA INDUSTRIAL,UNIVERSIDADE SENAI CIMATEC,SENAI CIMATEC,Aca.,INTERDISCIPLINAR                                  ,6
31007015011P8,ENGENHARIA DE DEFESA,INSTITUTO MILITAR DE ENGENHARIA,IME,Aca.,INTERDISCIPLINAR                                  ,4
31003010064P2,CIÊNCIAS APLICADAS A PRODUTOS PARA SAÚDE,UNIVERSIDADE FEDERAL FLUMINENSE,UFF,Aca.,INTERDISCIPLINAR                                  ,5
51005018006P8,Ciência e Tecnologia Ambiental,UNIVERSIDADE FEDERAL DA GRANDE DOURADOS,UFGD,Aca.,INTERDISCIPLINAR                                  ,4
33003025001P8,Tecnologia,UNIVERSIDADE ESTADUAL DE CAMPINAS - CAMPUS LIMEIRA,UNICAMP-LIMEIRA,Aca.,INTERDISCIPLINAR                                  ,4
31035019004P4,"Humanidades, Culturas e Artes",UNIVERSIDADE DO GRANDE RIO PROFESSOR JOSÉ DE SOUZA HERDY,UNIGRANRIO,Aca.,INTERDISCIPLINAR                                  ,4
42021014003P1,Memória Social e Bens Culturais,UNIVERSIDADE LA SALLE,UNILASALLE,Aca.,INTERDISCIPLINAR                                  ,5
42009014006P8,ENVELHECIMENTO HUMANO,UNIVERSIDADE DE PASSO FUNDO,UPF,Aca.,INTERDISCIPLINAR                                  ,5
25004018016P3,PERÍCIAS FORENSES,UNIVERSIDADE DE PERNAMBUCO,UPE,Aca.,INTERDISCIPLINAR                                  ,4
31010016022P7,Informação e Comunicação em Saúde ( PPGICS ),FUNDAÇÃO OSWALDO CRUZ,FIOCRUZ,Aca.,INTERDISCIPLINAR                                  ,6
24001015055P7,MODELOS DE DECISÃO E SAÚDE,UNIVERSIDADE FEDERAL DA PARAÍBA - CAMPUS JOÃO PESSOA,UFPB-JOÃO PESSOA,Aca.,INTERDISCIPLINAR                                  ,6
31003010071P9,JUSTIÇA ADMINISTRATIVA,UNIVERSIDADE FEDERAL FLUMINENSE,UFF,Prof.,INTERDISCIPLINAR                                  ,2
33002010210P4,CULTURAS E IDENTIDADES BRASILEIRAS,UNIVERSIDADE DE SÃO PAULO,USP,Aca.,INTERDISCIPLINAR                                  ,4
15001016059P7,GESTAO DOS RECURSOS NATURAIS E DESENVOLVIMENTO LOCAL NA AMAZONIA,UNIVERSIDADE FEDERAL DO PARÁ,UFPA,Prof.,INTERDISCIPLINAR                                  ,5
28001010075P2,PROCESSOS INTERATIVOS DOS ÓRGÃOS E SISTEMAS,UNIVERSIDADE FEDERAL DA BAHIA,UFBA,Aca.,INTERDISCIPLINAR                                  ,5
31002013022P8,Ciência Tecnologia e Inovação em Agropecuária,UNIVERSIDADE FEDERAL RURAL DO RIO DE JANEIRO,UFRRJ,Aca.,INTERDISCIPLINAR                                  ,4
15004015006P0,"COMUNICAÇÃO, LINGUAGENS E CULTURA",UNIVERSIDADE DA AMAZÔNIA,UNAMA,Aca.,INTERDISCIPLINAR                                  ,4
32005016029P4,Ambiente Construído,UNIVERSIDADE FEDERAL DE JUIZ DE FORA,UFJF,Aca.,INTERDISCIPLINAR                                  ,4
42041015004P1,PROCESSOS E MANIFESTAÇÕES CULTURAIS,UNIVERSIDADE FEEVALE,FEEVALE,Aca.,INTERDISCIPLINAR                                  ,5
31003010072P5,MODELAGEM COMPUTACIONAL EM CIÊNCIA E TECNOLOGIA,UNIVERSIDADE FEDERAL FLUMINENSE,UFF,Aca.,INTERDISCIPLINAR                                  ,3
40015017014P1,"Sociedade, Cultura e Fronteiras",UNIVERSIDADE ESTADUAL DO OESTE DO PARANÁ,UNIOESTE,Aca.,INTERDISCIPLINAR                                  ,5
33002010211P0,Modelagem de Sistemas Complexos,UNIVERSIDADE DE SÃO PAULO,USP,Aca.,INTERDISCIPLINAR                                  ,3
33021015010P2,"Desenvolvimento Humano: Formação, Políticas e Práticas Socia",UNIVERSIDADE DE TAUBATÉ,UNITAU,Aca.,INTERDISCIPLINAR                                  ,4
40002012041P8,Bioenergia - UEL - UEM - UEPG - UNICENTRO - UNIOESTE - UFPR,UNIVERSIDADE ESTADUAL DE PONTA GROSSA,UEPG,Aca.,INTERDISCIPLINAR                                  ,4
28005015009P1,ECOLOGIA HUMANA E GESTÃO SOCIOAMBIENTAL,UNIVERSIDADE DO ESTADO DA BAHIA,UNEB,Aca.,INTERDISCIPLINAR                                  ,4
33056013014P5,Ciências Ambientais,UNIVERSIDADE BRASIL,UB,Prof.,INTERDISCIPLINAR                                  ,4
14001012004P5,Ciências da Saúde,UNIVERSIDADE FEDERAL DO AMAPÁ,UNIFAP,Aca.,INTERDISCIPLINAR                                  ,3
33009015070P2,Interdisciplinar em Ciências da Saúde,UNIVERSIDADE FEDERAL DE SÃO PAULO,UNIFESP,Aca.,INTERDISCIPLINAR                                  ,5
42020018007P0,PROMOÇÃO DA SAÚDE,UNIVERSIDADE DE SANTA CRUZ DO SUL,UNISC,Aca.,INTERDISCIPLINAR                                  ,4
33072019004P8,CIÊNCIAS DO ENVELHECIMENTO,UNIVERSIDADE SÃO JUDAS TADEU,USJT,Aca.,INTERDISCIPLINAR                                  ,5
32018010009P4,Bioengenharia,UNIVERSIDADE FEDERAL DE SÃO JOÃO DEL-REI,UFSJ,Aca.,INTERDISCIPLINAR                                  ,6
33004137066P5,DESENVOLVIMENTO HUMANO E TECNOLOGIAS,UNIVERSIDADE ESTADUAL PAULISTA JÚLIO DE MESQUITA FILHO - CAMPUS RIO CLARO,UNESP-RIO CLARO,Aca.,INTERDISCIPLINAR                                  ,5
20001010020P8,Cultura e Sociedade,UNIVERSIDADE FEDERAL DO MARANHÃO,UFMA,Aca.,INTERDISCIPLINAR                                  ,4
40005011013P3,Computação Aplicada,UNIVERSIDADE ESTADUAL DE PONTA GROSSA,UEPG,Aca.,INTERDISCIPLINAR                                  ,3
28001010083P5,Estudos Interdisciplinares sobre a Universidade,UNIVERSIDADE FEDERAL DA BAHIA,UFBA,Aca.,INTERDISCIPLINAR                                  ,4
15001016065P7,SEGURANÇA PUBLICA,UNIVERSIDADE FEDERAL DO PARÁ,UFPA,Prof.,INTERDISCIPLINAR                                  ,4
42002010049P8,CIÊNCIAS DA SAÚDE,UNIVERSIDADE FEDERAL DE SANTA MARIA,UFSM,Prof.,INTERDISCIPLINAR                                  ,3
15001016067P0,LINGUAGENS E SABERES NA AMAZÔNIA,UNIVERSIDADE FEDERAL DO PARÁ,UFPA,Aca.,INTERDISCIPLINAR                                  ,3
28001010085P8,"Segurança Pública, Justiça e Cidadania",UNIVERSIDADE FEDERAL DA BAHIA,UFBA,Prof.,INTERDISCIPLINAR                                  ,3
20001010023P7,Energia e Ambiente,UNIVERSIDADE FEDERAL DO MARANHÃO,UFMA,Prof.,INTERDISCIPLINAR                                  ,3
13001019007P1,CIÊNCIAS DA SAÚDE,UNIVERSIDADE FEDERAL DE RORAIMA,UFRR,Prof.,INTERDISCIPLINAR                                  ,4
31002013024P0,Práticas em Desenvolvimento Sustentável,UNIVERSIDADE FEDERAL RURAL DO RIO DE JANEIRO,UFRRJ,Prof.,INTERDISCIPLINAR                                  ,3
32012012006P7,Inovações e Tecnologias,UNIVERSIDADE FEDERAL DO TRIÂNGULO MINEIRO,UFTM,Prof.,INTERDISCIPLINAR                                  ,4
32010010007P4,"Saúde, Sociedade e Ambiente",UNIVERSIDADE FEDERAL DOS VALES DO JEQUITINHONHA E MUCURI,UFVJM,Prof.,INTERDISCIPLINAR                                  ,3
31022014006P6,Relações Étnico-Raciais,CENTRO FEDERAL DE EDUCAÇÃO TECNOLÓGICA CELSO SUCKOW DA FONSECA,CEFET-RJ,Aca.,INTERDISCIPLINAR                                  ,4
15006018005P6,Ciências Ambientais,UNIVERSIDADE DO ESTADO DO PARÁ,UEPA,Aca.,INTERDISCIPLINAR                                  ,4
33144010010P6,Ciências Humanas e Sociais,UNIVERSIDADE FEDERAL DO ABC,UFABC,Aca.,INTERDISCIPLINAR                                  ,5
30001013047P1,ENERGIA,UNIVERSIDADE FEDERAL DO ESPÍRITO SANTO,UFES,Aca.,INTERDISCIPLINAR                                  ,4
51005018012P8,Agronegócios,UNIVERSIDADE FEDERAL DA GRANDE DOURADOS,UFGD,Aca.,INTERDISCIPLINAR                                  ,4
50002015006P6,AMBIENTE E SISTEMAS DE PRODUÇÃO AGRÍCOLA,UNIVERSIDADE DO ESTADO DE MATO GROSSO CARLOS ALBERTO REYES MALDONADO,UNEMAT,Aca.,INTERDISCIPLINAR                                  ,4
40015017019P3,Biociências e Saúde,UNIVERSIDADE ESTADUAL DO OESTE DO PARANÁ,UNIOESTE,Aca.,INTERDISCIPLINAR                                  ,5
33002010217P9,Estudos Culturais,UNIVERSIDADE DE SÃO PAULO,USP,Aca.,INTERDISCIPLINAR                                  ,4
33002010218P5,Mudança Social e Participação Política,UNIVERSIDADE DE SÃO PAULO,USP,Aca.,INTERDISCIPLINAR                                  ,4
33002010220P0,TÊXTIL E MODA,UNIVERSIDADE DE SÃO PAULO,USP,Aca.,INTERDISCIPLINAR                                  ,5
33029016001P4,ENSINO EM SAÚDE,FACULDADE DE MEDICINA DE MARÍLIA,FAMEMA,Prof.,INTERDISCIPLINAR                                  ,4
33005010034P4,Educação nas Profissões da Saúde,PONTIFÍCIA UNIVERSIDADE CATÓLICA DE SÃO PAULO,PUCSP,Prof.,INTERDISCIPLINAR                                  ,2
40006018018P1,Engenharia Biomédica,UNIVERSIDADE TECNOLÓGICA FEDERAL DO PARANÁ,UTFPR,Prof.,INTERDISCIPLINAR                                  ,4
31003010079P0,Ciências e Biotecnologia,UNIVERSIDADE FEDERAL FLUMINENSE,UFF,Aca.,INTERDISCIPLINAR                                  ,5
53001010088P8,Ciências e Tecnologias em Saúde,UNIVERSIDADE DE BRASÍLIA,UNB,Aca.,INTERDISCIPLINAR                                  ,5
53001010089P4,"Desenvolvimento, Sociedade e Cooperação Internacional",UNIVERSIDADE DE BRASÍLIA,UNB,Aca.,INTERDISCIPLINAR                                  ,4
33008019007P2,Ciência e Tecnologia em Saúde,UNIVERSIDADE DE MOGI DAS CRUZES,UMC,Prof.,INTERDISCIPLINAR                                  ,3
40030016002P5,PROMOÇÃO DA SAÚDE,UNIVERSIDADE CESUMAR,UNICESUMAR,Aca.,INTERDISCIPLINAR                                  ,5
33029016002P0,SAÚDE E ENVELHECIMENTO,FACULDADE DE MEDICINA DE MARÍLIA,FAMEMA,Aca.,INTERDISCIPLINAR                                  ,4
33144010013P5,Neurociência e Cognição,UNIVERSIDADE FEDERAL DO ABC,UFABC,Aca.,INTERDISCIPLINAR                                  ,5
33009015077P7,GESTÃO E INFORMÁTICA EM SAÚDE,UNIVERSIDADE FEDERAL DE SÃO PAULO,UNIFESP,Aca.,INTERDISCIPLINAR                                  ,2
12008010007P7,"SEGURANÇA PÚBLICA, CIDADANIA E DIREITOS HUMANOS",UNIVERSIDADE DO ESTADO DO AMAZONAS,UEA,Prof.,INTERDISCIPLINAR                                  ,3
22003010023P5,Ensino na Saúde,UNIVERSIDADE ESTADUAL DO CEARÁ,UECE,Prof.,INTERDISCIPLINAR                                  ,3
11001011006P0,"Ciência, Inovação e Tecnologia para a Amazônia",UNIVERSIDADE FEDERAL DO ACRE,UFAC,Aca.,INTERDISCIPLINAR                                  ,4
31076017001P9,Preservação do Patrimônio Cultural,INSTITUTO DO PATRIMÔNIO HISTÓRICO E ARTÍSTICO NACIONAL,IPHAN,Prof.,INTERDISCIPLINAR                                  ,4
53001010093P1,Meio Ambiente e Desenvolvimento Rural,UNIVERSIDADE DE BRASÍLIA,UNB,Aca.,INTERDISCIPLINAR                                  ,4
13001019008P8,SOCIEDADE E FRONTEIRAS,UNIVERSIDADE FEDERAL DE RORAIMA,UFRR,Aca.,INTERDISCIPLINAR                                  ,3
52012018004P0,"EDUCAÇÃO, LINGUAGEM E TECNOLOGIAS",UNIVERSIDADE ESTADUAL DE GOIÁS,UEG,Aca.,INTERDISCIPLINAR                                  ,4
23002018008P2,Ciências Sociais e Humanas,UNIVERSIDADE DO ESTADO DO RIO GRANDE DO NORTE,UERN,Aca.,INTERDISCIPLINAR                                  ,3
52001016057P9,Direitos Humanos,UNIVERSIDADE FEDERAL DE GOIÁS,UFG,Aca.,INTERDISCIPLINAR                                  ,4
52001016058P5,"Artes, Culturas e Tecnologias",UNIVERSIDADE FEDERAL DE GOIÁS,UFG,Aca.,INTERDISCIPLINAR                                  ,4
24001015065P2,"DIREITOS HUMANOS, CIDADANIA E POLÍTICAS PÚBLICAS",UNIVERSIDADE FEDERAL DA PARAÍBA - CAMPUS JOÃO PESSOA,UFPB-JOÃO PESSOA,Aca.,INTERDISCIPLINAR                                  ,4
31002013028P6,Modelagem Matemática e Computacional,UNIVERSIDADE FEDERAL RURAL DO RIO DE JANEIRO,UFRRJ,Aca.,INTERDISCIPLINAR                                  ,3
41001010086P1,MÉTODOS E GESTÃO EM AVALIAÇÃO,UNIVERSIDADE FEDERAL DE SANTA CATARINA,UFSC,Prof.,INTERDISCIPLINAR                                  ,2
53001010095P4,Direitos Humanos e Cidadania,UNIVERSIDADE DE BRASÍLIA,UNB,Aca.,INTERDISCIPLINAR                                  ,5
53001010096P0,Nanociência e Nanobiotecnologia,UNIVERSIDADE DE BRASÍLIA,UNB,Aca.,INTERDISCIPLINAR                                  ,4
33003017096P3,"SAÚDE, INTERDISCIPLINARIDADE E REABILITAÇÃO",UNIVERSIDADE ESTADUAL DE CAMPINAS,UNICAMP,Aca.,INTERDISCIPLINAR                                  ,4
42037018001P9,Desenvolvimento Rural,UNIVERSIDADE DE CRUZ ALTA,UNICRUZ,Prof.,INTERDISCIPLINAR                                  ,3
32011016012P0,Gestão Pública e Sociedade,UNIVERSIDADE FEDERAL DE ALFENAS,UNIFAL-MG,Aca.,INTERDISCIPLINAR                                  ,3
32003013011P5,"DESENVOLVIMENTO, TECNOLOGIAS E SOCIEDADE",UNIVERSIDADE FEDERAL DE ITAJUBÁ - UNIFEI,UNIFEI,Aca.,INTERDISCIPLINAR                                  ,4
15008010001P3,Desenvolvimento Rural e Gestão de Empreend. Agroalimentares,"INSTITUTO FEDERAL DE EDUCAÇÃO, CIÊNCIA E TECNOLOGIA DO PARÁ",IFPA,Prof.,INTERDISCIPLINAR                                  ,4
22003010026P4,CIÊNCIAS NATURAIS,UNIVERSIDADE ESTADUAL DO CEARÁ,UECE,Aca.,INTERDISCIPLINAR                                  ,5
32004010028P5,Tecnologias e Inovações Ambientais,UNIVERSIDADE FEDERAL DE LAVRAS,UFLA,Prof.,INTERDISCIPLINAR                                  ,3
25001019089P1,Direitos Humanos,UNIVERSIDADE FEDERAL DE PERNAMBUCO,UFPE,Aca.,INTERDISCIPLINAR                                  ,3
16003012014P9,GOVERNANÇA E TRANSFORMAÇÃO DIGITAL,UNIVERSIDADE FEDERAL DO TOCANTINS,UFT,Prof.,INTERDISCIPLINAR                                  ,5
33008019008P9,POLÍTICAS PÚBLICAS,UNIVERSIDADE DE MOGI DAS CRUZES,UMC,Aca.,INTERDISCIPLINAR                                  ,4
33125015001P6,Promoção da Saúde,CENTRO UNIVERSITÁRIO ADVENTISTA DE SÃO PAULO,UNASP,Prof.,INTERDISCIPLINAR                                  ,4
40015017022P4,DESENVOLVIMENTO RURAL SUSTENTÁVEL,UNIVERSIDADE ESTADUAL DO OESTE DO PARANÁ,UNIOESTE,Aca.,INTERDISCIPLINAR                                  ,5
25020013005P0,Ciências da Saúde e Biológicas,UNIVERSIDADE FEDERAL DO VALE DO SÃO FRANCISCO,UNIVASF,Aca.,INTERDISCIPLINAR                                  ,4
41016017003P9,Ciências da Saúde,UNIVERSIDADE COMUNITÁRIA DA REGIÃO DE CHAPECÓ,UNOCHAPECÓ,Aca.,INTERDISCIPLINAR                                  ,4
33002010227P4,"Humanidades, Direitos e outras Legitimidades",UNIVERSIDADE DE SÃO PAULO,USP,Aca.,INTERDISCIPLINAR                                  ,4
32010010011P1,CIÊNCIAS HUMANAS,UNIVERSIDADE FEDERAL DOS VALES DO JEQUITINHONHA E MUCURI,UFVJM,Prof.,INTERDISCIPLINAR                                  ,4
16003012015P5,Prestação Jurisdicional e Direitos Humanos,UNIVERSIDADE FEDERAL DO TOCANTINS,UFT,Prof.,INTERDISCIPLINAR                                  ,4
31019013004P6,Gestão de Sistemas de Engenharia,UNIVERSIDADE CATÓLICA DE PETRÓPOLIS,UCP,Prof.,INTERDISCIPLINAR                                  ,3
42002010056P4,Tecnologias Educacionais em Rede,UNIVERSIDADE FEDERAL DE SANTA MARIA,UFSM,Prof.,INTERDISCIPLINAR                                  ,5
15021017001P2,GESTÃO E  SAÚDE NA AMAZÔNIA,FUNDAÇÃO SANTA CASA DE MISERICÓRDIA DO PARÁ,FSCMPA,Prof.,INTERDISCIPLINAR                                  ,3
27001016045P0,Ciência da Propriedade Intelectual,UNIVERSIDADE FEDERAL DE SERGIPE,UFS,Aca.,INTERDISCIPLINAR                                  ,4
40003019018P2,Bioética,PONTIFÍCIA UNIVERSIDADE CATÓLICA DO PARANÁ,PUCPR,Aca.,INTERDISCIPLINAR                                  ,4
52012018006P3,TERRITÓRIOS E EXPRESSÕES CULTURAIS NO CERRADO,UNIVERSIDADE ESTADUAL DE GOIÁS,UEG,Aca.,INTERDISCIPLINAR                                  ,4
28007018015P4,Economia Regional e Políticas Públicas,UNIVERSIDADE ESTADUAL DE SANTA CRUZ,UESC,Aca.,INTERDISCIPLINAR                                  ,4
28007018016P0,Modelagem Computacional em Ciência e Tecnologia,UNIVERSIDADE ESTADUAL DE SANTA CRUZ,UESC,Aca.,INTERDISCIPLINAR                                  ,4
31003010090P3,CULTURA E TERRITORIALIDADES,UNIVERSIDADE FEDERAL FLUMINENSE,UFF,Aca.,INTERDISCIPLINAR                                  ,4
40014010010P0,DESENVOLVIMENTO COMUNITÁRIO,UNIVERSIDADE ESTADUAL DO CENTRO-OESTE,UNICENTRO,Aca.,INTERDISCIPLINAR                                  ,4
23001011066P6,Gestão de Processos Institucionais,UNIVERSIDADE FEDERAL DO RIO GRANDE DO NORTE,UFRN,Prof.,INTERDISCIPLINAR                                  ,4
42003016051P5,Modelagem Matemática,UNIVERSIDADE FEDERAL DE PELOTAS,UFPEL,Aca.,INTERDISCIPLINAR                                  ,4
30011019006P5,Segurança Pública,UNIVERSIDADE VILA VELHA,UVV,Prof.,INTERDISCIPLINAR                                  ,4
42041015006P4,Diversidade Cultural e Inclusão Social,UNIVERSIDADE FEEVALE,FEEVALE,Aca.,INTERDISCIPLINAR                                  ,5
40004015040P4,Bioestatística,UNIVERSIDADE ESTADUAL DE MARINGÁ,UEM,Aca.,INTERDISCIPLINAR                                  ,4
25001019092P2,GERONTOLOGIA,UNIVERSIDADE FEDERAL DE PERNAMBUCO,UFPE,Aca.,INTERDISCIPLINAR                                  ,4
41019016002P1,Ambiente e Saúde,UNIVERSIDADE DO PLANALTO CATARINENSE,UNIPLAC,Aca.,INTERDISCIPLINAR                                  ,4
42021014004P8,SAÚDE E DESENVOLVIMENTO HUMANO,UNIVERSIDADE LA SALLE,UNILASALLE,Prof.,INTERDISCIPLINAR                                  ,4
32004010030P0,Desenvolvimento sustentável e extensão,UNIVERSIDADE FEDERAL DE LAVRAS,UFLA,Prof.,INTERDISCIPLINAR                                  ,4
33002037024P7,"Bioenergia USP, UNICAMP E UNESP",UNIVERSIDADE DE SÃO PAULO - ESCOLA SUPERIOR DE AGRICULTURA LUIZ DE QUEIROZ,USP-ESALQ,Aca.,INTERDISCIPLINAR                                  ,4
33004072069P5,Planejamento e Análise de Políticas Públicas,UNIVERSIDADE ESTADUAL PAULISTA JÚLIO DE MESQUITA FILHO - CAMPUS FRANCA,UNESP-FRANCA,Prof.,INTERDISCIPLINAR                                  ,4
33065012004P5,Processos Tecnológicos e Ambientais,UNIVERSIDADE DE SOROCABA,UNISO,Prof.,INTERDISCIPLINAR                                  ,5
42041015007P0,Indústria Criativa,UNIVERSIDADE FEEVALE,FEEVALE,Prof.,INTERDISCIPLINAR                                  ,5
41016017005P1,Tecnologia e Gestão da Inovação,UNIVERSIDADE COMUNITÁRIA DA REGIÃO DE CHAPECÓ,UNOCHAPECÓ,Prof.,INTERDISCIPLINAR                                  ,5
41020014003P2,Agroecologia e Desenvolvimento Rural Sustentável,UNIVERSIDADE FEDERAL DA FRONTEIRA SUL,UFFS,Aca.,INTERDISCIPLINAR                                  ,4
41015010006P1,Desenvolvimento socioeconômico,UNIVERSIDADE DO EXTREMO SUL CATARINENSE,UNESC,Aca.,INTERDISCIPLINAR                                  ,4
40076016001P4,Sociedade e Desenvolvimento,UNIVERSIDADE ESTADUAL DO PARANÁ,UNESPAR,Aca.,INTERDISCIPLINAR                                  ,4
42037018002P5,Práticas Socioculturais e Desenvolvimento Social,UNIVERSIDADE DE CRUZ ALTA,UNICRUZ,Aca.,INTERDISCIPLINAR                                  ,4
40043010001P0,Interdisciplinar  em Estudos Latino-Americanos,UNIVERSIDADE FEDERAL DA INTEGRAÇÃO LATINO-AMERICANA,UNILA,Aca.,INTERDISCIPLINAR                                  ,4
40030016003P1,Gestão do Conhecimento nas Organizações,UNIVERSIDADE CESUMAR,UNICESUMAR,Aca.,INTERDISCIPLINAR                                  ,4
22011013001P0,Sociobiodiversidade e Tecnologias Sustentáveis,UNIVERSIDADE DA INTEGRAÇÃO INTERNACIONAL DA LUSOFONIA AFRO-BRASILEIRA,UNILAB,Aca.,INTERDISCIPLINAR                                  ,3
33076014006P6,CIÊNCIAS HUMANAS,UNIVERSIDADE SANTO AMARO,UNISA,Aca.,INTERDISCIPLINAR                                  ,4
33004188001P8,AGRONEGÓCIO E DESENVOLVIMENTO,UNIVERSIDADE ESTADUAL PAULISTA JÚLIO DE MESQUITA FILHO - CAMPUS TUPÃ,UNESP-TUPÃ,Aca.,INTERDISCIPLINAR                                  ,5
32010010013P4,"TECNOLOGIA, AMBIENTE E SOCIEDADE",UNIVERSIDADE FEDERAL DOS VALES DO JEQUITINHONHA E MUCURI,UFVJM,Prof.,INTERDISCIPLINAR                                  ,3
32014015010P7,Modelagem Computacional e Sistemas,UNIVERSIDADE ESTADUAL DE MONTES CLAROS,UNIMONTES,Prof.,INTERDISCIPLINAR                                  ,3
52012018008P6,Ciências Aplicadas a Produtos para Saúde,UNIVERSIDADE ESTADUAL DE GOIÁS,UEG,Aca.,INTERDISCIPLINAR                                  ,4
20002017010P9,"Biodiversidade, Ambiente e Saúde",UNIVERSIDADE ESTADUAL DO MARANHÃO,UEMA,Aca.,INTERDISCIPLINAR                                  ,4
31003010097P8,Sistemas de Gestão Sustentáveis,UNIVERSIDADE FEDERAL FLUMINENSE,UFF,Aca.,INTERDISCIPLINAR                                  ,4
24001015071P2,MODELAGEM MATEMÁTICA E COMPUTACIONAL,UNIVERSIDADE FEDERAL DA PARAÍBA - CAMPUS JOÃO PESSOA,UFPB-JOÃO PESSOA,Aca.,INTERDISCIPLINAR                                  ,2
42003016052P1,Desenvolvimento Territorial e Sistemas Agroindustriais,UNIVERSIDADE FEDERAL DE PELOTAS,UFPEL,Aca.,INTERDISCIPLINAR                                  ,4
41001010087P8,Tecnologias da Informação e Comunicação,UNIVERSIDADE FEDERAL DE SANTA CATARINA,UFSC,Aca.,INTERDISCIPLINAR                                  ,4
42002010059P3,Gerontologia,UNIVERSIDADE FEDERAL DE SANTA MARIA,UFSM,Aca.,INTERDISCIPLINAR                                  ,4
42037018003P1,Atenção Integral à Saúde,UNIVERSIDADE DE CRUZ ALTA,UNICRUZ,Aca.,INTERDISCIPLINAR                                  ,4
41007018005P6,Biociências e Saúde,UNIVERSIDADE DO OESTE DE SANTA CATARINA,UNOESC,Aca.,INTERDISCIPLINAR                                  ,4
22008012005P9,Energias Renováveis,"INSTITUTO FEDERAL DE EDUCAÇÃO, CIÊNCIA E TECNOLOGIA DO CEARÁ",IFCE,Aca.,INTERDISCIPLINAR                                  ,3
28006011015P8,Relações Étnicas e Contemporaneidade,UNIVERSIDADE ESTADUAL DO SUDOESTE DA BAHIA,UESB,Aca.,INTERDISCIPLINAR                                  ,4
33002010244P6,GERONTOLOGIA,UNIVERSIDADE DE SÃO PAULO,USP,Aca.,INTERDISCIPLINAR                                  ,4
31115004001P3,Engenharia e Gestão de Processos e Sistemas,INSTITUTO DE EDUCAÇÃO TECNOLÓGICA EIRELI,IETEC,Aca.,INTERDISCIPLINAR                                  ,2
31017010005P0,GESTÃO DO TRABALHO PARA A QUALIDADE DO AMBIENTE CONTRUÍDO,UNIVERSIDADE SANTA ÚRSULA,USU,Prof.,INTERDISCIPLINAR                                  ,3
15025012001P8,Dinâmicas Territoriais e Sociedade na Amazônia,UNIVERSIDADE FEDERAL DO SUL E SUDESTE DO PARÁ,UNIFESSPA,Aca.,INTERDISCIPLINAR                                  ,4
42044014002P8,INFORMÁTICA NA EDUCAÇÃO,"INSTITUTO FEDERAL DE EDUCAÇÃO, CIÊNCIA E TECNOLOGIA DO RIO GRANDE DO SUL",IFRS,Prof.,INTERDISCIPLINAR                                  ,4
31001017159P7,TECNOLOGIA PARA O DESENVOLVIMENTO SOCIAL,UNIVERSIDADE FEDERAL DO RIO DE JANEIRO,UFRJ,Prof.,INTERDISCIPLINAR                                  ,4
33006016015P2,CIÊNCIAS DA SAÚDE,PONTIFÍCIA UNIVERSIDADE CATÓLICA DE CAMPINAS,PUC-CAMPINAS,Aca.,INTERDISCIPLINAR                                  ,4
40006018034P7,TECNOLOGIAS COMPUTACIONAIS PARA O AGRONEGÓCIO,UNIVERSIDADE TECNOLÓGICA FEDERAL DO PARANÁ,UTFPR,Aca.,INTERDISCIPLINAR                                  ,4
40003019020P7,DIREITOS HUMANOS E POLÍTICAS PÚBLICAS,PONTIFÍCIA UNIVERSIDADE CATÓLICA DO PARANÁ,PUCPR,Aca.,INTERDISCIPLINAR                                  ,4
41020014005P5,INTERDISCIPLINAR EM CIÊNCIAS HUMANAS,UNIVERSIDADE FEDERAL DA FRONTEIRA SUL,UFFS,Aca.,INTERDISCIPLINAR                                  ,4
23001011079P0,"CIÊNCIA, TECNOLOGIA E INOVAÇÃO",UNIVERSIDADE FEDERAL DO RIO GRANDE DO NORTE,UFRN,Prof.,INTERDISCIPLINAR                                  ,3
30004012071P9,TECNOLOGIAS SUSTENTÁVEIS,"INSTITUTO FEDERAL DE EDUCAÇÃO, CIÊNCIA E TECNOLOGIA DO ESPÍRITO SANTO",IFES,Prof.,INTERDISCIPLINAR                                  ,3
33092010016P3,INFORMÁTICA E GESTÃO DO CONHECIMENTO ,UNIVERSIDADE NOVE DE JULHO,UNINOVE,Aca.,INTERDISCIPLINAR                                  ,5
28013018062P9,"DIREITO, GOVERNANÇA E POLÍTICAS PÚBLICAS",UNIVERSIDADE SALVADOR,UNIFACS,Prof.,INTERDISCIPLINAR                                  ,3
33300003001P0,"Economia Criativa, Estratégia e Inovação ",ESCOLA SUPERIOR DE PROPAGANDA E MARKETING DO RIO DE JANEIRO,ESPM,Prof.,INTERDISCIPLINAR                                  ,4
40015017072P1,"TECNOLOGIAS, GESTÃO E SUSTENTABILIDADE",UNIVERSIDADE ESTADUAL DO OESTE DO PARANÁ,UNIOESTE,Prof.,INTERDISCIPLINAR                                  ,4
41020014007P8,DESENVOLVIMENTO E POLÍTICAS PÚBLICAS,UNIVERSIDADE FEDERAL DA FRONTEIRA SUL,UFFS,Aca.,INTERDISCIPLINAR                                  ,4
42002010158P1,EDUCAÇÃO PROFISSIONAL E TECNOLÓGICA,UNIVERSIDADE FEDERAL DE SANTA MARIA,UFSM,Aca.,INTERDISCIPLINAR                                  ,5
42070007001P6,DESENVOLVIMENTO E SOCIEDADE,UNIVERSIDADE ALTO VALE DO RIO DO PEIXE,UNIARP,Aca.,INTERDISCIPLINAR                                  ,4
33144010022P4,ENGENHARIA E GESTÃO DA INOVAÇÃO,UNIVERSIDADE FEDERAL DO ABC,UFABC,Aca.,INTERDISCIPLINAR                                  ,3
42021014006P0,MEMÓRIA SOCIAL E BENS CULTURAIS,UNIVERSIDADE LA SALLE,UNILASALLE,Aca.,INTERDISCIPLINAR                                  ,5
31102000001P6,PROFNIT - PROPRIEDADE INTELECTUAL E TRANSFERÊNCIA DE TECNOLOGIA PARA INOVAÇÃO,UNIVERSIDADE FEDERAL DE ALAGOAS,UFAL,Prof.,INTERDISCIPLINAR                                  ,4
22011013002P7,Interdisciplinar em Humanidades,UNIVERSIDADE DA INTEGRAÇÃO INTERNACIONAL DA LUSOFONIA AFRO-BRASILEIRA,UNILAB,Aca.,INTERDISCIPLINAR                                  ,3
25020013011P0,EXTENSÃO RURAL,UNIVERSIDADE FEDERAL DO VALE DO SÃO FRANCISCO,UNIVASF,Prof.,INTERDISCIPLINAR                                  ,3
21001014077P2,GESTÃO PÚBLICA,UNIVERSIDADE FEDERAL DO PIAUÍ,UFPI,Prof.,INTERDISCIPLINAR                                  ,3
42045010001P8,AMBIENTE E SUSTENTABILIDADE,UNIVERSIDADE ESTADUAL DO RIO GRANDE DO SUL,UERGS,Prof.,INTERDISCIPLINAR                                  ,3
42014018170P2,Tecnologia e Gestão Sustentáveis,UNIVERSIDADE DO VALE DO TAQUARI,UNIVATES,Prof.,INTERDISCIPLINAR                                  ,4
40006018170P8,INOVAÇÕES TECNOLÓGICAS,UNIVERSIDADE TECNOLÓGICA FEDERAL DO PARANÁ,UTFPR,Prof.,INTERDISCIPLINAR                                  ,3
13003011004P5,Direitos Humanos e Cidadania - PPGDHC,UNIVERSIDADE ESTADUAL DE RORAIMA,UERR,Prof.,INTERDISCIPLINAR                                  ,3
31010016149P7,PRESERVAÇÃO E GESTÃO DO PATRIMÔNIO CULTURAL DAS CIÊNCIAS E DA SAÚDE ,FUNDAÇÃO OSWALDO CRUZ,FIOCRUZ,Prof.,INTERDISCIPLINAR                                  ,4
32010010043P0,ESTUDOS RURAIS,UNIVERSIDADE FEDERAL DOS VALES DO JEQUITINHONHA E MUCURI,UFVJM,Aca.,INTERDISCIPLINAR                                  ,4
33006016016P9,"LINGUAGENS, MÍDIA E ARTE",PONTIFÍCIA UNIVERSIDADE CATÓLICA DE CAMPINAS,PUC-CAMPINAS,Aca.,INTERDISCIPLINAR                                  ,4
33006016017P5,SUSTENTABILIDADE,PONTIFÍCIA UNIVERSIDADE CATÓLICA DE CAMPINAS,PUC-CAMPINAS,Aca.,INTERDISCIPLINAR                                  ,4
31010016150P5,"DIVULGAÇÃO DA CIÊNCIA, TECNOLOGIA E SAÚDE ",FUNDAÇÃO OSWALDO CRUZ,FIOCRUZ,Aca.,INTERDISCIPLINAR                                  ,4
15010015070P6,CIÊNCIAS DA SOCIEDADE,UNIVERSIDADE FEDERAL DO OESTE DO PARÁ,UFOPA,Aca.,INTERDISCIPLINAR                                  ,3
30015014002P5,"CIÊNCIA, TECNOLOGIA E EDUCAÇÃO",CENTRO UNIVERSITÁRIO VALE DO CRICARÉ,UNIVC,Prof.,INTERDISCIPLINAR                                  ,3
31040012002P1,SISTEMAS APLICADOS À ENGENHARIA E GESTÃO,"INSTITUTO FEDERAL DE EDUCAÇÃO, CIÊNCIA E TECNOLOGIA FLUMINENSE",IF FLUMINENSE,Prof.,INTERDISCIPLINAR                                  ,4
31092012001P7,NOVAS TECNOLOGIAS DIGITAIS NA EDUCAÇÃO,CENTRO UNIVERSITÁRIO UNICARIOCA,UNICARIOCA,Prof.,INTERDISCIPLINAR                                  ,4
23003014072P9,"COGNIÇÃO, TECNOLOGIAS E INSTITUIÇÕES",UNIVERSIDADE FEDERAL RURAL DO SEMI-ÁRIDO,UFERSA,Aca.,INTERDISCIPLINAR                                  ,4
42002010160P6,AGRONEGÓCIOS,UNIVERSIDADE FEDERAL DE SANTA MARIA,UFSM,Aca.,INTERDISCIPLINAR                                  ,4
33004056092P6,MÍDIA E TECNOLOGIA,UNIVERSIDADE ESTADUAL PAULISTA JÚLIO DE MESQUITA FILHO - CAMPUS BAURU,UNESP-BAURU,Aca.,INTERDISCIPLINAR                                  ,4
22003010072P6,INTERDISCIPLINAR EM HISTÓRIA E LETRAS - MIHL,UNIVERSIDADE ESTADUAL DO CEARÁ,UECE,Aca.,INTERDISCIPLINAR                                  ,3
33309000001P7,"PATRIMÔNIO, CULTURA E SOCIEDADE",UNIVERSIDADE FEDERAL RURAL DO RIO DE JANEIRO - CAMPUS NOVA IGUAÇU,UFRRJ-NOVA IGUAÇU,Aca.,INTERDISCIPLINAR                                  ,3
27011003001P9,"SOCIEDADE, TECNOLOGIAS E POLÍTICAS PÚBLICAS",CENTRO UNIVERSITÁRIO DE MACEIÓ,UNIMA,Aca.,INTERDISCIPLINAR                                  ,5
40005011170P1,CIÊNCIAS DA SAÚDE,UNIVERSIDADE ESTADUAL DE PONTA GROSSA,UEPG,Aca.,INTERDISCIPLINAR                                  ,4
22001018087P0,MODELAGEM E MÉTODOS QUANTITATIVOS,UNIVERSIDADE FEDERAL DO CEARÁ,UFC,Aca.,INTERDISCIPLINAR                                  ,4
22001018088P7,AVALIAÇÃO DE POLÍTICAS PÚBLICAS - PPGAPP,UNIVERSIDADE FEDERAL DO CEARÁ,UFC,Aca.,INTERDISCIPLINAR                                  ,3
32018010041P5,"INTERDISCIPLINAR EM ARTES, URBANIDADES E SUSTENTABILIDADE",UNIVERSIDADE FEDERAL DE SÃO JOÃO DEL-REI,UFSJ,Aca.,INTERDISCIPLINAR                                  ,3
27001016173P8,INTERDISCIPLINAR EM CINEMA,UNIVERSIDADE FEDERAL DE SERGIPE,UFS,Aca.,INTERDISCIPLINAR                                  ,4
26005018001P5,DINÂMICAS TERRITORIAIS E CULTURA,UNIVERSIDADE ESTADUAL DE ALAGOAS,UNEAL,Aca.,INTERDISCIPLINAR                                  ,2
51005018170P2,FRONTEIRAS E DIREITOS HUMANOS,UNIVERSIDADE FEDERAL DA GRANDE DOURADOS,UFGD,Aca.,INTERDISCIPLINAR                                  ,4
33001014069P3,GERONTOLOGIA,UNIVERSIDADE FEDERAL DE SÃO CARLOS,UFSCAR,Aca.,INTERDISCIPLINAR                                  ,4
50008013006P4,AMBIENTE E SAÚDE,UNIVERSIDADE DE CUIABÁ,UNIC,Aca.,INTERDISCIPLINAR                                  ,4
42046017013P2,COMPUTAÇÃO APLICADA,UNIVERSIDADE FEDERAL DO PAMPA,UNIPAMPA,Aca.,INTERDISCIPLINAR                                  ,3
50001019102P9,CIÊNCIAS EM SAÚDE,UNIVERSIDADE FEDERAL DE MATO GROSSO,UFMT,Aca.,INTERDISCIPLINAR                                  ,4
12008010070P0,CIÊNCIAS HUMANAS,UNIVERSIDADE DO ESTADO DO AMAZONAS,UEA,Aca.,INTERDISCIPLINAR                                  ,4
10001018039P2,DIREITOS HUMANOS E DESENVOLVIMENTO DA JUSTIÇA,UNIVERSIDADE FEDERAL DE RONDÔNIA,UNIR,Prof.,INTERDISCIPLINAR                                  ,4
15010015071P2,"SOCIEDADE, AMBIENTE E QUALIDADE DE VIDA",UNIVERSIDADE FEDERAL DO OESTE DO PARÁ,UFOPA,Aca.,INTERDISCIPLINAR                                  ,3
28010019065P9,ENGENHARIA DE SISTEMAS E PRODUTOS,"INSTITUTO FEDERAL DE EDUCAÇÃO, CIÊNCIA E TECNOLOGIA DA BAHIA",IFBA,Prof.,INTERDISCIPLINAR                                  ,4
29007003002P7,ESTADO E SOCIEDADE,UNIVERSIDADE FEDERAL DO SUL DA BAHIA,UFSB,Aca.,INTERDISCIPLINAR                                  ,4
28023013065P0,GESTÃO E TECNOLOGIA INDUSTRIAL - GETEC,UNIVERSIDADE SENAI CIMATEC,SENAI CIMATEC,Prof.,INTERDISCIPLINAR                                  ,4
33005010045P6,Desenvolvimento de Jogos Digitais,PONTIFÍCIA UNIVERSIDADE CATÓLICA DE SÃO PAULO,PUCSP,Prof.,INTERDISCIPLINAR                                  ,3
40034011075P8,"CIÊNCIA, TECNOLOGIA E SOCIEDADE","INSTITUTO FEDERAL DE EDUCAÇÃO, CIÊNCIA E TECNOLOGIA DO PARANÁ",IFPR,Aca.,INTERDISCIPLINAR                                  ,3
15001016156P2,ESTUDOS ANTRÓPICOS NA AMAZÔNIA,UNIVERSIDADE FEDERAL DO PARÁ,UFPA,Aca.,INTERDISCIPLINAR                                  ,4
15001016157P9,"Cidades, Territórios, Identidades e Educação",UNIVERSIDADE FEDERAL DO PARÁ,UFPA,Aca.,INTERDISCIPLINAR                                  ,3
25020013040P0,DINÂMICAS DE DESENVOLVIMENTO DO SEMIÁRIDO ,UNIVERSIDADE FEDERAL DO VALE DO SÃO FRANCISCO,UNIVASF,Prof.,INTERDISCIPLINAR                                  ,3
33009015177P1,INOVAÇÃO TECNOLÓGICA,UNIVERSIDADE FEDERAL DE SÃO PAULO,UNIFESP,Prof.,INTERDISCIPLINAR                                  ,4
23001011174P3,INOVAÇÃO EM TECNOLOGIAS EDUCACIONAIS,UNIVERSIDADE FEDERAL DO RIO GRANDE DO NORTE,UFRN,Prof.,INTERDISCIPLINAR                                  ,4
23001011175P0,GESTÃO E INOVAÇÃO EM SAÚDE,UNIVERSIDADE FEDERAL DO RIO GRANDE DO NORTE,UFRN,Prof.,INTERDISCIPLINAR                                  ,4
27001016176P7,INTERDISCIPLINAR EM CULTURAS POPULARES ,UNIVERSIDADE FEDERAL DE SERGIPE,UFS,Aca.,INTERDISCIPLINAR                                  ,2
40004015074P6,SUSTENTABILIDADE,UNIVERSIDADE ESTADUAL DE MARINGÁ,UEM,Aca.,INTERDISCIPLINAR                                  ,4
42015014015P3,TECNOLOGIAS DA INFORMAÇÃO E GESTÃO EM SAÚDE,UNIVERSIDADE FEDERAL DE CIÊNCIAS DA SAÚDE DE PORTO ALEGRE,UFCSPA,Aca.,INTERDISCIPLINAR                                  ,3
33144010172P6,ECONOMIA POLÍTICA MUNDIAL,UNIVERSIDADE FEDERAL DO ABC,UFABC,Aca.,INTERDISCIPLINAR                                  ,4
28005015072P5,INTERVENÇÃO EDUCATIVA E SOCIAL,UNIVERSIDADE DO ESTADO DA BAHIA,UNEB,Prof.,INTERDISCIPLINAR                                  ,4
42019010015P2,"PROMOÇÃO DA SAÚDE, DESENVOLVIMENTO HUMANO E SOCIEDADE",UNIVERSIDADE LUTERANA DO BRASIL,ULBRA,Aca.,INTERDISCIPLINAR                                  ,3
20009011041P6,Biociências Aplicadas à Saúde,UNIVERSIDADE CEUMA,UNICEUMA,Aca.,INTERDISCIPLINAR                                  ,3
51005018174P8,EDUCAÇÃO E TERRITORIALIDADE,UNIVERSIDADE FEDERAL DA GRANDE DOURADOS,UFGD,Aca.,INTERDISCIPLINAR                                  ,3
32020015009P5,TECNOLOGIA DE PRODUTOS E PROCESSOS,CENTRO FEDERAL DE EDUCAÇÃO TECNOLÓGICA DE MINAS GERAIS,CEFET-MG,Aca.,INTERDISCIPLINAR                                  ,3
51001012178P8,ESTUDOS CULTURAIS,UNIVERSIDADE FEDERAL DE MATO GROSSO DO SUL,UFMS,Aca.,INTERDISCIPLINAR                                  ,3
28049012003P6,CIÊNCIAS HUMANAS E SOCIAIS,UNIVERSIDADE FEDERAL DO OESTE DA BAHIA,UFOB,Aca.,INTERDISCIPLINAR                                  ,3
32115016001P1,GESTÃO E DESENVOLVIMENTO REGIONAL,CENTRO UNIVERSITÁRIO DO SUL DE MINAS,UNIS-MG,Aca.,INTERDISCIPLINAR                                  ,3
15001016164P5,Ciências do Patrimônio Cultural,UNIVERSIDADE FEDERAL DO PARÁ,UFPA,Aca.,INTERDISCIPLINAR                                  ,3
31069010003P9,METROLOGIA E TECNOLOGIA,"INSTITUTO NACIONAL DE METROLOGIA, QUALIDADE E TECNOLOGIA",INMETRO,Aca.,INTERDISCIPLINAR                                  ,4
20001010050P4,SAÚDE E TECNOLOGIA,UNIVERSIDADE FEDERAL DO MARANHÃO,UFMA,Aca.,INTERDISCIPLINAR                                  ,4
15004015008P2,GESTÃO DE CONHECIMENTOS PARA O DESENVOLVIMENTO SOCIOAMBIENTAL,UNIVERSIDADE DA AMAZÔNIA,UNAMA,Prof.,INTERDISCIPLINAR                                  ,3
25020013042P2,AGROECOLOGIA E DESENVOLVIMENTO TERRITORIAL,UNIVERSIDADE FEDERAL DO VALE DO SÃO FRANCISCO,UNIVASF,Prof.,INTERDISCIPLINAR                                  ,4
40006018180P3,TECNOLOGIAS EM BIOCIÊNCIAS,UNIVERSIDADE TECNOLÓGICA FEDERAL DO PARANÁ,UTFPR,Prof.,INTERDISCIPLINAR                                  ,3
10001018044P6,AGROECOSSISTEMAS AMAZÔNICOS,UNIVERSIDADE FEDERAL DE RONDÔNIA,UNIR,Aca.,INTERDISCIPLINAR                                  ,3
32006012173P4,AGRICULTURA E INFORMAÇÕES GEOESPACIAIS,UNIVERSIDADE FEDERAL DE UBERLÂNDIA,UFU,Aca.,INTERDISCIPLINAR                                  ,3
33034010008P2,INTERAÇÕES ESTRUTURAIS E FUNCIONAIS NA REABILITAÇÃO,UNIVERSIDADE DE MARÍLIA,UNIMAR,Aca.,INTERDISCIPLINAR                                  ,3
31142001001P0,CIÊNCIAS APLICADAS À SAÚDE,UNIVERSIDADE FEDERAL DE JUIZ DE FORA - CAMPUS GOVERNADOR VALADARES,UFJF-GOVERNADOR VALADARES,Aca.,INTERDISCIPLINAR                                  ,3
32001010179P0,ALIMENTOS E SAÚDE ,UNIVERSIDADE FEDERAL DE MINAS GERAIS,UFMG,Aca.,INTERDISCIPLINAR                                  ,3
33001014075P3,ESTUDOS DA CONDIÇÃO HUMANA ,UNIVERSIDADE FEDERAL DE SÃO CARLOS,UFSCAR,Aca.,INTERDISCIPLINAR                                  ,3
33309000002P3,HUMANIDADES DIGITAIS,UNIVERSIDADE FEDERAL RURAL DO RIO DE JANEIRO - CAMPUS NOVA IGUAÇU,UFRRJ-NOVA IGUAÇU,Aca.,INTERDISCIPLINAR                                  ,3
31001017177P5,NANOBIOSSISTEMAS,UNIVERSIDADE FEDERAL DO RIO DE JANEIRO,UFRJ,Aca.,INTERDISCIPLINAR                                  ,4
53001010113P2,SUSTENTABILIDADE JUNTO A POVOS E TERRITÓRIOS TRADICIONAIS ,UNIVERSIDADE DE BRASÍLIA,UNB,Prof.,INTERDISCIPLINAR                                  ,3
40043010012P1,ENERGIA & SUSTENTABILIDADE,UNIVERSIDADE FEDERAL DA INTEGRAÇÃO LATINO-AMERICANA,UNILA,Aca.,INTERDISCIPLINAR                                  ,4
33009015179P4,INTERDISCIPLINAR EM CIÊNCIA E TECNOLOGIA DO MAR,UNIVERSIDADE FEDERAL DE SÃO PAULO,UNIFESP,Aca.,INTERDISCIPLINAR                                  ,3
40079015001P3,PROMOÇÃO DA SAÚDE,CENTRO UNIVERSITÁRIO GUAIRACÁ,UNIGUAIRACÁ,Prof.,INTERDISCIPLINAR                                  ,3
13007009001P6,"ENGENHARIA, GESTÃO DE PROCESSOS, SISTEMAS E AMBIENTAL",INSTITUTO DE TECNOLOGIA E EDUCAÇÃO GALILEO DA AMAZÔNIA,ITEGAM,Prof.,INTERDISCIPLINAR                                  ,1
27001024001P8,CIÊNCIAS NATURAIS,UNIVERSIDADE FEDERAL DE SERGIPE - CAMPUS ITABAIANA,UFS-ITABAIANA,Aca.,INTERDISCIPLINAR                                  ,3
25004018075P0,SAÚDE E DESENVOLVIMENTO SOCIOAMBIENTAL,UNIVERSIDADE DE PERNAMBUCO,UPE,Aca.,INTERDISCIPLINAR                                  ,3
52012018174P3,"GESTÃO, EDUCAÇÃO E TECNOLOGIAS",UNIVERSIDADE ESTADUAL DE GOIÁS,UEG,Aca.,INTERDISCIPLINAR                                  ,3
52059006006P0,GESTÃO ORGANIZACIONAL,UNIVERSIDADE FEDERAL DE CATALÃO,UFCAT,Prof.,INTERDISCIPLINAR                                  ,4
52059006008P2,MODELAGEM E OTIMIZAÇÃO,UNIVERSIDADE FEDERAL DE CATALÃO,UFCAT,Aca.,INTERDISCIPLINAR                                  ,3
52060004003P5,CIÊNCIAS APLICADAS À SAÚDE,UNIVERSIDADE FEDERAL DE JATAÍ,UFJ,Aca.,INTERDISCIPLINAR                                  ,4
17010004002P0,ESTUDOS DE CULTURA E TERRITÓRIO,UNIVERSIDADE FEDERAL DO NORTE DO TOCANTINS,UFNT,Aca.,INTERDISCIPLINAR                                  ,4
15001016033P8,EDUCAÇÃO EM CIÊNCIAS E MATEMÁTICAS,UNIVERSIDADE FEDERAL DO PARÁ,UFPA,Aca.,ENSINO,5
23001011032P4,ENSINO DE CIÊNCIAS NATURAIS  E MATEMÁTICA,UNIVERSIDADE FEDERAL DO RIO GRANDE DO NORTE,UFRN,Prof.,ENSINO,4
25003011012P1,ENSINO DAS CIÊNCIAS,UNIVERSIDADE FEDERAL RURAL DE PERNAMBUCO,UFRPE,Aca.,ENSINO,5
28001010040P4,"ENSINO, FILOSOFIA E HISTÓRIA DAS CIÊNCIAS",UNIVERSIDADE FEDERAL DA BAHIA,UFBA,Aca.,ENSINO,5
31001017106P0,EDUCAÇÃO EM CIÊNCIAS E SAÚDE,UNIVERSIDADE FEDERAL DO RIO DE JANEIRO,UFRJ,Aca.,ENSINO,7
31010016009P0,ENSINO EM BIOCIÊNCIAS  E SAÚDE,FUNDAÇÃO OSWALDO CRUZ,FIOCRUZ,Aca.,ENSINO,7
33002010003P9,"ENSINO DE CIÊNCIAS  (MODALIDADES FÍSICA, QUÍMICA E BIOLOGIA)",UNIVERSIDADE DE SÃO PAULO,USP,Aca.,ENSINO,5
33003017081P6,ENSINO E HISTÓRIA DE CIÊNCIAS DA TERRA,UNIVERSIDADE ESTADUAL DE CAMPINAS,UNICAMP,Aca.,ENSINO,4
33004056079P0,EDUCAÇÃO PARA A CIÊNCIA,UNIVERSIDADE ESTADUAL PAULISTA JÚLIO DE MESQUITA FILHO - CAMPUS BAURU,UNESP-BAURU,Aca.,ENSINO,6
33004137031P7,EDUCAÇÃO MATEMÁTICA,UNIVERSIDADE ESTADUAL PAULISTA JÚLIO DE MESQUITA FILHO - CAMPUS RIO CLARO,UNESP-RIO CLARO,Aca.,ENSINO,7
33005010005P4,EDUCAÇÃO MATEMÁTICA,PONTIFÍCIA UNIVERSIDADE CATÓLICA DE SÃO PAULO,PUCSP,Aca.,ENSINO,5
33078017002P3,ENSINO DE CIÊNCIAS E MATEMÁTICA,UNIVERSIDADE CRUZEIRO DO SUL,UNICSUL,Prof.,ENSINO,4
40002012025P2,ENSINO DE CIÊNCIAS E EDUCAÇÃO MATEMÁTICA,UNIVERSIDADE ESTADUAL DE LONDRINA,UEL,Aca.,ENSINO,7
40004015023P2,EDUCAÇÃO PARA A CIÊNCIA E A MATEMÁTICA,UNIVERSIDADE ESTADUAL DE MARINGÁ,UEM,Aca.,ENSINO,5
41001010050P7,EDUCAÇÃO CIENTIFICA E TECNOLÓGICA,UNIVERSIDADE FEDERAL DE SANTA CATARINA,UFSC,Aca.,ENSINO,6
42005019026P3,EDUCAÇÃO EM CIÊNCIAS E MATEMÁTICA,PONTIFÍCIA UNIVERSIDADE CATÓLICA DO RIO GRANDE DO SUL,PUCRS,Aca.,ENSINO,6
42019010005P7,ENSINO DE CIÊNCIAS E MATEMÁTICA,UNIVERSIDADE LUTERANA DO BRASIL,ULBRA,Aca.,ENSINO,5
42039010001P1,Ensino de Ciências e Matemática,UNIVERSIDADE FRANCISCANA,UFN,Prof.,ENSINO,4
53001010056P9,ENSINO DE CIÊNCIAS,UNIVERSIDADE DE BRASÍLIA,UNB,Prof.,ENSINO,4
32008015013P0,ENSINO,PONTIFÍCIA UNIVERSIDADE CATÓLICA DE MINAS GERAIS,PUC MINAS,Prof.,ENSINO,4
33009015066P5,ENSINO EM CIÊNCIAS DA SAÚDE,UNIVERSIDADE FEDERAL DE SÃO PAULO,UNIFESP,Prof.,ENSINO,3
42001013091P4,ENSINO DE FÍSICA,UNIVERSIDADE FEDERAL DO RIO GRANDE DO SUL,UFRGS,Aca.,ENSINO,6
31001017122P6,ENSINO DE MATEMÁTICA,UNIVERSIDADE FEDERAL DO RIO DE JANEIRO,UFRJ,Aca.,ENSINO,5
51001012021P1,EDUCAÇÃO MATEMÁTICA,UNIVERSIDADE FEDERAL DE MATO GROSSO DO SUL,UFMS,Aca.,ENSINO,5
51001012022P8,ENSINO DE CIÊNCIAS,UNIVERSIDADE FEDERAL DE MATO GROSSO DO SUL,UFMS,Aca.,ENSINO,4
52001016036P1,EDUCAÇÃO EM CIÊNCIAS E MATEMÁTICA,UNIVERSIDADE FEDERAL DE GOIÁS,UFG,Aca.,ENSINO,4
42014018002P2,ENSINO DE CIÊNCIAS EXATAS,UNIVERSIDADE DO VALE DO TAQUARI,UNIVATES,Prof.,ENSINO,5
31050018001P7,ENSINO DE CIÊNCIAS,"INSTITUTO FEDERAL DE EDUCAÇÃO, CIÊNCIA E TECNOLOGIA DO RIO DE JANEIRO",IFRJ,Prof.,ENSINO,5
24004014006P5,ENSINO DE CIÊNCIAS E MATEMÁTICA,UNIVERSIDADE ESTADUAL DA PARAÍBA,UEPB,Prof.,ENSINO,4
22001018061P1,ENSINO DE CIÊNCIAS E MATEMÁTICA,UNIVERSIDADE FEDERAL DO CEARÁ,UFC,Prof.,ENSINO,4
32007019018P5,EDUCAÇÃO MATEMÁTICA,UNIVERSIDADE FEDERAL DE OURO PRETO,UFOP,Aca.,ENSINO,4
31001017126P1,ENSINO DE FÍSICA,UNIVERSIDADE FEDERAL DO RIO DE JANEIRO,UFRJ,Prof.,ENSINO,4
33001014029P1,ENSINO DE CIÊNCIAS EXATAS,UNIVERSIDADE FEDERAL DE SÃO CARLOS,UFSCAR,Prof.,ENSINO,3
33107017003P8,EDUCAÇÃO MATEMÁTICA,UNIVERSIDADE ANHANGUERA DE SÃO PAULO,UNIAN-SP,Aca.,ENSINO,4
33078017009P8,ENSINO DE CIÊNCIAS,UNIVERSIDADE CRUZEIRO DO SUL,UNICSUL,Aca.,ENSINO,5
31067018001P3,ENSINO EM CIÊNCIAS DA SAÚDE E DO MEIO AMBIENTE,CENTRO UNIVERSITÁRIO DE VOLTA REDONDA,UNIFOA,Prof.,ENSINO,5
31035019003P8,Ensino de Ciências e Saúde,UNIVERSIDADE DO GRANDE RIO PROFESSOR JOSÉ DE SOUZA HERDY,UNIGRANRIO,Prof.,ENSINO,4
40006018006P3,ENSINO DE CIÊNCIA E TECNOLOGIA,UNIVERSIDADE TECNOLÓGICA FEDERAL DO PARANÁ,UTFPR,Prof.,ENSINO,4
25001019069P0,EDUCAÇÃO MATEMÁTICA E TECNOLÓGICA,UNIVERSIDADE FEDERAL DE PERNAMBUCO,UFPE,Aca.,ENSINO,5
42001013098P9,EDUCAÇÃO EM CIÊNCIAS QUÌMICA DA VIDA E SAÚDE ( UFSM - FURG),UNIVERSIDADE FEDERAL DO RIO GRANDE DO SUL,UFRGS,Aca.,ENSINO,4
27001016025P9,ENSINO DE CIÊNCIAS E MATEMÁTICA,UNIVERSIDADE FEDERAL DE SERGIPE,UFS,Aca.,ENSINO,4
41006011010P3,Ensino de Ciências Naturais e Matemática,UNIVERSIDADE REGIONAL DE BLUMENAU,FURB,Prof.,ENSINO,4
32005016027P1,EDUCAÇÃO MATEMÁTICA,UNIVERSIDADE FEDERAL DE JUIZ DE FORA,UFJF,Prof.,ENSINO,4
42010012006P2,Ensino Cientifico e Tecnológico,UNIVERSIDADE REGIONAL INTEGRADA DO ALTO URUGUAI E DAS MISSÕES,URI,Prof.,ENSINO,5
33009015068P8,EDUCAÇÃO E SAÚDE NA INFÂNCIA E ADOLESCÊNCIA,UNIVERSIDADE FEDERAL DE SÃO PAULO,UNIFESP,Aca.,ENSINO,4
40001016068P7,Educação em Ciências e em Matemática,UNIVERSIDADE FEDERAL DO PARANÁ,UFPR,Aca.,ENSINO,4
31022014005P0,CIÊNCIA TECNOLOGIA E EDUCAÇÃO,CENTRO FEDERAL DE EDUCAÇÃO TECNOLÓGICA CELSO SUCKOW DA FONSECA,CEFET-RJ,Aca.,ENSINO,6
26001012027P9,Ensino de Ciências e Matemática,UNIVERSIDADE FEDERAL DE ALAGOAS,UFAL,Prof.,ENSINO,4
50001019027P7,ENSINO DE CIÊNCIAS NATURAIS,UNIVERSIDADE FEDERAL DE MATO GROSSO,UFMT,Prof.,ENSINO,4
12008010005P4,EDUCAÇÃO EM CIÊNCIAS NA AMAZÔNIA,UNIVERSIDADE DO ESTADO DO AMAZONAS,UEA,Aca.,ENSINO,5
50001019028P3,EDUCAÇÃO EM CIÊNCIAS E MATEMÁTICA - UFMT - UFPA - UEA,UNIVERSIDADE FEDERAL DO PARÁ,UFPA,Aca.,ENSINO,5
30001013044P2,PROGRAMA DE PÓS-GRADUAÇÃO EM ENSINO DE CIÊNCIAS DA NATUREZA E SUAS TECNOLOGIAS - PPGENCIN,UNIVERSIDADE FEDERAL DO ESPÍRITO SANTO,UFES,Prof.,ENSINO,3
28006011010P6,Educação Científica e Formação de Professores,UNIVERSIDADE ESTADUAL DO SUDOESTE DA BAHIA,UESB,Aca.,ENSINO,4
33144010009P8,Ensino e História das Ciências e da Matemática,UNIVERSIDADE FEDERAL DO ABC,UFABC,Aca.,ENSINO,4
33003017092P8,Multiunidades em Ensino de Ciências e Matemática,UNIVERSIDADE ESTADUAL DE CAMPINAS,UNICAMP,Aca.,ENSINO,4
26001012031P6,Ensino na Saúde,UNIVERSIDADE FEDERAL DE ALAGOAS,UFAL,Prof.,ENSINO,3
52001016051P0,Ensino na Saúde,UNIVERSIDADE FEDERAL DE GOIÁS,UFG,Prof.,ENSINO,4
30004012002P7,EDUCAÇÃO EM CIÊNCIAS  E MATEMÁTICA,"INSTITUTO FEDERAL DE EDUCAÇÃO, CIÊNCIA E TECNOLOGIA DO ESPÍRITO SANTO",IFES,Prof.,ENSINO,4
42003016042P6,ENSINO DE CIÊNCIAS E MATEMÁTICA,UNIVERSIDADE FEDERAL DE PELOTAS,UFPEL,Prof.,ENSINO,4
40006018019P8,"Formação Científica, Educacional e Tecnológica",UNIVERSIDADE TECNOLÓGICA FEDERAL DO PARANÁ,UTFPR,Prof.,ENSINO,4
15006018006P2,ENSINO EM SAÚDE NA AMAZÔNIA,UNIVERSIDADE DO ESTADO DO PARÁ,UEPA,Prof.,ENSINO,4
31003010083P7,ENSINO NA SAÚDE:FORMAÇÃO DOCENTE INTERDISCIPLINAR PARA O SUS,UNIVERSIDADE FEDERAL FLUMINENSE,UFF,Prof.,ENSINO,4
25025015001P6,Educação para o Ensino na Área de Saúde,FACULDADE PERNAMBUCANA DE SAÚDE,FPS,Prof.,ENSINO,3
13003011001P6,Ensino de Ciências e Matemática,UNIVERSIDADE ESTADUAL DE RORAIMA,UERR,Prof.,ENSINO,5
31003010085P0,Ensino de Ciências da Natureza,UNIVERSIDADE FEDERAL FLUMINENSE,UFF,Prof.,ENSINO,4
33032017010P0,Saúde e Educação,UNIVERSIDADE DE RIBEIRÃO PRETO,UNAERP,Prof.,ENSINO,3
42046017006P6,Ensino de Ciências,UNIVERSIDADE FEDERAL DO PAMPA,UNIPAMPA,Prof.,ENSINO,4
31049010001P6,PRÁTICAS DE EDUCAÇÃO BÁSICA,COLÉGIO PEDRO II,CPII,Prof.,ENSINO,4
52005011002P5,Educação para Ciências e Matemática,"INSTITUTO FEDERAL DE EDUCAÇÃO, CIÊNCIA E TECNOLOGIA DE GOIÁS",IFG,Prof.,ENSINO,4
31004016063P9,"Ensino de Ciências, Ambiente e Sociedade",UNIVERSIDADE DO ESTADO DO RIO DE JANEIRO,UERJ,Aca.,ENSINO,4
32007019026P8,ENSINO DE CIÊNCIAS,UNIVERSIDADE FEDERAL DE OURO PRETO,UFOP,Prof.,ENSINO,4
23001011063P7,ENSINO NA SAÚDE,UNIVERSIDADE FEDERAL DO RIO GRANDE DO NORTE,UFRN,Prof.,ENSINO,4
42008018015P0,Ensino de Ciências e Matemática,UNIVERSIDADE DE CAXIAS DO SUL,UCS,Prof.,ENSINO,5
52001016060P0,Ensino na Educação Básica,UNIVERSIDADE FEDERAL DE GOIÁS,UFG,Prof.,ENSINO,4
32006012032P1,Ensino de Ciências e Matemática,UNIVERSIDADE FEDERAL DE UBERLÂNDIA,UFU,Prof.,ENSINO,4
33084017002P0,Ensino de Ciências e Matemática,"INSTITUTO FEDERAL DE EDUCAÇÃO, CIÊNCIA E TECNOLOGIA DE SÃO PAULO",IFSP,Prof.,ENSINO,4
42033012002P0,Ciências e Tecnologias na Educação,"INSTITUTO FEDERAL DE EDUCAÇÃO, CIÊNCIA E TECNOLOGIA SUL-RIO-GRANDENSE",IFSUL,Prof.,ENSINO,4
28002016017P5,Astronomia,UNIVERSIDADE ESTADUAL DE FEIRA DE SANTANA,UEFS,Prof.,ENSINO,4
31003010093P2,Diversidade e Inclusão,UNIVERSIDADE FEDERAL FLUMINENSE,UFF,Prof.,ENSINO,3
40014010011P6,Ensino de Ciências Naturais e Matemática,UNIVERSIDADE ESTADUAL DO CENTRO-OESTE,UNICENTRO,Prof.,ENSINO,4
33002010237P0,FORMAÇÃO INTERDISCIPLINAR EM SAÚDE,UNIVERSIDADE DE SÃO PAULO,USP,Prof.,ENSINO,3
33002088004P3,PROJETOS EDUCACIONAIS DE CIÊNCIAS,UNIVERSIDADE DE SÃO PAULO - ESCOLA DE ENGENHARIA DE LORENA,USP-EEL,Prof.,ENSINO,4
40006018027P0,"Ensino de Ciências Humanas, Sociais e da Natureza",UNIVERSIDADE TECNOLÓGICA FEDERAL DO PARANÁ,UTFPR,Prof.,ENSINO,4
28007018018P3,Educação em Ciências e Matemática,UNIVERSIDADE ESTADUAL DE SANTA CRUZ,UESC,Aca.,ENSINO,4
40015017027P6,ENSINO,UNIVERSIDADE ESTADUAL DO OESTE DO PARANÁ,UNIOESTE,Aca.,ENSINO,4
28005015013P9,"Educação, Cultura e Territórios Semiáridos",UNIVERSIDADE DO ESTADO DA BAHIA,UNEB,Aca.,ENSINO,3
40024016005P8,Metodologias para o Ensino de Linguagens e suas Tecnologias,UNIVERSIDADE PITÁGORAS UNOPAR ANHANGUERA,UNOPAR,Aca.,ENSINO,4
42014018004P5,ENSINO,UNIVERSIDADE DO VALE DO TAQUARI,UNIVATES,Aca.,ENSINO,4
42002010058P7,Educação Matemática e Ensino de Física,UNIVERSIDADE FEDERAL DE SANTA MARIA,UFSM,Aca.,ENSINO,4
40006018028P7,ENSINO DE CIÊNCIA E TECNOLOGIA,UNIVERSIDADE TECNOLÓGICA FEDERAL DO PARANÁ,UTFPR,Aca.,ENSINO,5
24004014017P7,ENSINO DE CIÊNCIAS E EDUCAÇÃO MATEMÁTICA,UNIVERSIDADE ESTADUAL DA PARAÍBA,UEPB,Aca.,ENSINO,4
12001015042P9,Ensino de Ciências e Matemática,UNIVERSIDADE FEDERAL DO AMAZONAS,UFAM,Aca.,ENSINO,3
11001011007P6,Ensino de Ciências e Matemática,UNIVERSIDADE FEDERAL DO ACRE,UFAC,Prof.,ENSINO,4
12003018001P3,Ensino Tecnológico,"INSTITUTO FEDERAL DE EDUCAÇÃO, CIÊNCIA E TECNOLOGIA DO AMAZONAS",IFAM,Prof.,ENSINO,4
52012018007P0,Ensino de Ciências,UNIVERSIDADE ESTADUAL DE GOIÁS,UEG,Prof.,ENSINO,4
31004016064P5,Ensino em Educação Básica,UNIVERSIDADE DO ESTADO DO RIO DE JANEIRO,UERJ,Prof.,ENSINO,5
15001016078P1,Docência em Educação em Ciências e Matemáticas,UNIVERSIDADE FEDERAL DO PARÁ,UFPA,Prof.,ENSINO,5
33004056091P0,DOCÊNCIA PARA A EDUCAÇÃO BÁSICA,UNIVERSIDADE ESTADUAL PAULISTA JÚLIO DE MESQUITA FILHO - CAMPUS BAURU,UNESP-BAURU,Prof.,ENSINO,4
51004011009P0,Ensino em Saúde,UNIVERSIDADE ESTADUAL DE MATO GROSSO DO SUL,UEMS,Prof.,ENSINO,4
42015014009P3,Ensino na Saúde,UNIVERSIDADE FEDERAL DE CIÊNCIAS DA SAÚDE DE PORTO ALEGRE,UFCSPA,Prof.,ENSINO,4
31001017156P8,Ensino de Química,UNIVERSIDADE FEDERAL DO RIO DE JANEIRO,UFRJ,Prof.,ENSINO,4
23002018009P9,Ensino,UNIVERSIDADE DO ESTADO DO RIO GRANDE DO NORTE,UERN,Aca.,ENSINO,3
30001013055P4,ENSINO NA EDUCAÇÃO BÁSICA,UNIVERSIDADE FEDERAL DO ESPÍRITO SANTO,UFES,Aca.,ENSINO,4
42009014012P8,Ensino de Ciências e Matemática,UNIVERSIDADE DE PASSO FUNDO,UPF,Prof.,ENSINO,4
40076016002P0,Formação Docente  Interdisciplinar,UNIVERSIDADE ESTADUAL DO PARANÁ,UNESPAR,Aca.,ENSINO,4
40037010002P0,Ensino nas Ciências da Saúde,FACULDADES PEQUENO PRÍNCIPE,FPP,Aca.,ENSINO,4
42039010003P4,Ensino de Ciências e Matemática,UNIVERSIDADE FRANCISCANA,UFN,Aca.,ENSINO,4
31002013156P4,EDUCAÇÃO EM CIÊNCIAS E MATEMÁTICA,UNIVERSIDADE FEDERAL RURAL DO RIO DE JANEIRO,UFRRJ,Prof.,ENSINO,4
31003010156P4,ENSINO,UNIVERSIDADE FEDERAL FLUMINENSE,UFF,Aca.,ENSINO,4
22008012006P5,ENSINO DE CIÊNCIAS E MATEMÁTICA,"INSTITUTO FEDERAL DE EDUCAÇÃO, CIÊNCIA E TECNOLOGIA DO CEARÁ",IFCE,Aca.,ENSINO,3
20001010039P0,ENSINO DE CIÊNCIAS E MATEMÁTICA,UNIVERSIDADE FEDERAL DO MARANHÃO,UFMA,Aca.,ENSINO,3
53001010106P6,EDUCAÇÃO EM CIÊNCIAS,UNIVERSIDADE DE BRASÍLIA,UNB,Aca.,ENSINO,5
25001019095P1,EDUCAÇÃO EM CIÊNCIAS E MATEMÁTICA,UNIVERSIDADE FEDERAL DE PERNAMBUCO,UFPE,Aca.,ENSINO,3
23001011077P8,ENSINO DE CIÊNCIAS E MATEMÁTICA,UNIVERSIDADE FEDERAL DO RIO GRANDE DO NORTE,UFRN,Aca.,ENSINO,4
16003012157P4,ENSINO EM CIÊNCIAS E SAÚDE,UNIVERSIDADE FEDERAL DO TOCANTINS,UFT,Aca.,ENSINO,3
30004012072P5,ENSINO DE HUMANIDADES,"INSTITUTO FEDERAL DE EDUCAÇÃO, CIÊNCIA E TECNOLOGIA DO ESPÍRITO SANTO",IFES,Prof.,ENSINO,4
41002016161P6,"ENSINO DE CIÊNCIAS, MATEMÁTICA E TECNOLOGIAS",FUNDAÇÃO UNIVERSIDADE DO ESTADO DE SANTA CATARINA,UDESC,Prof.,ENSINO,4
40006018041P3,ENSINO DE MATEMÁTICA,UNIVERSIDADE TECNOLÓGICA FEDERAL DO PARANÁ,UTFPR,Prof.,ENSINO,4
51004011070P1,EDUCAÇÃO CIENTÍFICA E MATEMÁTICA,UNIVERSIDADE ESTADUAL DE MATO GROSSO DO SUL,UEMS,Prof.,ENSINO,4
33103011003P2,PRÁTICAS DOCENTES NO ENSINO FUNDAMENTAL,UNIVERSIDADE METROPOLITANA DE SANTOS,UNIMES,Prof.,ENSINO,3
15013014002P0,ENSINO EM SAÚDE,CENTRO UNIVERSITÁRIO DO ESTADO DO PARÁ,CESUPA,Prof.,ENSINO,3
50002015101P9,ENSINO DE CIENCIAS E MATEMÁTICA,UNIVERSIDADE DO ESTADO DE MATO GROSSO CARLOS ALBERTO REYES MALDONADO,UNEMAT,Aca.,ENSINO,4
15006018008P5,ENSINO DE MATEMÁTICA,UNIVERSIDADE DO ESTADO DO PARÁ,UEPA,Prof.,ENSINO,3
32003013041P1,EDUCAÇÃO EM CIÊNCIAS,UNIVERSIDADE FEDERAL DE ITAJUBÁ - UNIFEI,UNIFEI,Aca.,ENSINO,4
33004153078P4,ENSINO E PROCESSOS FORMATIVOS,UNIVERSIDADE ESTADUAL PAULISTA JÚLIO DE MESQUITA FILHO - CAMPUS SÃO JOSÉ DO RIO PRETO,UNESP-SÃO JOSÉ DO RIO PRETO,Aca.,ENSINO,4
23002018071P6,ENSINO,UNIVERSIDADE DO ESTADO DO RIO GRANDE DO NORTE,UERN,Aca.,ENSINO,4
42003016055P0,EDUCAÇÃO MATEMÁTICA,UNIVERSIDADE FEDERAL DE PELOTAS,UFPEL,Aca.,ENSINO,4
40031012070P7,ENSINO,UNIVERSIDADE ESTADUAL DO NORTE DO PARANÁ,UENP,Prof.,ENSINO,4
50008013005P8,ENSINO,"INSTITUTO FEDERAL DE EDUCAÇÃO, CIÊNCIA E TECNOLOGIA DE MATO GROSSO",IFMT,Aca.,ENSINO,3
33009015174P2,ENSINO DE CIÊNCIAS E MATEMÁTICA,UNIVERSIDADE FEDERAL DE SÃO PAULO,UNIFESP,Aca.,ENSINO,3
33001014070P1,EDUCAÇÃO EM CIÊNCIAS E MATEMÁTICA,UNIVERSIDADE FEDERAL DE SÃO CARLOS,UFSCAR,Aca.,ENSINO,4
28006011171P0,ENSINO,UNIVERSIDADE ESTADUAL DO SUDOESTE DA BAHIA,UESB,Aca.,ENSINO,4
30001013106P8,"ENSINO, EDUCAÇÃO BÁSICA E FORMAÇÃO DE PROFESSORES",UNIVERSIDADE FEDERAL DO ESPÍRITO SANTO,UFES,Aca.,ENSINO,3
42039010006P3,ENSINO DE HUMANIDADES E LINGUAGENS,UNIVERSIDADE FRANCISCANA,UFN,Aca.,ENSINO,4
23001011172P0,"EDUCAÇÃO, TRABALHO E INOVAÇÃO EM MEDICINA",UNIVERSIDADE FEDERAL DO RIO GRANDE DO NORTE,UFRN,Prof.,ENSINO,3
30004012074P8,EDUCAÇÃO PROFISSIONAL E TECNOLÓGICA,"INSTITUTO FEDERAL DE EDUCAÇÃO, CIÊNCIA E TECNOLOGIA DO ESPÍRITO SANTO",IFES,Prof.,ENSINO,3
12001015171P3,ENSINO DE CIÊNCIAS E HUMANIDADES,UNIVERSIDADE FEDERAL DO AMAZONAS,UFAM,Aca.,ENSINO,4
42001013171P8,ENSINO DE MATEMÁTICA,UNIVERSIDADE FEDERAL DO RIO GRANDE DO SUL,UFRGS,Aca.,ENSINO,4
15001016159P1,CRIATIVIDADE E INOVAÇÃO EM METODOLOGIAS DE ENSINO SUPERIOR,UNIVERSIDADE FEDERAL DO PARÁ,UFPA,Prof.,ENSINO,4
26004011001P9,ENSINO EM SAÚDE E TECNOLOGIA,UNIVERSIDADE ESTADUAL DE CIÊNCIAS DA SAÚDE DE ALAGOAS,UNCISAL,Prof.,ENSINO,4
42004012158P0,ENSINO DE CIÊNCIAS EXATAS,UNIVERSIDADE FEDERAL DO RIO GRANDE,FURG,Prof.,ENSINO,4
29007003004P0,Ensino e Relações Étnico-Raciais,UNIVERSIDADE FEDERAL DO SUL DA BAHIA,UFSB,Prof.,ENSINO,4
40015017172P6,EDUCAÇÃO EM CIÊNCIAS E EDUCAÇÃO MATEMÁTICA,UNIVERSIDADE ESTADUAL DO OESTE DO PARANÁ,UNIOESTE,Aca.,ENSINO,5
10001018040P0,ENSINO DE CIÊNCIAS DA NATUREZA - PPGECN,UNIVERSIDADE FEDERAL DE RONDÔNIA,UNIR,Aca.,ENSINO,3
32108010001P2,ENSINO DE CIÊNCIAS DA SAÚDE E DO AMBIENTE,FACULDADE DINÂMICA DO VALE DO PIRANGA,FADIP,Prof.,ENSINO,3
31040012003P8,ENSINO E SUAS TECNOLOGIAS,"INSTITUTO FEDERAL DE EDUCAÇÃO, CIÊNCIA E TECNOLOGIA FLUMINENSE",IF FLUMINENSE,Prof.,ENSINO,4
40005011172P4,ENSINO DE CIÊNCIAS E EDUCAÇÃO MATEMÁTICA,UNIVERSIDADE ESTADUAL DE PONTA GROSSA,UEPG,Aca.,ENSINO,4
33110018005P8,INOVAÇÃO NO ENSINO SUPERIOR EM SAÚDE,UNIVERSIDADE MUNICIPAL DE SÃO CAETANO DO SUL,USCS,Prof.,ENSINO,3
15025012072P2,EDUCAÇÃO EM CIÊNCIAS EM MATEMÁTICA,UNIVERSIDADE FEDERAL DO SUL E SUDESTE DO PARÁ,UNIFESSPA,Aca.,ENSINO,3
32004010044P0,EDUCAÇÃO CIENTÍFICA E AMBIENTAL,UNIVERSIDADE FEDERAL DE LAVRAS,UFLA,Aca.,ENSINO,3
10001018042P3,EDUCAÇÃO MATEMÁTICA,UNIVERSIDADE FEDERAL DE RONDÔNIA,UNIR,Aca.,ENSINO,3
33107017009P6,ENSINO DE CIÊNCIAS E SAÚDE,UNIVERSIDADE ANHANGUERA DE SÃO PAULO,UNIAN-SP,Aca.,ENSINO,3
31003010174P2,"CIÊNCIAS, TECNOLOGIAS E INCLUSÃO",UNIVERSIDADE FEDERAL FLUMINENSE,UFF,Aca.,ENSINO,4
11001011073P9,ENSINO DE HUMANIDADES E LINGUAGENS,UNIVERSIDADE FEDERAL DO ACRE,UFAC,Aca.,ENSINO,3
40076016005P0,EDUCAÇÃO MATEMÁTICA,UNIVERSIDADE ESTADUAL DO PARANÁ,UNESPAR,Aca.,ENSINO,3
41020014012P1,ENSINO DE CIÊNCIAS,UNIVERSIDADE FEDERAL DA FRONTEIRA SUL,UFFS,Aca.,ENSINO,3
32004010045P7,ENSINO DE CIÊNCIAS E EDUCAÇÃO MATEMÁTICA,UNIVERSIDADE FEDERAL DE LAVRAS,UFLA,Prof.,ENSINO,3
52010015108P8,ENSINO PARA A EDUCAÇÃO BÁSICA,"INSTITUTO FEDERAL DE EDUCAÇÃO, CIÊNCIA E TECNOLOGIA GOIANO",IF GOIANO,Prof.,ENSINO,3
22016015001P2,ENSINO EM SAÚDE,CENTRO UNIVERSITÁRIO DOUTOR LEÃO SAMPAIO,UNILEÃO,Prof.,ENSINO,3
42045010004P7,"FORMAÇÃO DOCENTE PARA CIÊNCIAS, TECNOLOGIAS, ENGENHARIAS E MATEMÁTICA",UNIVERSIDADE ESTADUAL DO RIO GRANDE DO SUL,UERGS,Prof.,ENSINO,3
28005015075P4,"ENSINO, LINGUAGEM E SOCIEDADE",UNIVERSIDADE DO ESTADO DA BAHIA,UNEB,Prof.,ENSINO,3
32010010046P0,"EDUCAÇÃO EM CIÊNCIAS, MATEMÁTICA E TECNOLOGIA",UNIVERSIDADE FEDERAL DOS VALES DO JEQUITINHONHA E MUCURI,UFVJM,Prof.,ENSINO,3
33068011007P3,ENSINO EM SAÚDE,FACULDADE ISRAELITA DE CIÊNCIAS DA SAÚDE ALBERT EINSTEIN,FICSAE,Prof.,ENSINO,3
28022017014P0,"EDUCAÇÃO CIENTÍFICA, INCLUSÃO E DIVERSIDADE",UNIVERSIDADE FEDERAL DO RECÔNCAVO DA BAHIA,UFRB,Prof.,ENSINO,3
15006018009P1,EDUCAÇÃO ESCOLAR INDÍGENA,UNIVERSIDADE DO ESTADO DO PARÁ,UEPA,Prof.,ENSINO,3
51003015003P6,ENSINO DE CIÊNCIAS E MATEMÁTICA,UNIVERSIDADE ANHANGUERA,UNIDERP,Aca.,ENSINO,3
32021011005P6,"GESTÃO, PLANEJAMENTO E ENSINO",CENTRO UNIVERSITÁRIO UNINCOR,UNINCOR,Prof.,ENSINO,3
50002015157P4,ENSINO EM CONTEXTO INDÍGENA INTERCULTURAL ,UNIVERSIDADE DO ESTADO DE MATO GROSSO CARLOS ALBERTO REYES MALDONADO,UNEMAT,Prof.,ENSINO,3
22011013005P6,ENSINO E FORMAÇÃO DOCENTE,"INSTITUTO FEDERAL DE EDUCAÇÃO, CIÊNCIA E TECNOLOGIA DO CEARÁ",IFCE,Prof.,ENSINO,3
23009004005P2,ENSINO NA SAÚDE E TECNOLOGIAS EDUCACIONAIS,CENTRO UNIVERSITÁRIO CHRISTUS,UNICHRISTUS,Prof.,ENSINO,3
42004012161P1,EDUCAÇÃO EM CIÊNCIAS,UNIVERSIDADE FEDERAL DO RIO GRANDE,FURG,Aca.,ENSINO,4
50001019174P0,ENSINO DE CIÊNCIAS DA NATUREZA E MATEMÁTICA,UNIVERSIDADE FEDERAL DE MATO GROSSO,UFMT,Prof.,ENSINO,3
32002017052P7,EDUCAÇÃO EM CIÊNCIAS E MATEMÁTICA,UNIVERSIDADE FEDERAL DE VIÇOSA,UFV,Prof.,ENSINO,3
15006018012P2,EDUCAÇÃO E ENSINO DE CIÊNCIAS NA AMAZÔNIA ,UNIVERSIDADE DO ESTADO DO PARÁ,UEPA,Prof.,ENSINO,3
17010004001P4,ENSINO DE CIÊNCIAS E MATEMÁTICA,UNIVERSIDADE FEDERAL DO NORTE DO TOCANTINS,UFNT,Aca.,ENSINO,3
22001018034P4,ENGENHARIA E CIÊNCIA DE  MATERIAIS,UNIVERSIDADE FEDERAL DO CEARÁ,UFC,Aca.,MATERIAIS                                         ,5
23001011026P4,CIÊNCIA E ENGENHARIA DE MATERIAIS,UNIVERSIDADE FEDERAL DO RIO GRANDE DO NORTE,UFRN,Aca.,MATERIAIS                                         ,7
25001019053P7,CIÊNCIA DE MATERIAIS,UNIVERSIDADE FEDERAL DE PERNAMBUCO,UFPE,Aca.,MATERIAIS                                         ,5
32018010001P3,FISICA E QUIMICA DE MATERIAIS,UNIVERSIDADE FEDERAL DE SÃO JOÃO DEL-REI,UFSJ,Aca.,MATERIAIS                                         ,5
33002045017P6,CIÊNCIAS E ENGENHARIA DE MATERIAIS,UNIVERSIDADE DE SÃO PAULO - CAMPUS SÃO CARLOS,USP-SÃO CARLOS,Aca.,MATERIAIS                                         ,6
33004056083P7,CIÊNCIA E TECNOLOGIA DE MATERIAIS,UNIVERSIDADE ESTADUAL PAULISTA JÚLIO DE MESQUITA FILHO - CAMPUS BAURU,UNESP-BAURU,Aca.,MATERIAIS                                         ,5
33004099083P9,CIÊNCIA DOS MATERIAIS,UNIVERSIDADE ESTADUAL PAULISTA JÚLIO DE MESQUITA FILHO - CAMPUS ILHA SOLTEIRA,UNESP-ILHA SOLTEIRA,Aca.,MATERIAIS                                         ,6
40001016033P9,ENGENHARIA E CIÊNCIA DOS MATERIAIS,UNIVERSIDADE FEDERAL DO PARANÁ,UFPR,Aca.,MATERIAIS                                         ,5
41001010031P2,CIÊNCIA E ENGENHARIA DE MATERIAIS,UNIVERSIDADE FEDERAL DE SANTA CATARINA,UFSC,Aca.,MATERIAIS                                         ,7
42001013056P4,CIÊNCIAS DOS MATERIAIS,UNIVERSIDADE FEDERAL DO RIO GRANDE DO SUL,UFRGS,Aca.,MATERIAIS                                         ,6
42008018006P1,MATERIAIS,UNIVERSIDADE DE CAXIAS DO SUL,UCS,Aca.,MATERIAIS                                         ,6
20003013001P6,Ciência e Tecnologia de Materiais,"INSTITUTO FEDERAL DE EDUCAÇÃO, CIÊNCIA E TECNOLOGIA DO MARANHÃO - CAMPUS MONTE CASTELO",IFMA-MONTE CASTELO,Aca.,MATERIAIS                                         ,3
25020013001P4,CIÊNCIA DOS MATERIAIS,UNIVERSIDADE FEDERAL DO VALE DO SÃO FRANCISCO,UNIVASF,Aca.,MATERIAIS                                         ,4
31022014003P7,ENGENHARIA MECÂNICA E TECNOLOGIA DE MATERIAIS,CENTRO FEDERAL DE EDUCAÇÃO TECNOLÓGICA CELSO SUCKOW DA FONSECA,CEFET-RJ,Aca.,MATERIAIS                                         ,4
42041015003P5,TECNOLOGIA DE MATERIAIS E PROCESSOS INDUSTRIAIS,UNIVERSIDADE FEEVALE,FEEVALE,Prof.,MATERIAIS                                         ,5
33001014032P2,CIÊNCIA DOS MATERIAIS,UNIVERSIDADE FEDERAL DE SÃO CARLOS,UFSCAR,Aca.,MATERIAIS                                         ,4
12001015035P2,Ciência e Engenharia de Materiais,UNIVERSIDADE FEDERAL DO AMAZONAS,UFAM,Aca.,MATERIAIS                                         ,4
31067018002P0,MATERIAIS,CENTRO UNIVERSITÁRIO DE VOLTA REDONDA,UNIFOA,Prof.,MATERIAIS                                         ,4
28007018012P5,"Ciência, Inovação e Modelagem em Materiais",UNIVERSIDADE ESTADUAL DE SANTA CRUZ,UESC,Aca.,MATERIAIS                                         ,4
50001019026P0,CIÊNCIA DE MATERIAIS,UNIVERSIDADE FEDERAL DE MATO GROSSO,UFMT,Aca.,MATERIAIS                                         ,4
26001012028P5,MATERIAIS,UNIVERSIDADE FEDERAL DE ALAGOAS,UFAL,Aca.,MATERIAIS                                         ,4
33051011010P8,Processamento de Materiais,UNIVERSIDADE DO VALE DO PARAÍBA,UNIVAP,Prof.,MATERIAIS                                         ,4
21001014024P6,Ciência e Engenharia dos Materiais,UNIVERSIDADE FEDERAL DO PIAUÍ,UFPI,Aca.,MATERIAIS                                         ,6
53001010084P2,CIÊNCIAS DE MATERIAIS,UNIVERSIDADE DE BRASÍLIA,UNB,Aca.,MATERIAIS                                         ,3
42003016041P0,Ciência e Engenharia de Materiais,UNIVERSIDADE FEDERAL DE PELOTAS,UFPEL,Aca.,MATERIAIS                                         ,5
24001015061P7,CIÊNCIA E ENGENHARIA DE MATERIAIS,UNIVERSIDADE FEDERAL DA PARAÍBA - CAMPUS JOÃO PESSOA,UFPB-JOÃO PESSOA,Aca.,MATERIAIS                                         ,5
32007019025P1,Ciências,UNIVERSIDADE FEDERAL DE OURO PRETO,UFOP,Aca.,MATERIAIS                                         ,4
21003017001P9,Engenharia de Materiais e Processos Industriais,"INSTITUTO FEDERAL DE EDUCAÇÃO, CIÊNCIA E TECNOLOGIA DO PIAUÍ",IFPI,Prof.,MATERIAIS                                         ,3
31088015001P3,Ciência e Tecnologia de Materiais,UNIVERSIDADE DO ESTADO DO RIO DE JANEIRO - CAMPUS ZONA OESTE,UERJ-ZONA OESTE,Prof.,MATERIAIS                                         ,3
33009015080P8,Engenharia e Ciência de Materiais,UNIVERSIDADE FEDERAL DE SÃO PAULO,UNIFESP,Aca.,MATERIAIS                                         ,5
20001010031P0,Ciência dos Materiais,UNIVERSIDADE FEDERAL DO MARANHÃO,UFMA,Aca.,MATERIAIS                                         ,4
33002010239P2,Engenharia e Ciência de Materiais,UNIVERSIDADE DE SÃO PAULO,USP,Aca.,MATERIAIS                                         ,5
32012012009P6,Ciência e Tecnologia de Materiais,UNIVERSIDADE FEDERAL DO TRIÂNGULO MINEIRO,UFTM,Aca.,MATERIAIS                                         ,3
23003014051P1,CIÊNCIA E ENGENHARIA DE MATERIAIS,UNIVERSIDADE FEDERAL RURAL DO SEMI-ÁRIDO,UFERSA,Aca.,MATERIAIS                                         ,4
33024014031P9,ENGENHARIA DE MATERIAIS E NANOTECNOLOGIA,UNIVERSIDADE PRESBITERIANA MACKENZIE,MACKENZIE,Aca.,MATERIAIS                                         ,4
51001012170P7,CIÊNCIA DOS MATERIAIS,UNIVERSIDADE FEDERAL DE MATO GROSSO DO SUL,UFMS,Aca.,MATERIAIS                                         ,4
40006018175P0,CIÊNCIA E ENGENHARIA DE MATERIAIS,UNIVERSIDADE TECNOLÓGICA FEDERAL DO PARANÁ,UTFPR,Aca.,MATERIAIS                                         ,4
42046017017P8,CIÊNCIA E ENGENHARIA DE MATERIAIS,UNIVERSIDADE FEDERAL DO PAMPA,UNIPAMPA,Aca.,MATERIAIS                                         ,3
25003011074P7,ENGENHARIA FÍSICA,UNIVERSIDADE FEDERAL RURAL DE PERNAMBUCO,UFRPE,Aca.,MATERIAIS                                         ,3
40014010043P5,NANOCIÊNCIAS E BIOCIÊNCIAS,UNIVERSIDADE ESTADUAL DO CENTRO-OESTE,UNICENTRO,Aca.,MATERIAIS                                         ,3
28010019066P5,ENGENHARIA DE MATERIAIS,"INSTITUTO FEDERAL DE EDUCAÇÃO, CIÊNCIA E TECNOLOGIA DA BAHIA",IFBA,Prof.,MATERIAIS                                         ,3
41001028002P4,"NANOCIÊNCIA, PROCESSOS E MATERIAIS AVANÇADOS",UNIVERSIDADE FEDERAL DE SANTA CATARINA - CAMPUS BLUMENAU,UFSC-BLUMENAU,Aca.,MATERIAIS                                         ,3
52059006001P8,CIÊNCIA E ENGENHARIA DE MATERIAIS,UNIVERSIDADE FEDERAL DE CATALÃO,UFCAT,Aca.,MATERIAIS                                         ,4
12001015013P9,BIOTECNOLOGIA,UNIVERSIDADE FEDERAL DO AMAZONAS,UFAM,Aca.,BIOTECNOLOGIA                                     ,4
12008010003P1,BIOTECNOLOGIA E RECURSOS NATURAIS DA AMAZÔNIA,UNIVERSIDADE DO ESTADO DO AMAZONAS,UEA,Aca.,BIOTECNOLOGIA                                     ,3
31001017013P2,BIOQUÍMICA,UNIVERSIDADE FEDERAL DO RIO DE JANEIRO,UFRJ,Aca.,BIOTECNOLOGIA                                     ,7
31001017100P2,Biotecnologia Vegetal e Bioprocessos,UNIVERSIDADE FEDERAL DO RIO DE JANEIRO,UFRJ,Aca.,BIOTECNOLOGIA                                     ,6
32002017023P7,Bioquímica e Biotecnologia,UNIVERSIDADE FEDERAL DE VIÇOSA,UFV,Aca.,BIOTECNOLOGIA                                     ,5
33001014020P4,BIOTECNOLOGIA,UNIVERSIDADE FEDERAL DE SÃO CARLOS,UFSCAR,Aca.,BIOTECNOLOGIA                                     ,5
33004030077P0,BIOTECNOLOGIA,UNIVERSIDADE ESTADUAL PAULISTA JÚLIO DE MESQUITA FILHO - CAMPUS ARARAQUARA,UNESP-ARARAQUARA,Aca.,BIOTECNOLOGIA                                     ,5
33004064079P5,PESQUISA E DESENVOLVIMENTO (BIOTECNOLOGIA MÉDICA),UNIVERSIDADE ESTADUAL PAULISTA JÚLIO DE MESQUITA FILHO - CAMPUS BOTUCATU,UNESP-BOTUCATU,Prof.,BIOTECNOLOGIA                                     ,5
33008019005P0,BIOTECNOLOGIA,UNIVERSIDADE DE MOGI DAS CRUZES,UMC,Aca.,BIOTECNOLOGIA                                     ,4
33032017005P7,BIOTECNOLOGIA,UNIVERSIDADE DE RIBEIRÃO PRETO,UNAERP,Aca.,BIOTECNOLOGIA                                     ,5
40001016036P8,Engenharia de Bioprocessos e Biotecnologia,UNIVERSIDADE FEDERAL DO PARANÁ,UFPR,Aca.,BIOTECNOLOGIA                                     ,7
40002012023P0,BIOTECNOLOGIA,UNIVERSIDADE ESTADUAL DE LONDRINA,UEL,Aca.,BIOTECNOLOGIA                                     ,6
42003016020P2,BIOTECNOLOGIA,UNIVERSIDADE FEDERAL DE PELOTAS,UFPEL,Aca.,BIOTECNOLOGIA                                     ,7
42008018001P0,BIOTECNOLOGIA,UNIVERSIDADE DE CAXIAS DO SUL,UCS,Aca.,BIOTECNOLOGIA                                     ,5
53003012005P4,CIÊNCIAS GENÔMICAS E BIOTECNOLOGIA,UNIVERSIDADE CATÓLICA DE BRASÍLIA,UCB,Aca.,BIOTECNOLOGIA                                     ,7
28002016006P3,BIOTECNOLOGIA,UNIVERSIDADE ESTADUAL DE FEIRA DE SANTANA,UEFS,Aca.,BIOTECNOLOGIA                                     ,5
51002019005P2,BIOTECNOLOGIA,UNIVERSIDADE CATÓLICA DOM BOSCO,UCDB,Aca.,BIOTECNOLOGIA                                     ,5
22003010017P5,BIOTECNOLOGIA - Rede RENORBIO,UNIVERSIDADE FEDERAL DA PARAÍBA - CAMPUS JOÃO PESSOA,UFPB-JOÃO PESSOA,Aca.,BIOTECNOLOGIA                                     ,6
30001013029P3,BIOTECNOLOGIA,UNIVERSIDADE FEDERAL DO ESPÍRITO SANTO,UFES,Aca.,BIOTECNOLOGIA                                     ,5
28007018008P8,BIOLOGIA E BIOTECNOLOGIA DE MICRORGANISMOS,UNIVERSIDADE ESTADUAL DE SANTA CRUZ,UESC,Aca.,BIOTECNOLOGIA                                     ,4
33002088003P7,BIOTECNOLOGIA INDUSTRIAL,UNIVERSIDADE DE SÃO PAULO - ESCOLA DE ENGENHARIA DE LORENA,USP-EEL,Aca.,BIOTECNOLOGIA                                     ,5
22001018064P0,BIOTECNOLOGIA,UNIVERSIDADE FEDERAL DO CEARÁ,UFC,Aca.,BIOTECNOLOGIA                                     ,3
32007019020P0,Biotecnologia,UNIVERSIDADE FEDERAL DE OURO PRETO,UFOP,Aca.,BIOTECNOLOGIA                                     ,5
40022013004P9,BIOTECNOLOGIA INDUSTRIAL,UNIVERSIDADE POSITIVO,UP,Prof.,BIOTECNOLOGIA                                     ,5
28001010080P6,BIOTECNOLOGIA,UNIVERSIDADE FEDERAL DA BAHIA,UFBA,Aca.,BIOTECNOLOGIA                                     ,5
25001019081P0,BIOTECNOLOGIA,UNIVERSIDADE FEDERAL DE PERNAMBUCO,UFPE,Aca.,BIOTECNOLOGIA                                     ,4
15001016068P6,Biotecnologia,UNIVERSIDADE FEDERAL DO PARÁ,UFPA,Aca.,BIOTECNOLOGIA                                     ,5
27002012004P8,Biotecnologia Industrial,UNIVERSIDADE TIRADENTES,UNIT,Aca.,BIOTECNOLOGIA                                     ,6
32014015009P9,Biotecnologia,UNIVERSIDADE ESTADUAL DE MONTES CLAROS,UNIMONTES,Prof.,BIOTECNOLOGIA                                     ,5
33001014042P8,Biotecnologia e Monitoramento Ambiental,UNIVERSIDADE FEDERAL DE SÃO CARLOS,UFSCAR,Aca.,BIOTECNOLOGIA                                     ,4
32018010011P9,BIOTECNOLOGIA,UNIVERSIDADE FEDERAL DE SÃO JOÃO DEL-REI,UFSJ,Aca.,BIOTECNOLOGIA                                     ,5
16003012011P0,Biotecnologia,UNIVERSIDADE FEDERAL DO TOCANTINS,UFT,Aca.,BIOTECNOLOGIA                                     ,4
12001015038P1,Biodiversidade e Biotecnologia - Rede BIONORTE,UNIVERSIDADE FEDERAL DO PARÁ,UFPA,Aca.,BIOTECNOLOGIA                                     ,5
42014018003P9,BIOTECNOLOGIA,UNIVERSIDADE DO VALE DO TAQUARI,UNIVATES,Aca.,BIOTECNOLOGIA                                     ,5
32010010010P5,Biocombustíveis - UFVJM - UFU,UNIVERSIDADE FEDERAL DE UBERLÂNDIA,UFU,Aca.,BIOTECNOLOGIA                                     ,4
33144010016P4,BIOTECNOCIÊNCIA,UNIVERSIDADE FEDERAL DO ABC,UFABC,Aca.,BIOTECNOLOGIA                                     ,4
15002012007P3,Biotecnologia Aplicada à Agropecuária,UNIVERSIDADE FEDERAL RURAL DA AMAZÔNIA,UFRA,Aca.,BIOTECNOLOGIA                                     ,3
23004010004P0,BIOTECNOLOGIA,UNIVERSIDADE POTIGUAR,UNP,Prof.,BIOTECNOLOGIA                                     ,4
53001010100P8,Biotecnologia e Biodiversidade - Rede Pró-Centro-Oeste,UNIVERSIDADE DO ESTADO DE MATO GROSSO CARLOS ALBERTO REYES MALDONADO,UNEMAT,Aca.,BIOTECNOLOGIA                                     ,4
33107017008P0,Biotecnologia e Inovação em Saúde,UNIVERSIDADE ANHANGUERA DE SÃO PAULO,UNIAN-SP,Aca.,BIOTECNOLOGIA                                     ,3
31069010002P2,Biotecnologia,"INSTITUTO NACIONAL DE METROLOGIA, QUALIDADE E TECNOLOGIA",INMETRO,Aca.,BIOTECNOLOGIA                                     ,4
32145012001P7,BIOTECNOLOGIA E GESTÃO DA INOVAÇÃO,CENTRO UNIVERSITÁRIO DE SETE LAGOAS,UNIFEMM,Prof.,BIOTECNOLOGIA                                     ,3
22001018080P6,Biotecnologia de Recursos Naturais,UNIVERSIDADE FEDERAL DO CEARÁ,UFC,Aca.,BIOTECNOLOGIA                                     ,5
40004015042P7,Biotecnologia Ambiental,UNIVERSIDADE ESTADUAL DE MARINGÁ,UEM,Aca.,BIOTECNOLOGIA                                     ,4
24009016030P5,Ciências Naturais e Biotecnologia,UNIVERSIDADE FEDERAL DE CAMPINA GRANDE,UFCG,Aca.,BIOTECNOLOGIA                                     ,4
33009015085P0,Biotecnologia,UNIVERSIDADE FEDERAL DE SÃO PAULO,UNIFESP,Aca.,BIOTECNOLOGIA                                     ,4
21009015001P7,Biotecnologia e Atenção Básica de Saúde,CENTRO UNIVERSITÁRIO FACID WYDEN,UNIFACID WYDEN,Prof.,BIOTECNOLOGIA                                     ,2
22003010028P7,Biotecnologia em Saúde Humana e Animal,UNIVERSIDADE ESTADUAL DO CEARÁ,UECE,Prof.,BIOTECNOLOGIA                                     ,4
40001016083P6,Biotecnologia,UNIVERSIDADE FEDERAL DO PARANÁ,UFPR,Aca.,BIOTECNOLOGIA                                     ,3
33004064087P8,Biotecnologia,UNIVERSIDADE ESTADUAL PAULISTA JÚLIO DE MESQUITA FILHO - CAMPUS BOTUCATU,UNESP-BOTUCATU,Aca.,BIOTECNOLOGIA                                     ,5
24001015074P1,Biotecnologia,UNIVERSIDADE FEDERAL DA PARAÍBA - CAMPUS JOÃO PESSOA,UFPB-JOÃO PESSOA,Aca.,BIOTECNOLOGIA                                     ,4
33082014005P6,BIOTECNOLOGIA,UNIVERSIDADE DE ARARAQUARA,UNIARA,Aca.,BIOTECNOLOGIA                                     ,4
33305005001P1,BIOTECNOLOGIA MARINHA,COMANDO DA MARINHA - INSTITUTO DE ESTUDOS DO MAR ALMIRANTE PAULO MOREIRA,MARINHA-IEAPM,Aca.,BIOTECNOLOGIA                                     ,4
33009015170P7,BIOPRODUTOS E BIOPROCESSOS,UNIVERSIDADE FEDERAL DE SÃO PAULO,UNIFESP,Aca.,BIOTECNOLOGIA                                     ,4
31033016018P2,BIOTECNOLOGIA VEGETAL,UNIVERSIDADE ESTADUAL DO NORTE FLUMINENSE DARCY RIBEIRO,UENF,Aca.,BIOTECNOLOGIA                                     ,5
27001016171P5,BIOTECNOLOGIA,UNIVERSIDADE FEDERAL DE SERGIPE,UFS,Aca.,BIOTECNOLOGIA                                     ,4
32006012171P1,BIOTECNOLOGIA,UNIVERSIDADE FEDERAL DE UBERLÂNDIA,UFU,Aca.,BIOTECNOLOGIA                                     ,4
40006018176P6,BIOTECNOLOGIA,UNIVERSIDADE TECNOLÓGICA FEDERAL DO PARANÁ,UTFPR,Aca.,BIOTECNOLOGIA                                     ,4
32011016044P0,BIOTECNOLOGIA,UNIVERSIDADE FEDERAL DE ALFENAS,UNIFAL-MG,Aca.,BIOTECNOLOGIA                                     ,3
51001012177P1,BIOTECNOLOGIA,UNIVERSIDADE FEDERAL DE MATO GROSSO DO SUL,UFMS,Aca.,BIOTECNOLOGIA                                     ,4
28048016002P3,BIOTECNOLOGIA,CENTRO UNIVERSITÁRIO MARIA MILZA,UNIMAM,Prof.,BIOTECNOLOGIA                                     ,3
32148011001P6,BIOTECNOLOGIA,FUNDAÇÃO EZEQUIEL DIAS,FUNED,Prof.,BIOTECNOLOGIA                                     ,4
22042008002P3,BIOTECNOLOGIA,UNIVERSIDADE FEDERAL DO DELTA DO PARNAÍBA,UFDPAR,Aca.,BIOTECNOLOGIA                                     ,5
12001015007P9,CIÊNCIAS DO AMBIENTE E SUSTENTABILIDADE NA AMAZÔNIA,UNIVERSIDADE FEDERAL DO AMAZONAS,UFAM,Aca.,CIÊNCIAS AMBIENTAIS,4
13001019001P3,RECURSOS NATURAIS,UNIVERSIDADE FEDERAL DE RORAIMA,UFRR,Aca.,CIÊNCIAS AMBIENTAIS,4
16003012001P4,CIÊNCIAS DO AMBIENTE,UNIVERSIDADE FEDERAL DO TOCANTINS,UFT,Aca.,CIÊNCIAS AMBIENTAIS,5
21001014004P5,DESENVOLVIMENTO E MEIO AMBIENTE,UNIVERSIDADE FEDERAL DO PIAUÍ,UFPI,Aca.,CIÊNCIAS AMBIENTAIS,4
22001018028P4,DESENVOLVIMENTO E MEIO AMBIENTE,UNIVERSIDADE FEDERAL DO CEARÁ,UFC,Aca.,CIÊNCIAS AMBIENTAIS,5
22001018040P4,CIÊNCIAS MARINHAS TROPICAIS,UNIVERSIDADE FEDERAL DO CEARÁ,UFC,Aca.,CIÊNCIAS AMBIENTAIS,6
23001011036P0,DESENVOLVIMENTO E MEIO AMBIENTE,UNIVERSIDADE FEDERAL DO RIO GRANDE DO NORTE,UFRN,Aca.,CIÊNCIAS AMBIENTAIS,5
24001015038P5,DESENVOLVIMENTO E MEIO AMBIENTE - PRODEMA,UNIVERSIDADE FEDERAL DA PARAÍBA - CAMPUS JOÃO PESSOA,UFPB-JOÃO PESSOA,Aca.,CIÊNCIAS AMBIENTAIS,4
24009016009P6,Engenharia e Gestão de Recursos Naturais,UNIVERSIDADE FEDERAL DE CAMPINA GRANDE,UFCG,Aca.,CIÊNCIAS AMBIENTAIS,4
25001019060P3,DESENVOLVIMENTO E MEIO AMBIENTE,UNIVERSIDADE FEDERAL DE PERNAMBUCO,UFPE,Aca.,CIÊNCIAS AMBIENTAIS,5
25017012001P7,TECNOLOGIA AMBIENTAL,INSTITUTO DE TECNOLOGIA DE PERNAMBUCO,ITEP,Prof.,CIÊNCIAS AMBIENTAIS,4
27001016007P0,DESENVOLVIMENTO E MEIO AMBIENTE,UNIVERSIDADE FEDERAL DE SERGIPE,UFS,Aca.,CIÊNCIAS AMBIENTAIS,4
28007018001P3,DESENVOLVIMENTO  REGIONAL  E MEIO AMBIENTE,UNIVERSIDADE ESTADUAL DE SANTA CRUZ,UESC,Aca.,CIÊNCIAS AMBIENTAIS,5
32007019009P6,SUSTENTABILIDADE SOCIOECONÔMICA AMBIENTAL,UNIVERSIDADE FEDERAL DE OURO PRETO,UFOP,Prof.,CIÊNCIAS AMBIENTAIS,3
33002010145P8,CIÊNCIA AMBIENTAL,UNIVERSIDADE DE SÃO PAULO,USP,Aca.,CIÊNCIAS AMBIENTAIS,7
33002037020P1,ECOLOGIA APLICADA,UNIVERSIDADE DE SÃO PAULO - ESCOLA SUPERIOR DE AGRICULTURA LUIZ DE QUEIROZ,USP-ESALQ,Aca.,CIÊNCIAS AMBIENTAIS,7
33003017082P2,AMBIENTE E SOCIEDADE,UNIVERSIDADE ESTADUAL DE CAMPINAS,UNICAMP,Aca.,CIÊNCIAS AMBIENTAIS,6
33021015009P4,Ecodesenvolvimento e Gestão Ambiental,UNIVERSIDADE DE TAUBATÉ,UNITAU,Prof.,CIÊNCIAS AMBIENTAIS,3
40001016029P1,MEIO AMBIENTE E DESENVOLVIMENTO,UNIVERSIDADE FEDERAL DO PARANÁ,UFPR,Aca.,CIÊNCIAS AMBIENTAIS,4
41001010038P7,AGROECOSSISTEMAS,UNIVERSIDADE FEDERAL DE SANTA CATARINA,UFSC,Aca.,CIÊNCIAS AMBIENTAIS,5
41005015004P7,CIÊNCIA E TECNOLOGIA AMBIENTAL,UNIVERSIDADE DO VALE DO ITAJAÍ,UNIVALI,Aca.,CIÊNCIAS AMBIENTAIS,5
41006011003P7,CIÊNCIAS AMBIENTAIS,UNIVERSIDADE REGIONAL DE BLUMENAU,FURB,Aca.,CIÊNCIAS AMBIENTAIS,5
41015010001P0,CIÊNCIAS AMBIENTAIS,UNIVERSIDADE DO EXTREMO SUL CATARINENSE,UNESC,Aca.,CIÊNCIAS AMBIENTAIS,5
50001019007P6,FÍSICA AMBIENTAL,UNIVERSIDADE FEDERAL DE MATO GROSSO,UFMT,Aca.,CIÊNCIAS AMBIENTAIS,4
51003015001P3,MEIO AMBIENTE E DESENVOLVIMENTO REGIONAL,UNIVERSIDADE ANHANGUERA,UNIDERP,Aca.,CIÊNCIAS AMBIENTAIS,4
52001016022P0,CIÊNCIAS AMBIENTAIS,UNIVERSIDADE FEDERAL DE GOIÁS,UFG,Aca.,CIÊNCIAS AMBIENTAIS,6
53001010044P0,DESENVOLVIMENTO SUSTENTÁVEL,UNIVERSIDADE DE BRASÍLIA,UNB,Aca.,CIÊNCIAS AMBIENTAIS,7
33117012003P0,ANÁLISE AMBIENTAL,UNIVERSIDADE UNIVERSUS VERITAS GUARULHOS,UNIVERITAS UNG,Aca.,CIÊNCIAS AMBIENTAIS,3
42041015001P2,QUALIDADE AMBIENTAL,UNIVERSIDADE FEEVALE,FEEVALE,Aca.,CIÊNCIAS AMBIENTAIS,6
28002016005P7,MODELAGEM EM CIÊNCIAS DA TERRA E DO AMBIENTE,UNIVERSIDADE ESTADUAL DE FEIRA DE SANTANA,UEFS,Aca.,CIÊNCIAS AMBIENTAIS,4
15001016046P2,CIÊNCIAS AMBIENTAIS,UNIVERSIDADE FEDERAL DO PARÁ,UFPA,Aca.,CIÊNCIAS AMBIENTAIS,5
41016017001P6,CIÊNCIAS AMBIENTAIS,UNIVERSIDADE COMUNITÁRIA DA REGIÃO DE CHAPECÓ,UNOCHAPECÓ,Aca.,CIÊNCIAS AMBIENTAIS,5
31004016045P0,MEIO AMBIENTE,UNIVERSIDADE DO ESTADO DO RIO DE JANEIRO,UERJ,Aca.,CIÊNCIAS AMBIENTAIS,4
50002015001P4,CIÊNCIAS AMBIENTAIS,UNIVERSIDADE DO ESTADO DE MATO GROSSO CARLOS ALBERTO REYES MALDONADO,UNEMAT,Aca.,CIÊNCIAS AMBIENTAIS,4
52006018001P5,"SOCIEDADE, TECNOLOGIA E MEIO AMBIENTE",UNIVERSIDADE EVANGÉLICA DE GOIÁS,UNIEVANGÉLICA,Aca.,CIÊNCIAS AMBIENTAIS,4
42014018001P6,AMBIENTE E DESENVOLVIMENTO,UNIVERSIDADE DO VALE DO TAQUARI,UNIVATES,Aca.,CIÊNCIAS AMBIENTAIS,5
31063012001P8,DESENVOLVIMENTO LOCAL,CENTRO UNIVERSITÁRIO AUGUSTO MOTTA,UNISUAM,Prof.,CIÊNCIAS AMBIENTAIS,5
32001010075P0,ANÁLISE E MODELAGEM DE SISTEMAS AMBIENTAIS,UNIVERSIDADE FEDERAL DE MINAS GERAIS,UFMG,Aca.,CIÊNCIAS AMBIENTAIS,4
40001016057P5,MEIO AMBIENTE URBANO E INDUSTRIAL,UNIVERSIDADE FEDERAL DO PARANÁ,UFPR,Prof.,CIÊNCIAS AMBIENTAIS,3
30001013031P8,OCEANOGRAFIA AMBIENTAL,UNIVERSIDADE FEDERAL DO ESPÍRITO SANTO,UFES,Aca.,CIÊNCIAS AMBIENTAIS,4
32003013007P8,MEIO AMBIENTE E RECURSOS HÍDRICOS,UNIVERSIDADE FEDERAL DE ITAJUBÁ - UNIFEI,UNIFEI,Aca.,CIÊNCIAS AMBIENTAIS,4
42021014002P5,Avaliação de Impactos Ambientais,UNIVERSIDADE LA SALLE,UNILASALLE,Aca.,CIÊNCIAS AMBIENTAIS,3
51004011002P6,Recursos Naturais,UNIVERSIDADE ESTADUAL DE MATO GROSSO DO SUL,UEMS,Aca.,CIÊNCIAS AMBIENTAIS,5
40015017015P8,CONSERVAÇÃO E MANEJO DE RECURSOS NATURAIS,UNIVERSIDADE ESTADUAL DO OESTE DO PARANÁ,UNIOESTE,Aca.,CIÊNCIAS AMBIENTAIS,4
33010013011P0,CIÊNCIA DO SISTEMA TERRESTRE,INSTITUTO NACIONAL DE PESQUISAS ESPACIAIS,INPE,Aca.,CIÊNCIAS AMBIENTAIS,6
22001018074P6,DESENVOLVIMENTO E MEIO AMBIENTE UFPI-UFRN-FUFSE-UESC-UFPB/JP-UFERSA,UNIVERSIDADE FEDERAL DE SERGIPE,UFS,Aca.,CIÊNCIAS AMBIENTAIS,5
32011016005P4,Ciências Ambientais,UNIVERSIDADE FEDERAL DE ALFENAS,UNIFAL-MG,Aca.,CIÊNCIAS AMBIENTAIS,4
40006018013P0,CIÊNCIA E TECNOLOGIA AMBIENTAL,UNIVERSIDADE TECNOLÓGICA FEDERAL DO PARANÁ,UTFPR,Aca.,CIÊNCIAS AMBIENTAIS,4
33001014040P5,Sustentabilidade na Gestão Ambiental,UNIVERSIDADE FEDERAL DE SÃO CARLOS,UFSCAR,Prof.,CIÊNCIAS AMBIENTAIS,3
31027016003P9,Ciências Ambientais,UNIVERSIDADE DE VASSOURAS,UNIVASSOURAS,Prof.,CIÊNCIAS AMBIENTAIS,3
23002018005P3,Ciências Naturais,UNIVERSIDADE DO ESTADO DO RIO GRANDE DO NORTE,UERN,Aca.,CIÊNCIAS AMBIENTAIS,4
28006011012P9,Ciências Ambientais,UNIVERSIDADE ESTADUAL DO SUDOESTE DA BAHIA,UESB,Aca.,CIÊNCIAS AMBIENTAIS,3
23003014016P1,"Ambiente, tecnologia e sociedade",UNIVERSIDADE FEDERAL RURAL DO SEMI-ÁRIDO,UFERSA,Aca.,CIÊNCIAS AMBIENTAIS,4
31001017145P6,CIÊNCIAS AMBIENTAIS E CONSERVAÇÃO,UNIVERSIDADE FEDERAL DO RIO DE JANEIRO,UFRJ,Aca.,CIÊNCIAS AMBIENTAIS,4
33021015012P5,Ciências Ambientais,UNIVERSIDADE DE TAUBATÉ,UNITAU,Aca.,CIÊNCIAS AMBIENTAIS,4
40022013005P5,Gestão Ambiental,UNIVERSIDADE POSITIVO,UP,Aca.,CIÊNCIAS AMBIENTAIS,5
24009016026P8,GESTÃO E SISTEMAS AGROINDUSTRIAIS ,UNIVERSIDADE FEDERAL DE CAMPINA GRANDE,UFCG,Prof.,CIÊNCIAS AMBIENTAIS,3
15010015002P0,RECURSOS NATURAIS DA AMAZÔNIA,UNIVERSIDADE FEDERAL DO OESTE DO PARÁ,UFOPA,Aca.,CIÊNCIAS AMBIENTAIS,3
50001019032P0,CIÊNCIAS AMBIENTAIS,UNIVERSIDADE FEDERAL DE MATO GROSSO,UFMT,Aca.,CIÊNCIAS AMBIENTAIS,3
12001015041P2,CIÊNCIA E TECNOLOGIA PARA RECURSOS AMAZÔNICOS,UNIVERSIDADE FEDERAL DO AMAZONAS,UFAM,Aca.,CIÊNCIAS AMBIENTAIS,3
50002015008P9,Biodiversidade e Agroecossistemas Amazônicos,UNIVERSIDADE DO ESTADO DE MATO GROSSO CARLOS ALBERTO REYES MALDONADO,UNEMAT,Aca.,CIÊNCIAS AMBIENTAIS,4
33054010005P3,Meio Ambiente e Desenvolvimento Regional,UNIVERSIDADE DO OESTE PAULISTA,UNOESTE,Aca.,CIÊNCIAS AMBIENTAIS,4
51002019006P9,Ciências Ambientais e Sustentabilidade Agropecuária,UNIVERSIDADE CATÓLICA DOM BOSCO,UCDB,Aca.,CIÊNCIAS AMBIENTAIS,5
15010015003P7,"Sociedade, Natureza e Desenvolvimento",UNIVERSIDADE FEDERAL DO OESTE DO PARÁ,UFOPA,Aca.,CIÊNCIAS AMBIENTAIS,4
15001016076P9,Ciências e Meio Ambiente,UNIVERSIDADE FEDERAL DO PARÁ,UFPA,Prof.,CIÊNCIAS AMBIENTAIS,4
33002010228P0,Sustentabilidade,UNIVERSIDADE DE SÃO PAULO,USP,Aca.,CIÊNCIAS AMBIENTAIS,4
31003010089P5,Engenharia de Biossistemas,UNIVERSIDADE FEDERAL FLUMINENSE,UFF,Aca.,CIÊNCIAS AMBIENTAIS,4
33004170001P6,Ciências Ambientais,UNIVERSIDADE ESTADUAL PAULISTA JÚLIO DE MESQUITA FILHO - CAMPUS SOROCABA,UNESP-SOROCABA,Aca.,CIÊNCIAS AMBIENTAIS,4
28048016001P7,DESENVOLVIMENTO REGIONAL E MEIO AMBIENTE,CENTRO UNIVERSITÁRIO MARIA MILZA,UNIMAM,Prof.,CIÊNCIAS AMBIENTAIS,3
25009010001P1,Gestão Ambiental,"INSTITUTO FEDERAL DE EDUCAÇÃO, CIÊNCIA E TECNOLOGIA DE PERNAMBUCO",IFPE,Prof.,CIÊNCIAS AMBIENTAIS,3
33002010229P7,"Ambiente, Saúde e Sustentabilidade",UNIVERSIDADE DE SÃO PAULO,USP,Prof.,CIÊNCIAS AMBIENTAIS,5
31030017004P2,Ciências do Meio Ambiente,UNIVERSIDADE VEIGA DE ALMEIDA,UVA,Prof.,CIÊNCIAS AMBIENTAIS,3
52012018005P7,RECURSOS NATURAIS DO CERRADO (RENAC),UNIVERSIDADE ESTADUAL DE GOIÁS,UEG,Aca.,CIÊNCIAS AMBIENTAIS,5
31003010091P0,Tecnologia Ambiental,UNIVERSIDADE FEDERAL FLUMINENSE,UFF,Aca.,CIÊNCIAS AMBIENTAIS,3
33001014047P0,Ciências Ambientais,UNIVERSIDADE FEDERAL DE SÃO CARLOS,UFSCAR,Aca.,CIÊNCIAS AMBIENTAIS,4
40015017023P0,Ciências Ambientais,UNIVERSIDADE ESTADUAL DO OESTE DO PARANÁ,UNIOESTE,Aca.,CIÊNCIAS AMBIENTAIS,3
15024016001P1,Uso Sustentável de Recursos Naturais em Regiões Tropicais,INSTITUTO TECNOLÓGICO VALE ? DESENVOLVIMENTO SUSTENTÁVEL,ITV-DS,Prof.,CIÊNCIAS AMBIENTAIS,4
40077012001P0,Governança e Sustentabilidade,FACULDADE ISAE BRASIL,ISAE,Prof.,CIÊNCIAS AMBIENTAIS,3
50008013003P5,Ciências Ambientais,UNIVERSIDADE DE CUIABÁ,UNIC,Aca.,CIÊNCIAS AMBIENTAIS,4
10001018017P9,Ciências Ambientais,UNIVERSIDADE FEDERAL DE RONDÔNIA,UNIR,Aca.,CIÊNCIAS AMBIENTAIS,3
40030016004P8,Tecnologias Limpas,UNIVERSIDADE CESUMAR,UNICESUMAR,Aca.,CIÊNCIAS AMBIENTAIS,4
13003011002P2,"Agroecologia, Ambiente, Sociedade e Amazônia (PPGAASA)",UNIVERSIDADE ESTADUAL DE RORAIMA,UERR,Aca.,CIÊNCIAS AMBIENTAIS,3
41020014004P9,Ciência e Tecnologia Ambiental,UNIVERSIDADE FEDERAL DA FRONTEIRA SUL,UFFS,Aca.,CIÊNCIAS AMBIENTAIS,4
40001016081P3,DESENVOLVIMENTO TERRITORIAL SUSTENTÁVEL,UNIVERSIDADE FEDERAL DO PARANÁ,UFPR,Aca.,CIÊNCIAS AMBIENTAIS,4
33001014050P0,Planejamento e uso de recursos renováveis,UNIVERSIDADE FEDERAL DE SÃO CARLOS,UFSCAR,Aca.,CIÊNCIAS AMBIENTAIS,4
32006012037P3,Qualidade Ambiental,UNIVERSIDADE FEDERAL DE UBERLÂNDIA,UFU,Aca.,CIÊNCIAS AMBIENTAIS,3
33144010018P7,Ciência e Tecnologia Ambiental,UNIVERSIDADE FEDERAL DO ABC,UFABC,Aca.,CIÊNCIAS AMBIENTAIS,4
33009015087P2,Análise Ambiental Integrada,UNIVERSIDADE FEDERAL DE SÃO PAULO,UNIFESP,Aca.,CIÊNCIAS AMBIENTAIS,4
32045018001P0,Sustentabilidade e Tecnologia Ambiental,"INSTITUTO FEDERAL DE EDUCAÇÃO, CIÊNCIA E TECNOLOGIA DE MINAS GERAIS",IFMG,Prof.,CIÊNCIAS AMBIENTAIS,3
52012018009P2,Ambiente e Sociedade,UNIVERSIDADE ESTADUAL DE GOIÁS,UEG,Aca.,CIÊNCIAS AMBIENTAIS,4
22033017001P7,Desenvolvimento Regional Sustentável,UNIVERSIDADE FEDERAL DO CARIRI,UFCA,Aca.,CIÊNCIAS AMBIENTAIS,4
28049012001P3,Ciências Ambientais,UNIVERSIDADE FEDERAL DO OESTE DA BAHIA,UFOB,Aca.,CIÊNCIAS AMBIENTAIS,3
24009016070P7,SISTEMAS AGROINDUSTRIAIS,UNIVERSIDADE FEDERAL DE CAMPINA GRANDE,UFCG,Aca.,CIÊNCIAS AMBIENTAIS,3
12001015064P2,CIÊNCIAS AMBIENTAIS,UNIVERSIDADE FEDERAL DO AMAZONAS,UFAM,Aca.,CIÊNCIAS AMBIENTAIS,3
41002016158P5,CIÊNCIAS AMBIENTAIS,FUNDAÇÃO UNIVERSIDADE DO ESTADO DE SANTA CATARINA,UDESC,Aca.,CIÊNCIAS AMBIENTAIS,4
23005017002P3,USO SUSTENTÁVEL DE RECURSOS NATURAIS,"INSTITUTO FEDERAL DE EDUCAÇÃO, CIÊNCIA E TECNOLOGIA DO RIO GRANDE DO NORTE",IFRN,Prof.,CIÊNCIAS AMBIENTAIS,3
15001016088P7,GESTÃO DE RISCOS E DESASTRES NATURAIS NA AMAZÔNIA,UNIVERSIDADE FEDERAL DO PARÁ,UFPA,Prof.,CIÊNCIAS AMBIENTAIS,3
31088015002P0,CIÊNCIA E TECNOLOGIA AMBIENTAL,UNIVERSIDADE DO ESTADO DO RIO DE JANEIRO - CAMPUS ZONA OESTE,UERJ-ZONA OESTE,Prof.,CIÊNCIAS AMBIENTAIS,3
53001010108P9,CIÊNCIAS AMBIENTAIS,UNIVERSIDADE DE BRASÍLIA,UNB,Aca.,CIÊNCIAS AMBIENTAIS,4
41001010157P6,DESASTRES NATURAIS,UNIVERSIDADE FEDERAL DE SANTA CATARINA,UFSC,Prof.,CIÊNCIAS AMBIENTAIS,3
26006014002P8,ANÁLISE DE SISTEMAS AMBIENTAIS,CENTRO UNIVERSITÁRIO CESMAC,CESMAC,Prof.,CIÊNCIAS AMBIENTAIS,4
33004013069P2,GESTÃO E REGULAÇÃO DE RECURSOS HÍDRICOS - PROFÁGUA,UNIVERSIDADE ESTADUAL PAULISTA JÚLIO DE MESQUITA FILHO - CAMPUS ILHA SOLTEIRA,UNESP-ILHA SOLTEIRA,Prof.,CIÊNCIAS AMBIENTAIS,4
31021018156P1,ECOTURISMO E CONSERVAÇÃO,UNIVERSIDADE FEDERAL DO ESTADO DO RIO DE JANEIRO,UNIRIO,Prof.,CIÊNCIAS AMBIENTAIS,4
42009014015P7,CIÊNCIAS AMBIENTAIS,UNIVERSIDADE DE PASSO FUNDO,UPF,Aca.,CIÊNCIAS AMBIENTAIS,3
41020014009P0,AMBIENTE E TECNOLOGIAS SUSTENTÁVEIS,UNIVERSIDADE FEDERAL DA FRONTEIRA SUL,UFFS,Aca.,CIÊNCIAS AMBIENTAIS,3
52010015105P9,CONSERVAÇÃO DE RECURSOS NATURAIS DO CERRADO,"INSTITUTO FEDERAL DE EDUCAÇÃO, CIÊNCIA E TECNOLOGIA GOIANO",IF GOIANO,Prof.,CIÊNCIAS AMBIENTAIS,4
32012012171P8,CIÊNCIA E TECNOLOGIA AMBIENTAL,UNIVERSIDADE FEDERAL DO TRIÂNGULO MINEIRO,UFTM,Aca.,CIÊNCIAS AMBIENTAIS,4
51001012171P3,RECURSOS NATURAIS,UNIVERSIDADE FEDERAL DE MATO GROSSO DO SUL,UFMS,Aca.,CIÊNCIAS AMBIENTAIS,4
21014000039P9,MEIO AMBIENTE,UNIVERSIDADE CEUMA,UNICEUMA,Aca.,CIÊNCIAS AMBIENTAIS,4
41008014005P2,CIÊNCIAS AMBIENTAIS,UNIVERSIDADE DO SUL DE SANTA CATARINA,UNISUL,Aca.,CIÊNCIAS AMBIENTAIS,4
26002019001P6,TECNOLOGIAS AMBIENTAIS,"INSTITUTO FEDERAL DE EDUCAÇÃO, CIÊNCIA E TECNOLOGIA DE ALAGOAS",IFAL,Prof.,CIÊNCIAS AMBIENTAIS,3
32021011004P0,Meio Ambiente e saúde,CENTRO UNIVERSITÁRIO UNINCOR,UNINCOR,Prof.,CIÊNCIAS AMBIENTAIS,3
42003016056P7,CIÊNCIAS AMBIENTAIS,UNIVERSIDADE FEDERAL DE PELOTAS,UFPEL,Aca.,CIÊNCIAS AMBIENTAIS,4
25004018072P0,Ciência e Tecnologia Ambiental,UNIVERSIDADE DE PERNAMBUCO,UPE,Aca.,CIÊNCIAS AMBIENTAIS,4
29007003003P3,CIÊNCIAS E TECNOLOGIAS AMBIENTAIS,UNIVERSIDADE FEDERAL DO SUL DA BAHIA,UFSB,Aca.,CIÊNCIAS AMBIENTAIS,3
50001019172P7,GESTÃO E TECNOLOGIA AMBIENTAL,UNIVERSIDADE FEDERAL DE MATO GROSSO,UFMT,Aca.,CIÊNCIAS AMBIENTAIS,3
14001012158P2,CIÊNCIAS AMBIENTAIS,UNIVERSIDADE FEDERAL DO AMAPÁ,UNIFAP,Aca.,CIÊNCIAS AMBIENTAIS,3
42004012159P7,AMBIENTOMETRIA,UNIVERSIDADE FEDERAL DO RIO GRANDE,FURG,Aca.,CIÊNCIAS AMBIENTAIS,3
41012011002P7,TECNOLOGIA E AMBIENTE,"INSTITUTO FEDERAL DE EDUCAÇÃO, CIÊNCIA E TECNOLOGIA CATARINENSE",IFCATARINENSE,Prof.,CIÊNCIAS AMBIENTAIS,3
42024013005P3,SISTEMAS AMBIENTAIS E SUSTENTABILIDADE,UNIVERSIDADE REGIONAL DO NOROESTE DO ESTADO DO RIO GRANDE DO SUL,UNIJUÍ,Aca.,CIÊNCIAS AMBIENTAIS,3
15001016161P6,OCEANOGRAFIA ,UNIVERSIDADE FEDERAL DO PARÁ,UFPA,Aca.,CIÊNCIAS AMBIENTAIS,3
25003011072P4,CIÊNCIAS AMBIENTAIS,UNIVERSIDADE FEDERAL RURAL DE PERNAMBUCO,UFRPE,Aca.,CIÊNCIAS AMBIENTAIS,4
40006018178P9,RECURSOS NATURAIS E SUSTENTABILIDADE,UNIVERSIDADE TECNOLÓGICA FEDERAL DO PARANÁ,UTFPR,Aca.,CIÊNCIAS AMBIENTAIS,3
32025017004P5,CIÊNCIAS AMBIENTAIS,UNIVERSIDADE DO ESTADO DE MINAS GERAIS,UEMG,Aca.,CIÊNCIAS AMBIENTAIS,3
31001017176P9,"AMBIENTE, SOCIEDADE E DESENVOLVIMENTO",UNIVERSIDADE FEDERAL DO RIO DE JANEIRO,UFRJ,Prof.,CIÊNCIAS AMBIENTAIS,3
42002010164P1,CIÊNCIA E TECNOLOGIA AMBIENTAL,UNIVERSIDADE FEDERAL DE SANTA MARIA,UFSM,Aca.,CIÊNCIAS AMBIENTAIS,3
31005012158P6,CIÊNCIAS DA CONSERVAÇÃO E SUSTENTABILIDADE,PONTIFÍCIA UNIVERSIDADE CATÓLICA DO RIO DE JANEIRO,PUC-RIO,Prof.,CIÊNCIAS AMBIENTAIS,3
11001011074P5,CIÊNCIAS AMBIENTAIS,UNIVERSIDADE FEDERAL DO ACRE,UFAC,Aca.,CIÊNCIAS AMBIENTAIS,3
29002001002P5,CIÊNCIAS AMBIENTAIS,"INSTITUTO FEDERAL DE EDUCAÇÃO, CIÊNCIA E TECNOLOGIA BAIANO",IFBAIANO,Prof.,CIÊNCIAS AMBIENTAIS,3
33004145083P2,DESASTRES NATURAIS,UNIVERSIDADE ESTADUAL PAULISTA JÚLIO DE MESQUITA FILHO - CAMPUS SÃO JOSÉ DOS CAMPOS,UNESP-SÃO JOSÉ DOS CAMPOS,Aca.,CIÊNCIAS AMBIENTAIS,4
20001010051P0,CIÊNCIAS AMBIENTAIS,UNIVERSIDADE FEDERAL DO MARANHÃO,UFMA,Aca.,CIÊNCIAS AMBIENTAIS,3
40006018181P0,SUSTENTABILIDADE AMBIENTAL URBANA,UNIVERSIDADE TECNOLÓGICA FEDERAL DO PARANÁ,UTFPR,Aca.,CIÊNCIAS AMBIENTAIS,4
31040012005P0,MODELAGEM E TECNOLOGIA PARA MEIO AMBIENTE APLICADAS EM RECURSOS HÍDRICOS - AMBHIDRO,"INSTITUTO FEDERAL DE EDUCAÇÃO, CIÊNCIA E TECNOLOGIA FLUMINENSE",IF FLUMINENSE,Prof.,CIÊNCIAS AMBIENTAIS,4
29007003005P6,BIOSSISTEMAS,UNIVERSIDADE FEDERAL DO SUL DA BAHIA,UFSB,Aca.,CIÊNCIAS AMBIENTAIS,1
20001010055P6,DESENVOLVIMENTO E MEIO AMBIENTE,UNIVERSIDADE FEDERAL DO MARANHÃO,UFMA,Aca.,CIÊNCIAS AMBIENTAIS,3
24001015041P6,CIÊNCIAS DA NUTRIÇÃO,UNIVERSIDADE FEDERAL DA PARAÍBA - CAMPUS JOÃO PESSOA,UFPB-JOÃO PESSOA,Aca.,NUTRIÇÃO,5
25001019028P2,NUTRIÇÃO,UNIVERSIDADE FEDERAL DE PERNAMBUCO,UFPE,Aca.,NUTRIÇÃO,5
31001017084P7,NUTRIÇÃO,UNIVERSIDADE FEDERAL DO RIO DE JANEIRO,UFRJ,Aca.,NUTRIÇÃO,6
32002017024P3,CIÊNCIA DA NUTRIÇÃO,UNIVERSIDADE FEDERAL DE VIÇOSA,UFV,Aca.,NUTRIÇÃO,7
33002010163P6,NUTRIÇÃO HUMANA APLICADA,UNIVERSIDADE DE SÃO PAULO,USP,Aca.,NUTRIÇÃO,1
33009015041P2,NUTRIÇÃO,UNIVERSIDADE FEDERAL DE SÃO PAULO,UNIFESP,Aca.,NUTRIÇÃO,6
41001010049P9,NUTRIÇÃO,UNIVERSIDADE FEDERAL DE SANTA CATARINA,UFSC,Aca.,NUTRIÇÃO,4
53001010049P2,NUTRIÇÃO HUMANA,UNIVERSIDADE DE BRASÍLIA,UNB,Aca.,NUTRIÇÃO,5
28001010047P9,"ALIMENTOS, NUTRIÇÃO E SAÚDE",UNIVERSIDADE FEDERAL DA BAHIA,UFBA,Aca.,NUTRIÇÃO,4
26001012020P4,NUTRIÇÃO,UNIVERSIDADE FEDERAL DE ALAGOAS,UFAL,Aca.,NUTRIÇÃO,4
31004016052P7,"ALIMENTAÇÃO, NUTRIÇÃO E SAÚDE",UNIVERSIDADE DO ESTADO DO RIO DE JANEIRO,UERJ,Aca.,NUTRIÇÃO,4
50001019019P4,"Nutrição, alimentos e metabolismo",UNIVERSIDADE FEDERAL DE MATO GROSSO,UFMT,Aca.,NUTRIÇÃO,4
52001016044P4,Nutrição e Saúde,UNIVERSIDADE FEDERAL DE GOIÁS,UFG,Aca.,NUTRIÇÃO,4
32007019022P2,Saúde e Nutrição,UNIVERSIDADE FEDERAL DE OURO PRETO,UFOP,Aca.,NUTRIÇÃO,4
42003016035P0,NUTRIÇÃO E ALIMENTOS,UNIVERSIDADE FEDERAL DE PELOTAS,UFPEL,Aca.,NUTRIÇÃO,4
22003010022P9,Nutrição e Saúde,UNIVERSIDADE ESTADUAL DO CEARÁ,UECE,Aca.,NUTRIÇÃO,4
40001016074P7,Alimentação e Nutrição,UNIVERSIDADE FEDERAL DO PARANÁ,UFPR,Aca.,NUTRIÇÃO,4
33003025002P4,CIÊNCIAS DA NUTRIÇÃO E DO ESPORTE E METABOLISMO,UNIVERSIDADE ESTADUAL DE CAMPINAS - CAMPUS LIMEIRA,UNICAMP-LIMEIRA,Aca.,NUTRIÇÃO,5
42007011026P6,"Alimentos, Nutrição e Saúde.",UNIVERSIDADE DO VALE DO RIO DOS SINOS,UNISINOS,Prof.,NUTRIÇÃO,3
33028010005P7,NUTRIÇÃO DO NASCIMENTO À ADOLESCÊNCIA,CENTRO UNIVERSITÁRIO SÃO CAMILO,SÃO CAMILO,Prof.,NUTRIÇÃO,3
31001017151P6,Nutrição Clínica,UNIVERSIDADE FEDERAL DO RIO DE JANEIRO,UFRJ,Prof.,NUTRIÇÃO,3
25001019093P9,"Nutrição, Atividade Física e Plasticidade Fenotípica",UNIVERSIDADE FEDERAL DE PERNAMBUCO,UFPE,Aca.,NUTRIÇÃO,4
32001010099P7,Nutrição e Saúde,UNIVERSIDADE FEDERAL DE MINAS GERAIS,UFMG,Aca.,NUTRIÇÃO,4
23001011075P5,Nutrição,UNIVERSIDADE FEDERAL DO RIO GRANDE DO NORTE,UFRN,Aca.,NUTRIÇÃO,4
30001013103P9,NUTRIÇÃO E SAÚDE,UNIVERSIDADE FEDERAL DO ESPÍRITO SANTO,UFES,Aca.,NUTRIÇÃO,4
27001016172P1,CIÊNCIAS DA NUTRIÇÃO,UNIVERSIDADE FEDERAL DE SERGIPE,UFS,Aca.,NUTRIÇÃO,3
33002029054P8,NUTRIÇÃO E METABOLISMO,UNIVERSIDADE DE SÃO PAULO - CAMPUS RIBEIRÃO PRETO,USP-RIBEIRÃO PRETO,Aca.,NUTRIÇÃO,4
32004010040P5,NUTRIÇÃO E SAÚDE,UNIVERSIDADE FEDERAL DE LAVRAS,UFLA,Aca.,NUTRIÇÃO,3
42015014014P7,CIÊNCIAS DA NUTRIÇÃO,UNIVERSIDADE FEDERAL DE CIÊNCIAS DA SAÚDE DE PORTO ALEGRE,UFCSPA,Aca.,NUTRIÇÃO,3
42001013172P4,"ALIMENTAÇÃO, NUTRIÇÃO E SAÚDE",UNIVERSIDADE FEDERAL DO RIO GRANDE DO SUL,UFRGS,Aca.,NUTRIÇÃO,3
31003010171P3,CIÊNCIAS DA NUTRIÇÃO,UNIVERSIDADE FEDERAL FLUMINENSE,UFF,Aca.,NUTRIÇÃO,3
51005018173P1,"ALIMENTOS, NUTRIÇÃO E SAÚDE",UNIVERSIDADE FEDERAL DA GRANDE DOURADOS,UFGD,Aca.,NUTRIÇÃO,3
31021018158P4,SEGURANÇA ALIMENTAR E NUTRICIONAL,UNIVERSIDADE FEDERAL DO ESTADO DO RIO DE JANEIRO,UNIRIO,Prof.,NUTRIÇÃO,3
32010010047P6,CIÊNCIAS DA NUTRIÇÃO,UNIVERSIDADE FEDERAL DOS VALES DO JEQUITINHONHA E MUCURI,UFVJM,Aca.,NUTRIÇÃO,3
32011016046P2,NUTRIÇÃO E LONGEVIDADE,UNIVERSIDADE FEDERAL DE ALFENAS,UNIFAL-MG,Aca.,NUTRIÇÃO,3
33004129069P9,EDUCAÇÃO INCLUSIVA,UNIVERSIDADE ESTADUAL PAULISTA JÚLIO DE MESQUITA FILHO - CAMPUS PRESIDENTE PRUDENTE,UNESP-PRESIDENTE PRUDENTE,Prof.,CIÊNCIAS E HUMANIDADES PARA A EDUCAÇÃO BÁSICA,3